-- MariaDB dump 10.17  Distrib 10.4.10-MariaDB, for debian-linux-gnu (x86_64)
--
-- Host: localhost    Database: hyundai_crm
-- ------------------------------------------------------
-- Server version	10.4.10-MariaDB-1:10.4.10+maria~bionic

/*!40101 SET @OLD_CHARACTER_SET_CLIENT=@@CHARACTER_SET_CLIENT */;
/*!40101 SET @OLD_CHARACTER_SET_RESULTS=@@CHARACTER_SET_RESULTS */;
/*!40101 SET @OLD_COLLATION_CONNECTION=@@COLLATION_CONNECTION */;
/*!40101 SET NAMES utf8mb4 */;
/*!40103 SET @OLD_TIME_ZONE=@@TIME_ZONE */;
/*!40103 SET TIME_ZONE='+00:00' */;
/*!40014 SET @OLD_UNIQUE_CHECKS=@@UNIQUE_CHECKS, UNIQUE_CHECKS=0 */;
/*!40014 SET @OLD_FOREIGN_KEY_CHECKS=@@FOREIGN_KEY_CHECKS, FOREIGN_KEY_CHECKS=0 */;
/*!40101 SET @OLD_SQL_MODE=@@SQL_MODE, SQL_MODE='NO_AUTO_VALUE_ON_ZERO' */;
/*!40111 SET @OLD_SQL_NOTES=@@SQL_NOTES, SQL_NOTES=0 */;

CREATE DATABASE IF NOT EXISTS `hyundai_crm` DEFAULT CHARACTER SET utf8 COLLATE utf8_unicode_ci;
USE `hyundai_crm`;

--
-- Table structure for table `b_admin_notify`
--

DROP TABLE IF EXISTS `b_admin_notify`;
/*!40101 SET @saved_cs_client     = @@character_set_client */;
/*!40101 SET character_set_client = utf8 */;
CREATE TABLE `b_admin_notify` (
  `ID` int(18) NOT NULL AUTO_INCREMENT,
  `MODULE_ID` varchar(50) COLLATE utf8_unicode_ci DEFAULT NULL,
  `TAG` varchar(255) COLLATE utf8_unicode_ci DEFAULT NULL,
  `MESSAGE` text COLLATE utf8_unicode_ci DEFAULT NULL,
  `ENABLE_CLOSE` char(1) COLLATE utf8_unicode_ci DEFAULT 'Y',
  `PUBLIC_SECTION` char(1) COLLATE utf8_unicode_ci NOT NULL DEFAULT 'N',
  `NOTIFY_TYPE` char(1) COLLATE utf8_unicode_ci NOT NULL DEFAULT 'M',
  PRIMARY KEY (`ID`),
  KEY `IX_AD_TAG` (`TAG`)
) ENGINE=InnoDB AUTO_INCREMENT=21 DEFAULT CHARSET=utf8 COLLATE=utf8_unicode_ci;
/*!40101 SET character_set_client = @saved_cs_client */;

--
-- Dumping data for table `b_admin_notify`
--

LOCK TABLES `b_admin_notify` WRITE;
/*!40000 ALTER TABLE `b_admin_notify` DISABLE KEYS */;
INSERT INTO `b_admin_notify` VALUES (20,'MAIN','SITE_CHECKER','Обнаружены ошибки в работе сайта. <a href=\"/bitrix/admin/site_checker.php?lang=ru&start_test=Y\">Проверить и исправить.</a>','Y','N','M');
/*!40000 ALTER TABLE `b_admin_notify` ENABLE KEYS */;
UNLOCK TABLES;

--
-- Table structure for table `b_admin_notify_lang`
--

DROP TABLE IF EXISTS `b_admin_notify_lang`;
/*!40101 SET @saved_cs_client     = @@character_set_client */;
/*!40101 SET character_set_client = utf8 */;
CREATE TABLE `b_admin_notify_lang` (
  `ID` int(18) NOT NULL AUTO_INCREMENT,
  `NOTIFY_ID` int(18) NOT NULL,
  `LID` char(2) COLLATE utf8_unicode_ci NOT NULL,
  `MESSAGE` text COLLATE utf8_unicode_ci DEFAULT NULL,
  PRIMARY KEY (`ID`),
  UNIQUE KEY `IX_ADM_NTFY_LANG` (`NOTIFY_ID`,`LID`),
  KEY `IX_ADM_NTFY_LID` (`LID`)
) ENGINE=InnoDB DEFAULT CHARSET=utf8 COLLATE=utf8_unicode_ci;
/*!40101 SET character_set_client = @saved_cs_client */;

--
-- Dumping data for table `b_admin_notify_lang`
--

LOCK TABLES `b_admin_notify_lang` WRITE;
/*!40000 ALTER TABLE `b_admin_notify_lang` DISABLE KEYS */;
/*!40000 ALTER TABLE `b_admin_notify_lang` ENABLE KEYS */;
UNLOCK TABLES;

--
-- Table structure for table `b_agent`
--

DROP TABLE IF EXISTS `b_agent`;
/*!40101 SET @saved_cs_client     = @@character_set_client */;
/*!40101 SET character_set_client = utf8 */;
CREATE TABLE `b_agent` (
  `ID` int(18) NOT NULL AUTO_INCREMENT,
  `MODULE_ID` varchar(50) COLLATE utf8_unicode_ci DEFAULT NULL,
  `SORT` int(18) NOT NULL DEFAULT 100,
  `NAME` text COLLATE utf8_unicode_ci DEFAULT NULL,
  `ACTIVE` char(1) COLLATE utf8_unicode_ci NOT NULL DEFAULT 'Y',
  `LAST_EXEC` datetime DEFAULT NULL,
  `NEXT_EXEC` datetime NOT NULL,
  `DATE_CHECK` datetime DEFAULT NULL,
  `AGENT_INTERVAL` int(18) DEFAULT 86400,
  `IS_PERIOD` char(1) COLLATE utf8_unicode_ci DEFAULT 'Y',
  `USER_ID` int(18) DEFAULT NULL,
  `RUNNING` char(1) COLLATE utf8_unicode_ci NOT NULL DEFAULT 'N',
  PRIMARY KEY (`ID`),
  KEY `ix_act_next_exec` (`ACTIVE`,`NEXT_EXEC`),
  KEY `ix_agent_user_id` (`USER_ID`),
  KEY `ix_agent_name` (`NAME`(100))
) ENGINE=InnoDB AUTO_INCREMENT=46 DEFAULT CHARSET=utf8 COLLATE=utf8_unicode_ci;
/*!40101 SET character_set_client = @saved_cs_client */;

--
-- Dumping data for table `b_agent`
--

LOCK TABLES `b_agent` WRITE;
/*!40000 ALTER TABLE `b_agent` DISABLE KEYS */;
INSERT INTO `b_agent` VALUES (1,'main',100,'CEvent::CleanUpAgent();','Y','2020-01-10 10:53:53','2020-01-11 10:53:53',NULL,86400,'N',NULL,'N'),(2,'main',100,'CUser::CleanUpHitAuthAgent();','Y','2020-01-10 10:53:53','2020-01-11 10:53:53',NULL,86400,'N',NULL,'N'),(3,'main',100,'CCaptchaAgent::DeleteOldCaptcha(3600);','Y','2020-01-10 10:53:53','2020-01-10 11:53:53',NULL,3600,'N',NULL,'N'),(4,'main',100,'CUndo::CleanUpOld();','Y','2020-01-10 10:53:53','2020-01-11 10:53:53',NULL,86400,'N',NULL,'N'),(5,'main',100,'CUser::AuthActionsCleanUpAgent();','Y','2020-01-10 10:53:53','2020-01-11 10:53:53',NULL,86400,'N',NULL,'N'),(6,'main',100,'CSiteCheckerTest::CommonTest();','Y','2020-01-10 10:53:53','2020-01-11 10:53:53',NULL,86400,'N',NULL,'N'),(7,'main',100,'\\Bitrix\\Main\\Analytics\\CounterDataTable::submitData();','Y','2020-01-10 11:51:59','2020-01-10 11:52:59',NULL,60,'N',NULL,'N'),(8,'main',100,'CUserCounter::DeleteOld();','Y','2020-01-10 10:53:53','2020-01-11 10:53:53',NULL,86400,'N',NULL,'N'),(9,'main',100,'\\Bitrix\\Main\\UI\\Viewer\\FilePreviewTable::deleteOldAgent(22, 20);','Y','2020-01-10 10:53:53','2020-01-11 10:53:53',NULL,86400,'N',NULL,'N'),(10,'landing',100,'Bitrix\\Landing\\Agent::clearRecycle();','Y','2020-01-10 10:53:53','2020-01-10 12:53:53',NULL,7200,'N',NULL,'N'),(11,'landing',100,'Bitrix\\Landing\\Agent::clearFiles(30);','Y','2020-01-10 10:53:53','2020-01-10 11:53:53',NULL,3600,'N',NULL,'N'),(12,'messageservice',100,'\\Bitrix\\MessageService\\Queue::cleanUpAgent();','Y','2020-01-10 11:17:34','2020-01-11 00:00:00',NULL,86400,'Y',NULL,'N'),(13,'rest',100,'Bitrix\\Rest\\Marketplace\\Client::getNumUpdates();','Y','2020-01-10 10:53:53','2020-01-11 10:53:53',NULL,86400,'N',NULL,'N'),(14,'rest',100,'\\Bitrix\\Rest\\EventOfflineTable::cleanProcessAgent();','Y','2020-01-10 10:53:53','2020-01-11 10:53:53',NULL,86400,'N',NULL,'N'),(15,'search',10,'CSearchSuggest::CleanUpAgent();','Y','2020-01-10 10:53:53','2020-01-11 10:53:53',NULL,86400,'N',NULL,'N'),(16,'search',10,'CSearchStatistic::CleanUpAgent();','Y','2020-01-10 10:53:53','2020-01-11 10:53:53',NULL,86400,'N',NULL,'N'),(17,'seo',100,'Bitrix\\Seo\\Engine\\YandexDirect::updateAgent();','Y','2020-01-10 10:53:53','2020-01-10 11:53:53',NULL,3600,'N',NULL,'N'),(18,'seo',100,'Bitrix\\Seo\\Adv\\LogTable::clean();','Y','2020-01-10 10:53:53','2020-01-11 10:53:53',NULL,86400,'N',NULL,'N'),(19,'seo',100,'Bitrix\\Seo\\Adv\\Auto::checkQuantityAgent();','Y','2020-01-10 10:53:53','2020-01-10 11:53:53',NULL,3600,'N',NULL,'N'),(23,'main',100,'CEventLog::CleanUpAgent();','Y','2020-01-10 10:53:53','2020-01-11 10:53:53',NULL,86400,'N',NULL,'N');
/*!40000 ALTER TABLE `b_agent` ENABLE KEYS */;
UNLOCK TABLES;

--
-- Table structure for table `b_app_password`
--

DROP TABLE IF EXISTS `b_app_password`;
/*!40101 SET @saved_cs_client     = @@character_set_client */;
/*!40101 SET character_set_client = utf8 */;
CREATE TABLE `b_app_password` (
  `ID` int(11) NOT NULL AUTO_INCREMENT,
  `USER_ID` int(11) NOT NULL,
  `APPLICATION_ID` varchar(255) COLLATE utf8_unicode_ci NOT NULL,
  `PASSWORD` varchar(255) COLLATE utf8_unicode_ci NOT NULL,
  `DIGEST_PASSWORD` varchar(255) COLLATE utf8_unicode_ci NOT NULL,
  `DATE_CREATE` datetime DEFAULT NULL,
  `DATE_LOGIN` datetime DEFAULT NULL,
  `LAST_IP` varchar(255) COLLATE utf8_unicode_ci DEFAULT NULL,
  `COMMENT` varchar(255) COLLATE utf8_unicode_ci DEFAULT NULL,
  `SYSCOMMENT` varchar(255) COLLATE utf8_unicode_ci DEFAULT NULL,
  `CODE` varchar(255) COLLATE utf8_unicode_ci DEFAULT NULL,
  PRIMARY KEY (`ID`),
  KEY `ix_app_password_user` (`USER_ID`)
) ENGINE=InnoDB DEFAULT CHARSET=utf8 COLLATE=utf8_unicode_ci;
/*!40101 SET character_set_client = @saved_cs_client */;

--
-- Dumping data for table `b_app_password`
--

LOCK TABLES `b_app_password` WRITE;
/*!40000 ALTER TABLE `b_app_password` DISABLE KEYS */;
/*!40000 ALTER TABLE `b_app_password` ENABLE KEYS */;
UNLOCK TABLES;

--
-- Table structure for table `b_b24connector_buttons`
--

DROP TABLE IF EXISTS `b_b24connector_buttons`;
/*!40101 SET @saved_cs_client     = @@character_set_client */;
/*!40101 SET character_set_client = utf8 */;
CREATE TABLE `b_b24connector_buttons` (
  `ID` int(11) NOT NULL,
  `APP_ID` int(11) NOT NULL,
  `ADD_DATE` datetime NOT NULL,
  `ADD_BY` int(11) NOT NULL,
  `NAME` varchar(255) COLLATE utf8_unicode_ci DEFAULT NULL,
  `SCRIPT` text COLLATE utf8_unicode_ci DEFAULT NULL,
  PRIMARY KEY (`ID`)
) ENGINE=InnoDB DEFAULT CHARSET=utf8 COLLATE=utf8_unicode_ci;
/*!40101 SET character_set_client = @saved_cs_client */;

--
-- Dumping data for table `b_b24connector_buttons`
--

LOCK TABLES `b_b24connector_buttons` WRITE;
/*!40000 ALTER TABLE `b_b24connector_buttons` DISABLE KEYS */;
/*!40000 ALTER TABLE `b_b24connector_buttons` ENABLE KEYS */;
UNLOCK TABLES;

--
-- Table structure for table `b_bitrixcloud_option`
--

DROP TABLE IF EXISTS `b_bitrixcloud_option`;
/*!40101 SET @saved_cs_client     = @@character_set_client */;
/*!40101 SET character_set_client = utf8 */;
CREATE TABLE `b_bitrixcloud_option` (
  `ID` int(11) NOT NULL AUTO_INCREMENT,
  `NAME` varchar(50) COLLATE utf8_unicode_ci NOT NULL,
  `SORT` int(11) NOT NULL,
  `PARAM_KEY` varchar(50) COLLATE utf8_unicode_ci DEFAULT NULL,
  `PARAM_VALUE` varchar(200) COLLATE utf8_unicode_ci DEFAULT NULL,
  PRIMARY KEY (`ID`),
  KEY `ix_b_bitrixcloud_option_1` (`NAME`)
) ENGINE=InnoDB AUTO_INCREMENT=5 DEFAULT CHARSET=utf8 COLLATE=utf8_unicode_ci;
/*!40101 SET character_set_client = @saved_cs_client */;

--
-- Dumping data for table `b_bitrixcloud_option`
--

LOCK TABLES `b_bitrixcloud_option` WRITE;
/*!40000 ALTER TABLE `b_bitrixcloud_option` DISABLE KEYS */;
INSERT INTO `b_bitrixcloud_option` VALUES (1,'backup_quota',0,'0','0'),(2,'backup_total_size',0,'0','0'),(3,'backup_last_backup_time',0,'0','1551284419'),(4,'monitoring_expire_time',0,'0','1578656712');
/*!40000 ALTER TABLE `b_bitrixcloud_option` ENABLE KEYS */;
UNLOCK TABLES;

--
-- Table structure for table `b_cache_tag`
--

DROP TABLE IF EXISTS `b_cache_tag`;
/*!40101 SET @saved_cs_client     = @@character_set_client */;
/*!40101 SET character_set_client = utf8 */;
CREATE TABLE `b_cache_tag` (
  `SITE_ID` char(2) COLLATE utf8_unicode_ci DEFAULT NULL,
  `CACHE_SALT` char(4) COLLATE utf8_unicode_ci DEFAULT NULL,
  `RELATIVE_PATH` varchar(255) COLLATE utf8_unicode_ci DEFAULT NULL,
  `TAG` varchar(100) COLLATE utf8_unicode_ci DEFAULT NULL,
  KEY `ix_b_cache_tag_0` (`SITE_ID`,`CACHE_SALT`,`RELATIVE_PATH`(50)),
  KEY `ix_b_cache_tag_1` (`TAG`)
) ENGINE=InnoDB DEFAULT CHARSET=utf8 COLLATE=utf8_unicode_ci;
/*!40101 SET character_set_client = @saved_cs_client */;

--
-- Dumping data for table `b_cache_tag`
--

LOCK TABLES `b_cache_tag` WRITE;
/*!40000 ALTER TABLE `b_cache_tag` DISABLE KEYS */;
INSERT INTO `b_cache_tag` VALUES (NULL,NULL,'0:1578654993','**');
/*!40000 ALTER TABLE `b_cache_tag` ENABLE KEYS */;
UNLOCK TABLES;

--
-- Table structure for table `b_captcha`
--

DROP TABLE IF EXISTS `b_captcha`;
/*!40101 SET @saved_cs_client     = @@character_set_client */;
/*!40101 SET character_set_client = utf8 */;
CREATE TABLE `b_captcha` (
  `ID` varchar(32) COLLATE utf8_unicode_ci NOT NULL,
  `CODE` varchar(20) COLLATE utf8_unicode_ci NOT NULL,
  `IP` varchar(15) COLLATE utf8_unicode_ci NOT NULL,
  `DATE_CREATE` datetime NOT NULL,
  UNIQUE KEY `UX_B_CAPTCHA` (`ID`)
) ENGINE=InnoDB DEFAULT CHARSET=utf8 COLLATE=utf8_unicode_ci;
/*!40101 SET character_set_client = @saved_cs_client */;

--
-- Dumping data for table `b_captcha`
--

LOCK TABLES `b_captcha` WRITE;
/*!40000 ALTER TABLE `b_captcha` DISABLE KEYS */;
/*!40000 ALTER TABLE `b_captcha` ENABLE KEYS */;
UNLOCK TABLES;

--
-- Table structure for table `b_checklist`
--

DROP TABLE IF EXISTS `b_checklist`;
/*!40101 SET @saved_cs_client     = @@character_set_client */;
/*!40101 SET character_set_client = utf8 */;
CREATE TABLE `b_checklist` (
  `ID` int(11) NOT NULL AUTO_INCREMENT,
  `DATE_CREATE` varchar(255) COLLATE utf8_unicode_ci DEFAULT NULL,
  `TESTER` varchar(255) COLLATE utf8_unicode_ci DEFAULT NULL,
  `COMPANY_NAME` varchar(255) COLLATE utf8_unicode_ci DEFAULT NULL,
  `PICTURE` int(11) DEFAULT NULL,
  `TOTAL` int(11) DEFAULT NULL,
  `SUCCESS` int(11) DEFAULT NULL,
  `FAILED` int(11) DEFAULT NULL,
  `PENDING` int(11) DEFAULT NULL,
  `SKIP` int(11) DEFAULT NULL,
  `STATE` longtext COLLATE utf8_unicode_ci DEFAULT NULL,
  `REPORT_COMMENT` text COLLATE utf8_unicode_ci DEFAULT NULL,
  `REPORT` char(1) COLLATE utf8_unicode_ci DEFAULT 'Y',
  `EMAIL` varchar(50) COLLATE utf8_unicode_ci DEFAULT NULL,
  `PHONE` varchar(50) COLLATE utf8_unicode_ci DEFAULT NULL,
  `SENDED_TO_BITRIX` char(1) COLLATE utf8_unicode_ci DEFAULT 'N',
  `HIDDEN` char(1) COLLATE utf8_unicode_ci DEFAULT 'N',
  PRIMARY KEY (`ID`)
) ENGINE=InnoDB DEFAULT CHARSET=utf8 COLLATE=utf8_unicode_ci;
/*!40101 SET character_set_client = @saved_cs_client */;

--
-- Dumping data for table `b_checklist`
--

LOCK TABLES `b_checklist` WRITE;
/*!40000 ALTER TABLE `b_checklist` DISABLE KEYS */;
/*!40000 ALTER TABLE `b_checklist` ENABLE KEYS */;
UNLOCK TABLES;

--
-- Table structure for table `b_clouds_file_bucket`
--

DROP TABLE IF EXISTS `b_clouds_file_bucket`;
/*!40101 SET @saved_cs_client     = @@character_set_client */;
/*!40101 SET character_set_client = utf8 */;
CREATE TABLE `b_clouds_file_bucket` (
  `ID` int(11) NOT NULL AUTO_INCREMENT,
  `ACTIVE` char(1) COLLATE utf8_unicode_ci DEFAULT 'Y',
  `SORT` int(11) DEFAULT 500,
  `READ_ONLY` char(1) COLLATE utf8_unicode_ci DEFAULT 'N',
  `SERVICE_ID` varchar(50) COLLATE utf8_unicode_ci DEFAULT NULL,
  `BUCKET` varchar(63) COLLATE utf8_unicode_ci DEFAULT NULL,
  `LOCATION` varchar(50) COLLATE utf8_unicode_ci DEFAULT NULL,
  `CNAME` varchar(100) COLLATE utf8_unicode_ci DEFAULT NULL,
  `FILE_COUNT` int(11) DEFAULT 0,
  `FILE_SIZE` float DEFAULT 0,
  `LAST_FILE_ID` int(11) DEFAULT NULL,
  `PREFIX` varchar(100) COLLATE utf8_unicode_ci DEFAULT NULL,
  `SETTINGS` text COLLATE utf8_unicode_ci DEFAULT NULL,
  `FILE_RULES` text COLLATE utf8_unicode_ci DEFAULT NULL,
  PRIMARY KEY (`ID`)
) ENGINE=InnoDB DEFAULT CHARSET=utf8 COLLATE=utf8_unicode_ci;
/*!40101 SET character_set_client = @saved_cs_client */;

--
-- Dumping data for table `b_clouds_file_bucket`
--

LOCK TABLES `b_clouds_file_bucket` WRITE;
/*!40000 ALTER TABLE `b_clouds_file_bucket` DISABLE KEYS */;
/*!40000 ALTER TABLE `b_clouds_file_bucket` ENABLE KEYS */;
UNLOCK TABLES;

--
-- Table structure for table `b_clouds_file_resize`
--

DROP TABLE IF EXISTS `b_clouds_file_resize`;
/*!40101 SET @saved_cs_client     = @@character_set_client */;
/*!40101 SET character_set_client = utf8 */;
CREATE TABLE `b_clouds_file_resize` (
  `ID` int(11) NOT NULL AUTO_INCREMENT,
  `TIMESTAMP_X` timestamp NOT NULL DEFAULT current_timestamp() ON UPDATE current_timestamp(),
  `ERROR_CODE` char(1) COLLATE utf8_unicode_ci NOT NULL DEFAULT '0',
  `FILE_ID` int(11) DEFAULT NULL,
  `PARAMS` text COLLATE utf8_unicode_ci DEFAULT NULL,
  `FROM_PATH` varchar(500) COLLATE utf8_unicode_ci DEFAULT NULL,
  `TO_PATH` varchar(500) COLLATE utf8_unicode_ci DEFAULT NULL,
  PRIMARY KEY (`ID`),
  KEY `ix_b_file_resize_ts` (`TIMESTAMP_X`),
  KEY `ix_b_file_resize_path` (`TO_PATH`(100)),
  KEY `ix_b_file_resize_file` (`FILE_ID`)
) ENGINE=InnoDB DEFAULT CHARSET=utf8 COLLATE=utf8_unicode_ci;
/*!40101 SET character_set_client = @saved_cs_client */;

--
-- Dumping data for table `b_clouds_file_resize`
--

LOCK TABLES `b_clouds_file_resize` WRITE;
/*!40000 ALTER TABLE `b_clouds_file_resize` DISABLE KEYS */;
/*!40000 ALTER TABLE `b_clouds_file_resize` ENABLE KEYS */;
UNLOCK TABLES;

--
-- Table structure for table `b_clouds_file_upload`
--

DROP TABLE IF EXISTS `b_clouds_file_upload`;
/*!40101 SET @saved_cs_client     = @@character_set_client */;
/*!40101 SET character_set_client = utf8 */;
CREATE TABLE `b_clouds_file_upload` (
  `ID` varchar(32) COLLATE utf8_unicode_ci NOT NULL,
  `TIMESTAMP_X` timestamp NOT NULL DEFAULT current_timestamp() ON UPDATE current_timestamp(),
  `FILE_PATH` varchar(500) COLLATE utf8_unicode_ci NOT NULL,
  `FILE_SIZE` int(11) DEFAULT NULL,
  `TMP_FILE` varchar(500) COLLATE utf8_unicode_ci DEFAULT NULL,
  `BUCKET_ID` int(11) NOT NULL,
  `PART_SIZE` int(11) NOT NULL,
  `PART_NO` int(11) NOT NULL,
  `PART_FAIL_COUNTER` int(11) NOT NULL,
  `NEXT_STEP` text COLLATE utf8_unicode_ci DEFAULT NULL,
  PRIMARY KEY (`ID`)
) ENGINE=InnoDB DEFAULT CHARSET=utf8 COLLATE=utf8_unicode_ci;
/*!40101 SET character_set_client = @saved_cs_client */;

--
-- Dumping data for table `b_clouds_file_upload`
--

LOCK TABLES `b_clouds_file_upload` WRITE;
/*!40000 ALTER TABLE `b_clouds_file_upload` DISABLE KEYS */;
/*!40000 ALTER TABLE `b_clouds_file_upload` ENABLE KEYS */;
UNLOCK TABLES;

--
-- Table structure for table `b_component_params`
--

DROP TABLE IF EXISTS `b_component_params`;
/*!40101 SET @saved_cs_client     = @@character_set_client */;
/*!40101 SET character_set_client = utf8 */;
CREATE TABLE `b_component_params` (
  `ID` int(11) NOT NULL AUTO_INCREMENT,
  `SITE_ID` char(2) COLLATE utf8_unicode_ci NOT NULL,
  `COMPONENT_NAME` varchar(255) COLLATE utf8_unicode_ci NOT NULL,
  `TEMPLATE_NAME` varchar(255) COLLATE utf8_unicode_ci DEFAULT NULL,
  `REAL_PATH` varchar(255) COLLATE utf8_unicode_ci NOT NULL,
  `SEF_MODE` char(1) COLLATE utf8_unicode_ci NOT NULL DEFAULT 'Y',
  `SEF_FOLDER` varchar(255) COLLATE utf8_unicode_ci DEFAULT NULL,
  `START_CHAR` int(11) NOT NULL,
  `END_CHAR` int(11) NOT NULL,
  `PARAMETERS` text COLLATE utf8_unicode_ci DEFAULT NULL,
  PRIMARY KEY (`ID`),
  KEY `ix_comp_params_name` (`COMPONENT_NAME`),
  KEY `ix_comp_params_path` (`SITE_ID`,`REAL_PATH`),
  KEY `ix_comp_params_sname` (`SITE_ID`,`COMPONENT_NAME`)
) ENGINE=InnoDB AUTO_INCREMENT=5 DEFAULT CHARSET=utf8 COLLATE=utf8_unicode_ci;
/*!40101 SET character_set_client = @saved_cs_client */;

--
-- Dumping data for table `b_component_params`
--

LOCK TABLES `b_component_params` WRITE;
/*!40000 ALTER TABLE `b_component_params` DISABLE KEYS */;
INSERT INTO `b_component_params` VALUES (3,'s1','bitrix:news.list','leads','/list/index.php','N',NULL,524,4262,'a:52:{s:18:\"ACTIVE_DATE_FORMAT\";s:5:\"d.m.Y\";s:18:\"ADD_SECTIONS_CHAIN\";s:1:\"N\";s:9:\"AJAX_MODE\";s:1:\"N\";s:22:\"AJAX_OPTION_ADDITIONAL\";s:0:\"\";s:19:\"AJAX_OPTION_HISTORY\";s:1:\"N\";s:16:\"AJAX_OPTION_JUMP\";s:1:\"N\";s:17:\"AJAX_OPTION_STYLE\";s:1:\"Y\";s:12:\"CACHE_FILTER\";s:1:\"N\";s:12:\"CACHE_GROUPS\";s:1:\"Y\";s:10:\"CACHE_TIME\";s:8:\"36000000\";s:10:\"CACHE_TYPE\";s:1:\"A\";s:11:\"CHECK_DATES\";s:1:\"Y\";s:10:\"DETAIL_URL\";s:22:\"/lead/?id=#ELEMENT_ID#\";s:20:\"DISPLAY_BOTTOM_PAGER\";s:1:\"Y\";s:12:\"DISPLAY_DATE\";s:1:\"N\";s:12:\"DISPLAY_NAME\";s:1:\"N\";s:15:\"DISPLAY_PICTURE\";s:1:\"N\";s:20:\"DISPLAY_PREVIEW_TEXT\";s:1:\"N\";s:17:\"DISPLAY_TOP_PAGER\";s:1:\"N\";s:10:\"FIELD_CODE\";a:3:{i:0;s:2:\"ID\";i:1;s:11:\"DATE_CREATE\";i:2;s:0:\"\";}s:11:\"FILTER_NAME\";s:8:\"arFilter\";s:24:\"HIDE_LINK_WHEN_NO_DETAIL\";s:1:\"N\";s:9:\"IBLOCK_ID\";s:1:\"1\";s:11:\"IBLOCK_TYPE\";s:4:\"lead\";s:25:\"INCLUDE_IBLOCK_INTO_CHAIN\";s:1:\"N\";s:19:\"INCLUDE_SUBSECTIONS\";s:1:\"N\";s:11:\"MESSAGE_404\";s:0:\"\";s:10:\"NEWS_COUNT\";s:4:\"9999\";s:22:\"PAGER_BASE_LINK_ENABLE\";s:1:\"N\";s:20:\"PAGER_DESC_NUMBERING\";s:1:\"N\";s:31:\"PAGER_DESC_NUMBERING_CACHE_TIME\";s:5:\"36000\";s:14:\"PAGER_SHOW_ALL\";s:1:\"N\";s:17:\"PAGER_SHOW_ALWAYS\";s:1:\"N\";s:14:\"PAGER_TEMPLATE\";s:8:\".default\";s:11:\"PAGER_TITLE\";s:14:\"Новости\";s:14:\"PARENT_SECTION\";s:0:\"\";s:19:\"PARENT_SECTION_CODE\";s:0:\"\";s:20:\"PREVIEW_TRUNCATE_LEN\";s:0:\"\";s:13:\"PROPERTY_CODE\";a:15:{i:0;s:6:\"STATUS\";i:1;s:14:\"MODEL_INTEREST\";i:2;s:5:\"MODEL\";i:3;s:8:\"DATETIME\";i:4;s:4:\"CITY\";i:5;s:6:\"GENDER\";i:6;s:7:\"SURNAME\";i:7;s:4:\"NAME\";i:8;s:10:\"PATRONYMIC\";i:9;s:5:\"PHONE\";i:10;s:5:\"EMAIL\";i:11;s:14:\"TESTDRIVE_ROLE\";i:12;s:11:\"CLIENT_TYPE\";i:13;s:4:\"TYPE\";i:14;s:0:\"\";}s:17:\"SET_BROWSER_TITLE\";s:1:\"N\";s:17:\"SET_LAST_MODIFIED\";s:1:\"N\";s:20:\"SET_META_DESCRIPTION\";s:1:\"N\";s:17:\"SET_META_KEYWORDS\";s:1:\"N\";s:14:\"SET_STATUS_404\";s:1:\"N\";s:9:\"SET_TITLE\";s:1:\"N\";s:8:\"SHOW_404\";s:1:\"N\";s:8:\"SORT_BY1\";s:2:\"ID\";s:8:\"SORT_BY2\";s:2:\"ID\";s:11:\"SORT_ORDER1\";s:4:\"DESC\";s:11:\"SORT_ORDER2\";s:0:\"\";s:20:\"STRICT_SECTION_CHECK\";s:1:\"N\";s:18:\"COMPONENT_TEMPLATE\";s:8:\".default\";}'),(4,'s1','bitrix:breadcrumb','.default','/local/templates/main/header.php','N',NULL,1600,1999,'a:3:{s:10:\"START_FROM\";s:1:\"1\";s:4:\"PATH\";s:0:\"\";s:7:\"SITE_ID\";s:2:\"s1\";}');
/*!40000 ALTER TABLE `b_component_params` ENABLE KEYS */;
UNLOCK TABLES;

--
-- Table structure for table `b_composite_log`
--

DROP TABLE IF EXISTS `b_composite_log`;
/*!40101 SET @saved_cs_client     = @@character_set_client */;
/*!40101 SET character_set_client = utf8 */;
CREATE TABLE `b_composite_log` (
  `ID` int(18) NOT NULL AUTO_INCREMENT,
  `HOST` varchar(100) COLLATE utf8_unicode_ci NOT NULL,
  `URI` varchar(2000) COLLATE utf8_unicode_ci NOT NULL,
  `TITLE` varchar(250) COLLATE utf8_unicode_ci DEFAULT NULL,
  `CREATED` datetime NOT NULL,
  `TYPE` varchar(50) COLLATE utf8_unicode_ci NOT NULL,
  `MESSAGE` longtext COLLATE utf8_unicode_ci DEFAULT NULL,
  `AJAX` char(1) COLLATE utf8_unicode_ci NOT NULL DEFAULT 'N',
  `USER_ID` int(18) NOT NULL DEFAULT 0,
  `PAGE_ID` int(18) NOT NULL DEFAULT 0,
  PRIMARY KEY (`ID`),
  KEY `IX_B_COMPOSITE_LOG_PAGE_ID` (`PAGE_ID`),
  KEY `IX_B_COMPOSITE_LOG_HOST` (`HOST`),
  KEY `IX_B_COMPOSITE_LOG_TYPE` (`TYPE`)
) ENGINE=InnoDB DEFAULT CHARSET=utf8 COLLATE=utf8_unicode_ci;
/*!40101 SET character_set_client = @saved_cs_client */;

--
-- Dumping data for table `b_composite_log`
--

LOCK TABLES `b_composite_log` WRITE;
/*!40000 ALTER TABLE `b_composite_log` DISABLE KEYS */;
/*!40000 ALTER TABLE `b_composite_log` ENABLE KEYS */;
UNLOCK TABLES;

--
-- Table structure for table `b_composite_page`
--

DROP TABLE IF EXISTS `b_composite_page`;
/*!40101 SET @saved_cs_client     = @@character_set_client */;
/*!40101 SET character_set_client = utf8 */;
CREATE TABLE `b_composite_page` (
  `ID` int(18) NOT NULL AUTO_INCREMENT,
  `CACHE_KEY` varchar(2000) COLLATE utf8_unicode_ci NOT NULL,
  `HOST` varchar(100) COLLATE utf8_unicode_ci NOT NULL,
  `URI` varchar(2000) COLLATE utf8_unicode_ci NOT NULL,
  `TITLE` varchar(250) COLLATE utf8_unicode_ci DEFAULT NULL,
  `CREATED` datetime NOT NULL,
  `CHANGED` datetime NOT NULL,
  `LAST_VIEWED` datetime NOT NULL,
  `VIEWS` int(18) NOT NULL DEFAULT 0,
  `REWRITES` int(18) NOT NULL DEFAULT 0,
  `SIZE` int(18) NOT NULL DEFAULT 0,
  PRIMARY KEY (`ID`),
  KEY `IX_B_COMPOSITE_PAGE_CACHE_KEY` (`CACHE_KEY`(100)),
  KEY `IX_B_COMPOSITE_PAGE_VIEWED` (`LAST_VIEWED`),
  KEY `IX_B_COMPOSITE_PAGE_HOST` (`HOST`)
) ENGINE=InnoDB DEFAULT CHARSET=utf8 COLLATE=utf8_unicode_ci;
/*!40101 SET character_set_client = @saved_cs_client */;

--
-- Dumping data for table `b_composite_page`
--

LOCK TABLES `b_composite_page` WRITE;
/*!40000 ALTER TABLE `b_composite_page` DISABLE KEYS */;
/*!40000 ALTER TABLE `b_composite_page` ENABLE KEYS */;
UNLOCK TABLES;

--
-- Table structure for table `b_consent_agreement`
--

DROP TABLE IF EXISTS `b_consent_agreement`;
/*!40101 SET @saved_cs_client     = @@character_set_client */;
/*!40101 SET character_set_client = utf8 */;
CREATE TABLE `b_consent_agreement` (
  `ID` int(18) NOT NULL AUTO_INCREMENT,
  `CODE` varchar(45) COLLATE utf8_unicode_ci DEFAULT NULL,
  `DATE_INSERT` datetime NOT NULL,
  `ACTIVE` char(1) COLLATE utf8_unicode_ci NOT NULL DEFAULT 'Y',
  `NAME` varchar(255) COLLATE utf8_unicode_ci NOT NULL,
  `TYPE` char(1) COLLATE utf8_unicode_ci DEFAULT NULL,
  `LANGUAGE_ID` char(2) COLLATE utf8_unicode_ci DEFAULT NULL,
  `DATA_PROVIDER` varchar(45) COLLATE utf8_unicode_ci DEFAULT NULL,
  `AGREEMENT_TEXT` longtext COLLATE utf8_unicode_ci DEFAULT NULL,
  `LABEL_TEXT` varchar(4000) COLLATE utf8_unicode_ci DEFAULT NULL,
  `SECURITY_CODE` varchar(32) COLLATE utf8_unicode_ci DEFAULT NULL,
  PRIMARY KEY (`ID`),
  KEY `IX_B_CONSENT_AGREEMENT_CODE` (`CODE`)
) ENGINE=InnoDB DEFAULT CHARSET=utf8 COLLATE=utf8_unicode_ci;
/*!40101 SET character_set_client = @saved_cs_client */;

--
-- Dumping data for table `b_consent_agreement`
--

LOCK TABLES `b_consent_agreement` WRITE;
/*!40000 ALTER TABLE `b_consent_agreement` DISABLE KEYS */;
/*!40000 ALTER TABLE `b_consent_agreement` ENABLE KEYS */;
UNLOCK TABLES;

--
-- Table structure for table `b_consent_field`
--

DROP TABLE IF EXISTS `b_consent_field`;
/*!40101 SET @saved_cs_client     = @@character_set_client */;
/*!40101 SET character_set_client = utf8 */;
CREATE TABLE `b_consent_field` (
  `ID` int(18) NOT NULL AUTO_INCREMENT,
  `AGREEMENT_ID` int(18) NOT NULL,
  `CODE` varchar(100) COLLATE utf8_unicode_ci DEFAULT NULL,
  `VALUE` text COLLATE utf8_unicode_ci NOT NULL,
  PRIMARY KEY (`ID`),
  KEY `IX_B_CONSENT_FIELD_AG_ID` (`AGREEMENT_ID`)
) ENGINE=InnoDB DEFAULT CHARSET=utf8 COLLATE=utf8_unicode_ci;
/*!40101 SET character_set_client = @saved_cs_client */;

--
-- Dumping data for table `b_consent_field`
--

LOCK TABLES `b_consent_field` WRITE;
/*!40000 ALTER TABLE `b_consent_field` DISABLE KEYS */;
/*!40000 ALTER TABLE `b_consent_field` ENABLE KEYS */;
UNLOCK TABLES;

--
-- Table structure for table `b_consent_user_consent`
--

DROP TABLE IF EXISTS `b_consent_user_consent`;
/*!40101 SET @saved_cs_client     = @@character_set_client */;
/*!40101 SET character_set_client = utf8 */;
CREATE TABLE `b_consent_user_consent` (
  `ID` int(18) NOT NULL AUTO_INCREMENT,
  `DATE_INSERT` datetime NOT NULL,
  `AGREEMENT_ID` int(18) NOT NULL,
  `USER_ID` int(18) DEFAULT NULL,
  `IP` varchar(15) COLLATE utf8_unicode_ci NOT NULL,
  `URL` varchar(4000) COLLATE utf8_unicode_ci DEFAULT NULL,
  `ORIGIN_ID` varchar(30) COLLATE utf8_unicode_ci DEFAULT NULL,
  `ORIGINATOR_ID` varchar(30) COLLATE utf8_unicode_ci DEFAULT NULL,
  PRIMARY KEY (`ID`),
  KEY `IX_B_CONSENT_USER_CONSENT` (`AGREEMENT_ID`)
) ENGINE=InnoDB DEFAULT CHARSET=utf8 COLLATE=utf8_unicode_ci;
/*!40101 SET character_set_client = @saved_cs_client */;

--
-- Dumping data for table `b_consent_user_consent`
--

LOCK TABLES `b_consent_user_consent` WRITE;
/*!40000 ALTER TABLE `b_consent_user_consent` DISABLE KEYS */;
/*!40000 ALTER TABLE `b_consent_user_consent` ENABLE KEYS */;
UNLOCK TABLES;

--
-- Table structure for table `b_counter_data`
--

DROP TABLE IF EXISTS `b_counter_data`;
/*!40101 SET @saved_cs_client     = @@character_set_client */;
/*!40101 SET character_set_client = utf8 */;
CREATE TABLE `b_counter_data` (
  `ID` varchar(16) COLLATE utf8_unicode_ci NOT NULL,
  `TYPE` varchar(30) COLLATE utf8_unicode_ci NOT NULL,
  `DATA` text COLLATE utf8_unicode_ci NOT NULL,
  PRIMARY KEY (`ID`)
) ENGINE=InnoDB DEFAULT CHARSET=utf8 COLLATE=utf8_unicode_ci;
/*!40101 SET character_set_client = @saved_cs_client */;

--
-- Dumping data for table `b_counter_data`
--

LOCK TABLES `b_counter_data` WRITE;
/*!40000 ALTER TABLE `b_counter_data` DISABLE KEYS */;
/*!40000 ALTER TABLE `b_counter_data` ENABLE KEYS */;
UNLOCK TABLES;

--
-- Table structure for table `b_culture`
--

DROP TABLE IF EXISTS `b_culture`;
/*!40101 SET @saved_cs_client     = @@character_set_client */;
/*!40101 SET character_set_client = utf8 */;
CREATE TABLE `b_culture` (
  `ID` int(11) NOT NULL AUTO_INCREMENT,
  `CODE` varchar(255) COLLATE utf8_unicode_ci DEFAULT NULL,
  `NAME` varchar(255) COLLATE utf8_unicode_ci DEFAULT NULL,
  `FORMAT_DATE` varchar(255) COLLATE utf8_unicode_ci DEFAULT NULL,
  `FORMAT_DATETIME` varchar(255) COLLATE utf8_unicode_ci DEFAULT NULL,
  `FORMAT_NAME` varchar(255) COLLATE utf8_unicode_ci DEFAULT NULL,
  `WEEK_START` int(1) DEFAULT 1,
  `CHARSET` varchar(255) COLLATE utf8_unicode_ci DEFAULT NULL,
  `DIRECTION` char(1) COLLATE utf8_unicode_ci DEFAULT 'Y',
  PRIMARY KEY (`ID`)
) ENGINE=InnoDB AUTO_INCREMENT=3 DEFAULT CHARSET=utf8 COLLATE=utf8_unicode_ci;
/*!40101 SET character_set_client = @saved_cs_client */;

--
-- Dumping data for table `b_culture`
--

LOCK TABLES `b_culture` WRITE;
/*!40000 ALTER TABLE `b_culture` DISABLE KEYS */;
INSERT INTO `b_culture` VALUES (1,'ru','ru','DD.MM.YYYY','DD.MM.YYYY HH:MI:SS','#NAME# #LAST_NAME#',1,'UTF-8','Y'),(2,'en','en','MM/DD/YYYY','MM/DD/YYYY H:MI:SS T','#NAME# #LAST_NAME#',0,'UTF-8','Y');
/*!40000 ALTER TABLE `b_culture` ENABLE KEYS */;
UNLOCK TABLES;

--
-- Table structure for table `b_event`
--

DROP TABLE IF EXISTS `b_event`;
/*!40101 SET @saved_cs_client     = @@character_set_client */;
/*!40101 SET character_set_client = utf8 */;
CREATE TABLE `b_event` (
  `ID` int(18) NOT NULL AUTO_INCREMENT,
  `EVENT_NAME` varchar(255) COLLATE utf8_unicode_ci NOT NULL,
  `MESSAGE_ID` int(18) DEFAULT NULL,
  `LID` varchar(255) COLLATE utf8_unicode_ci NOT NULL,
  `C_FIELDS` longtext COLLATE utf8_unicode_ci DEFAULT NULL,
  `DATE_INSERT` datetime DEFAULT NULL,
  `DATE_EXEC` datetime DEFAULT NULL,
  `SUCCESS_EXEC` char(1) COLLATE utf8_unicode_ci NOT NULL DEFAULT 'N',
  `DUPLICATE` char(1) COLLATE utf8_unicode_ci NOT NULL DEFAULT 'Y',
  `LANGUAGE_ID` char(2) COLLATE utf8_unicode_ci DEFAULT NULL,
  PRIMARY KEY (`ID`),
  KEY `ix_success` (`SUCCESS_EXEC`),
  KEY `ix_b_event_date_exec` (`DATE_EXEC`)
) ENGINE=InnoDB DEFAULT CHARSET=utf8 COLLATE=utf8_unicode_ci;
/*!40101 SET character_set_client = @saved_cs_client */;

--
-- Dumping data for table `b_event`
--

LOCK TABLES `b_event` WRITE;
/*!40000 ALTER TABLE `b_event` DISABLE KEYS */;
/*!40000 ALTER TABLE `b_event` ENABLE KEYS */;
UNLOCK TABLES;

--
-- Table structure for table `b_event_attachment`
--

DROP TABLE IF EXISTS `b_event_attachment`;
/*!40101 SET @saved_cs_client     = @@character_set_client */;
/*!40101 SET character_set_client = utf8 */;
CREATE TABLE `b_event_attachment` (
  `EVENT_ID` int(18) NOT NULL,
  `FILE_ID` int(18) NOT NULL,
  `IS_FILE_COPIED` char(1) COLLATE utf8_unicode_ci NOT NULL DEFAULT 'Y',
  PRIMARY KEY (`EVENT_ID`,`FILE_ID`)
) ENGINE=InnoDB DEFAULT CHARSET=utf8 COLLATE=utf8_unicode_ci;
/*!40101 SET character_set_client = @saved_cs_client */;

--
-- Dumping data for table `b_event_attachment`
--

LOCK TABLES `b_event_attachment` WRITE;
/*!40000 ALTER TABLE `b_event_attachment` DISABLE KEYS */;
/*!40000 ALTER TABLE `b_event_attachment` ENABLE KEYS */;
UNLOCK TABLES;

--
-- Table structure for table `b_event_log`
--

DROP TABLE IF EXISTS `b_event_log`;
/*!40101 SET @saved_cs_client     = @@character_set_client */;
/*!40101 SET character_set_client = utf8 */;
CREATE TABLE `b_event_log` (
  `ID` int(18) NOT NULL AUTO_INCREMENT,
  `TIMESTAMP_X` timestamp NOT NULL DEFAULT current_timestamp() ON UPDATE current_timestamp(),
  `SEVERITY` varchar(50) COLLATE utf8_unicode_ci NOT NULL,
  `AUDIT_TYPE_ID` varchar(50) COLLATE utf8_unicode_ci NOT NULL,
  `MODULE_ID` varchar(50) COLLATE utf8_unicode_ci NOT NULL,
  `ITEM_ID` varchar(255) COLLATE utf8_unicode_ci NOT NULL,
  `REMOTE_ADDR` varchar(40) COLLATE utf8_unicode_ci DEFAULT NULL,
  `USER_AGENT` text COLLATE utf8_unicode_ci DEFAULT NULL,
  `REQUEST_URI` text COLLATE utf8_unicode_ci DEFAULT NULL,
  `SITE_ID` char(2) COLLATE utf8_unicode_ci DEFAULT NULL,
  `USER_ID` int(18) DEFAULT NULL,
  `GUEST_ID` int(18) DEFAULT NULL,
  `DESCRIPTION` mediumtext COLLATE utf8_unicode_ci DEFAULT NULL,
  PRIMARY KEY (`ID`),
  KEY `ix_b_event_log_time` (`TIMESTAMP_X`),
  KEY `ix_b_event_log_audit_type` (`AUDIT_TYPE_ID`)
) ENGINE=InnoDB AUTO_INCREMENT=45 DEFAULT CHARSET=utf8 COLLATE=utf8_unicode_ci;
/*!40101 SET character_set_client = @saved_cs_client */;

--
-- Dumping data for table `b_event_log`
--

LOCK TABLES `b_event_log` WRITE;
/*!40000 ALTER TABLE `b_event_log` DISABLE KEYS */;
INSERT INTO `b_event_log` VALUES (44,'2020-01-10 10:53:53','WARNING','SITE_CHECKER_ERROR','main','CSiteCheckerTest::CommonTest();','-','-','/','s1',NULL,NULL,'');
/*!40000 ALTER TABLE `b_event_log` ENABLE KEYS */;
UNLOCK TABLES;

--
-- Table structure for table `b_event_message`
--

DROP TABLE IF EXISTS `b_event_message`;
/*!40101 SET @saved_cs_client     = @@character_set_client */;
/*!40101 SET character_set_client = utf8 */;
CREATE TABLE `b_event_message` (
  `ID` int(18) NOT NULL AUTO_INCREMENT,
  `TIMESTAMP_X` timestamp NOT NULL DEFAULT current_timestamp() ON UPDATE current_timestamp(),
  `EVENT_NAME` varchar(255) COLLATE utf8_unicode_ci NOT NULL,
  `LID` char(2) COLLATE utf8_unicode_ci DEFAULT NULL,
  `ACTIVE` char(1) COLLATE utf8_unicode_ci NOT NULL DEFAULT 'Y',
  `EMAIL_FROM` varchar(255) COLLATE utf8_unicode_ci NOT NULL DEFAULT '#EMAIL_FROM#',
  `EMAIL_TO` varchar(255) COLLATE utf8_unicode_ci NOT NULL DEFAULT '#EMAIL_TO#',
  `SUBJECT` varchar(255) COLLATE utf8_unicode_ci DEFAULT NULL,
  `MESSAGE` longtext COLLATE utf8_unicode_ci DEFAULT NULL,
  `MESSAGE_PHP` longtext COLLATE utf8_unicode_ci DEFAULT NULL,
  `BODY_TYPE` varchar(4) COLLATE utf8_unicode_ci NOT NULL DEFAULT 'text',
  `BCC` text COLLATE utf8_unicode_ci DEFAULT NULL,
  `REPLY_TO` varchar(255) COLLATE utf8_unicode_ci DEFAULT NULL,
  `CC` varchar(255) COLLATE utf8_unicode_ci DEFAULT NULL,
  `IN_REPLY_TO` varchar(255) COLLATE utf8_unicode_ci DEFAULT NULL,
  `PRIORITY` varchar(50) COLLATE utf8_unicode_ci DEFAULT NULL,
  `FIELD1_NAME` varchar(50) COLLATE utf8_unicode_ci DEFAULT NULL,
  `FIELD1_VALUE` varchar(255) COLLATE utf8_unicode_ci DEFAULT NULL,
  `FIELD2_NAME` varchar(50) COLLATE utf8_unicode_ci DEFAULT NULL,
  `FIELD2_VALUE` varchar(255) COLLATE utf8_unicode_ci DEFAULT NULL,
  `SITE_TEMPLATE_ID` varchar(255) COLLATE utf8_unicode_ci DEFAULT NULL,
  `ADDITIONAL_FIELD` text COLLATE utf8_unicode_ci DEFAULT NULL,
  `LANGUAGE_ID` char(2) COLLATE utf8_unicode_ci DEFAULT NULL,
  PRIMARY KEY (`ID`),
  KEY `ix_b_event_message_name` (`EVENT_NAME`(50))
) ENGINE=InnoDB AUTO_INCREMENT=9 DEFAULT CHARSET=utf8 COLLATE=utf8_unicode_ci;
/*!40101 SET character_set_client = @saved_cs_client */;

--
-- Dumping data for table `b_event_message`
--

LOCK TABLES `b_event_message` WRITE;
/*!40000 ALTER TABLE `b_event_message` DISABLE KEYS */;
INSERT INTO `b_event_message` VALUES (1,'2019-02-27 16:19:11','NEW_USER','s1','Y','#DEFAULT_EMAIL_FROM#','#DEFAULT_EMAIL_FROM#','#SITE_NAME#: Зарегистрировался новый пользователь','Информационное сообщение сайта #SITE_NAME#\n------------------------------------------\n\nНа сайте #SERVER_NAME# успешно зарегистрирован новый пользователь.\n\nДанные пользователя:\nID пользователя: #USER_ID#\n\nИмя: #NAME#\nФамилия: #LAST_NAME#\nE-Mail: #EMAIL#\n\nLogin: #LOGIN#\n\nПисьмо сгенерировано автоматически.','Информационное сообщение сайта <?=$arParams[\"SITE_NAME\"];?>\n\n------------------------------------------\n\nНа сайте <?=$arParams[\"SERVER_NAME\"];?> успешно зарегистрирован новый пользователь.\n\nДанные пользователя:\nID пользователя: <?=$arParams[\"USER_ID\"];?>\n\n\nИмя: <?=$arParams[\"NAME\"];?>\n\nФамилия: <?=$arParams[\"LAST_NAME\"];?>\n\nE-Mail: <?=$arParams[\"EMAIL\"];?>\n\n\nLogin: <?=$arParams[\"LOGIN\"];?>\n\n\nПисьмо сгенерировано автоматически.','text',NULL,NULL,NULL,NULL,NULL,NULL,NULL,NULL,NULL,NULL,NULL,'ru'),(2,'2019-02-27 16:19:11','USER_INFO','s1','Y','#DEFAULT_EMAIL_FROM#','#EMAIL#','#SITE_NAME#: Регистрационная информация','Информационное сообщение сайта #SITE_NAME#\n------------------------------------------\n#NAME# #LAST_NAME#,\n\n#MESSAGE#\n\nВаша регистрационная информация:\n\nID пользователя: #USER_ID#\nСтатус профиля: #STATUS#\nLogin: #LOGIN#\n\nВы можете изменить пароль, перейдя по следующей ссылке:\nhttp://#SERVER_NAME#/auth/index.php?change_password=yes&lang=ru&USER_CHECKWORD=#CHECKWORD#&USER_LOGIN=#URL_LOGIN#\n\nСообщение сгенерировано автоматически.','Информационное сообщение сайта <?=$arParams[\"SITE_NAME\"];?>\n\n------------------------------------------\n<?=$arParams[\"NAME\"];?> <?=$arParams[\"LAST_NAME\"];?>,\n\n<?=$arParams[\"MESSAGE\"];?>\n\n\nВаша регистрационная информация:\n\nID пользователя: <?=$arParams[\"USER_ID\"];?>\n\nСтатус профиля: <?=$arParams[\"STATUS\"];?>\n\nLogin: <?=$arParams[\"LOGIN\"];?>\n\n\nВы можете изменить пароль, перейдя по следующей ссылке:\nhttp://<?=$arParams[\"SERVER_NAME\"];?>/auth/index.php?change_password=yes&lang=ru&USER_CHECKWORD=<?=$arParams[\"CHECKWORD\"];?>&USER_LOGIN=<?=$arParams[\"URL_LOGIN\"];?>\n\n\nСообщение сгенерировано автоматически.','text',NULL,NULL,NULL,NULL,NULL,NULL,NULL,NULL,NULL,NULL,NULL,'ru'),(3,'2019-02-27 16:19:11','USER_PASS_REQUEST','s1','Y','#DEFAULT_EMAIL_FROM#','#EMAIL#','#SITE_NAME#: Запрос на смену пароля','Информационное сообщение сайта #SITE_NAME#\n------------------------------------------\n#NAME# #LAST_NAME#,\n\n#MESSAGE#\n\nДля смены пароля перейдите по следующей ссылке:\nhttp://#SERVER_NAME#/auth/index.php?change_password=yes&lang=ru&USER_CHECKWORD=#CHECKWORD#&USER_LOGIN=#URL_LOGIN#\n\nВаша регистрационная информация:\n\nID пользователя: #USER_ID#\nСтатус профиля: #STATUS#\nLogin: #LOGIN#\n\nСообщение сгенерировано автоматически.','Информационное сообщение сайта <?=$arParams[\"SITE_NAME\"];?>\n\n------------------------------------------\n<?=$arParams[\"NAME\"];?> <?=$arParams[\"LAST_NAME\"];?>,\n\n<?=$arParams[\"MESSAGE\"];?>\n\n\nДля смены пароля перейдите по следующей ссылке:\nhttp://<?=$arParams[\"SERVER_NAME\"];?>/auth/index.php?change_password=yes&lang=ru&USER_CHECKWORD=<?=$arParams[\"CHECKWORD\"];?>&USER_LOGIN=<?=$arParams[\"URL_LOGIN\"];?>\n\n\nВаша регистрационная информация:\n\nID пользователя: <?=$arParams[\"USER_ID\"];?>\n\nСтатус профиля: <?=$arParams[\"STATUS\"];?>\n\nLogin: <?=$arParams[\"LOGIN\"];?>\n\n\nСообщение сгенерировано автоматически.','text',NULL,NULL,NULL,NULL,NULL,NULL,NULL,NULL,NULL,NULL,NULL,'ru'),(4,'2019-02-27 16:19:11','USER_PASS_CHANGED','s1','Y','#DEFAULT_EMAIL_FROM#','#EMAIL#','#SITE_NAME#: Подтверждение смены пароля','Информационное сообщение сайта #SITE_NAME#\n------------------------------------------\n#NAME# #LAST_NAME#,\n\n#MESSAGE#\n\nВаша регистрационная информация:\n\nID пользователя: #USER_ID#\nСтатус профиля: #STATUS#\nLogin: #LOGIN#\n\nСообщение сгенерировано автоматически.','Информационное сообщение сайта <?=$arParams[\"SITE_NAME\"];?>\n\n------------------------------------------\n<?=$arParams[\"NAME\"];?> <?=$arParams[\"LAST_NAME\"];?>,\n\n<?=$arParams[\"MESSAGE\"];?>\n\n\nВаша регистрационная информация:\n\nID пользователя: <?=$arParams[\"USER_ID\"];?>\n\nСтатус профиля: <?=$arParams[\"STATUS\"];?>\n\nLogin: <?=$arParams[\"LOGIN\"];?>\n\n\nСообщение сгенерировано автоматически.','text',NULL,NULL,NULL,NULL,NULL,NULL,NULL,NULL,NULL,NULL,NULL,'ru'),(5,'2019-02-27 16:19:11','NEW_USER_CONFIRM','s1','Y','#DEFAULT_EMAIL_FROM#','#EMAIL#','#SITE_NAME#: Подтверждение регистрации нового пользователя','Информационное сообщение сайта #SITE_NAME#\n------------------------------------------\n\nЗдравствуйте,\n\nВы получили это сообщение, так как ваш адрес был использован при регистрации нового пользователя на сервере #SERVER_NAME#.\n\nВаш код для подтверждения регистрации: #CONFIRM_CODE#\n\nДля подтверждения регистрации перейдите по следующей ссылке:\nhttp://#SERVER_NAME#/auth/index.php?confirm_registration=yes&confirm_user_id=#USER_ID#&confirm_code=#CONFIRM_CODE#\n\nВы также можете ввести код для подтверждения регистрации на странице:\nhttp://#SERVER_NAME#/auth/index.php?confirm_registration=yes&confirm_user_id=#USER_ID#\n\nВнимание! Ваш профиль не будет активным, пока вы не подтвердите свою регистрацию.\n\n---------------------------------------------------------------------\n\nСообщение сгенерировано автоматически.','Информационное сообщение сайта <?=$arParams[\"SITE_NAME\"];?>\n\n------------------------------------------\n\nЗдравствуйте,\n\nВы получили это сообщение, так как ваш адрес был использован при регистрации нового пользователя на сервере <?=$arParams[\"SERVER_NAME\"];?>.\n\nВаш код для подтверждения регистрации: <?=$arParams[\"CONFIRM_CODE\"];?>\n\n\nДля подтверждения регистрации перейдите по следующей ссылке:\nhttp://<?=$arParams[\"SERVER_NAME\"];?>/auth/index.php?confirm_registration=yes&confirm_user_id=<?=$arParams[\"USER_ID\"];?>&confirm_code=<?=$arParams[\"CONFIRM_CODE\"];?>\n\n\nВы также можете ввести код для подтверждения регистрации на странице:\nhttp://<?=$arParams[\"SERVER_NAME\"];?>/auth/index.php?confirm_registration=yes&confirm_user_id=<?=$arParams[\"USER_ID\"];?>\n\n\nВнимание! Ваш профиль не будет активным, пока вы не подтвердите свою регистрацию.\n\n---------------------------------------------------------------------\n\nСообщение сгенерировано автоматически.','text',NULL,NULL,NULL,NULL,NULL,NULL,NULL,NULL,NULL,NULL,NULL,'ru'),(6,'2019-02-27 16:19:11','USER_INVITE','s1','Y','#DEFAULT_EMAIL_FROM#','#EMAIL#','#SITE_NAME#: Приглашение на сайт','Информационное сообщение сайта #SITE_NAME#\n------------------------------------------\nЗдравствуйте, #NAME# #LAST_NAME#!\n\nАдминистратором сайта вы добавлены в число зарегистрированных пользователей.\n\nПриглашаем Вас на наш сайт.\n\nВаша регистрационная информация:\n\nID пользователя: #ID#\nLogin: #LOGIN#\n\nРекомендуем вам сменить установленный автоматически пароль.\n\nДля смены пароля перейдите по следующей ссылке:\nhttp://#SERVER_NAME#/auth.php?change_password=yes&USER_LOGIN=#URL_LOGIN#&USER_CHECKWORD=#CHECKWORD#\n','Информационное сообщение сайта <?=$arParams[\"SITE_NAME\"];?>\n\n------------------------------------------\nЗдравствуйте, <?=$arParams[\"NAME\"];?> <?=$arParams[\"LAST_NAME\"];?>!\n\nАдминистратором сайта вы добавлены в число зарегистрированных пользователей.\n\nПриглашаем Вас на наш сайт.\n\nВаша регистрационная информация:\n\nID пользователя: <?=$arParams[\"ID\"];?>\n\nLogin: <?=$arParams[\"LOGIN\"];?>\n\n\nРекомендуем вам сменить установленный автоматически пароль.\n\nДля смены пароля перейдите по следующей ссылке:\nhttp://<?=$arParams[\"SERVER_NAME\"];?>/auth.php?change_password=yes&USER_LOGIN=<?=$arParams[\"URL_LOGIN\"];?>&USER_CHECKWORD=<?=$arParams[\"CHECKWORD\"];?>\n\n','text',NULL,NULL,NULL,NULL,NULL,NULL,NULL,NULL,NULL,NULL,NULL,'ru'),(7,'2019-02-27 16:19:11','FEEDBACK_FORM','s1','Y','#DEFAULT_EMAIL_FROM#','#EMAIL_TO#','#SITE_NAME#: Сообщение из формы обратной связи','Информационное сообщение сайта #SITE_NAME#\n------------------------------------------\n\nВам было отправлено сообщение через форму обратной связи\n\nАвтор: #AUTHOR#\nE-mail автора: #AUTHOR_EMAIL#\n\nТекст сообщения:\n#TEXT#\n\nСообщение сгенерировано автоматически.','Информационное сообщение сайта <?=$arParams[\"SITE_NAME\"];?>\n\n------------------------------------------\n\nВам было отправлено сообщение через форму обратной связи\n\nАвтор: <?=$arParams[\"AUTHOR\"];?>\n\nE-mail автора: <?=$arParams[\"AUTHOR_EMAIL\"];?>\n\n\nТекст сообщения:\n<?=$arParams[\"TEXT\"];?>\n\n\nСообщение сгенерировано автоматически.','text',NULL,NULL,NULL,NULL,NULL,NULL,NULL,NULL,NULL,NULL,NULL,'ru'),(8,'2019-02-27 16:19:11','MAIN_MAIL_CONFIRM_CODE','s1','Y','#DEFAULT_EMAIL_FROM#','#EMAIL_TO#','#MESSAGE_SUBJECT#','<? EventMessageThemeCompiler::includeComponent(\'bitrix:main.mail.confirm\', \'\', $arParams); ?>','<? EventMessageThemeCompiler::includeComponent(\'bitrix:main.mail.confirm\', \'\', $arParams); ?>','html',NULL,NULL,NULL,NULL,NULL,NULL,NULL,NULL,NULL,'mail_join',NULL,NULL);
/*!40000 ALTER TABLE `b_event_message` ENABLE KEYS */;
UNLOCK TABLES;

--
-- Table structure for table `b_event_message_attachment`
--

DROP TABLE IF EXISTS `b_event_message_attachment`;
/*!40101 SET @saved_cs_client     = @@character_set_client */;
/*!40101 SET character_set_client = utf8 */;
CREATE TABLE `b_event_message_attachment` (
  `EVENT_MESSAGE_ID` int(18) NOT NULL,
  `FILE_ID` int(18) NOT NULL,
  PRIMARY KEY (`EVENT_MESSAGE_ID`,`FILE_ID`)
) ENGINE=InnoDB DEFAULT CHARSET=utf8 COLLATE=utf8_unicode_ci;
/*!40101 SET character_set_client = @saved_cs_client */;

--
-- Dumping data for table `b_event_message_attachment`
--

LOCK TABLES `b_event_message_attachment` WRITE;
/*!40000 ALTER TABLE `b_event_message_attachment` DISABLE KEYS */;
/*!40000 ALTER TABLE `b_event_message_attachment` ENABLE KEYS */;
UNLOCK TABLES;

--
-- Table structure for table `b_event_message_site`
--

DROP TABLE IF EXISTS `b_event_message_site`;
/*!40101 SET @saved_cs_client     = @@character_set_client */;
/*!40101 SET character_set_client = utf8 */;
CREATE TABLE `b_event_message_site` (
  `EVENT_MESSAGE_ID` int(11) NOT NULL,
  `SITE_ID` char(2) COLLATE utf8_unicode_ci NOT NULL,
  PRIMARY KEY (`EVENT_MESSAGE_ID`,`SITE_ID`)
) ENGINE=InnoDB DEFAULT CHARSET=utf8 COLLATE=utf8_unicode_ci;
/*!40101 SET character_set_client = @saved_cs_client */;

--
-- Dumping data for table `b_event_message_site`
--

LOCK TABLES `b_event_message_site` WRITE;
/*!40000 ALTER TABLE `b_event_message_site` DISABLE KEYS */;
INSERT INTO `b_event_message_site` VALUES (1,'s1'),(2,'s1'),(3,'s1'),(4,'s1'),(5,'s1'),(6,'s1'),(7,'s1'),(8,'s1');
/*!40000 ALTER TABLE `b_event_message_site` ENABLE KEYS */;
UNLOCK TABLES;

--
-- Table structure for table `b_event_type`
--

DROP TABLE IF EXISTS `b_event_type`;
/*!40101 SET @saved_cs_client     = @@character_set_client */;
/*!40101 SET character_set_client = utf8 */;
CREATE TABLE `b_event_type` (
  `ID` int(18) NOT NULL AUTO_INCREMENT,
  `LID` char(2) COLLATE utf8_unicode_ci NOT NULL,
  `EVENT_NAME` varchar(255) COLLATE utf8_unicode_ci NOT NULL,
  `NAME` varchar(100) COLLATE utf8_unicode_ci DEFAULT NULL,
  `DESCRIPTION` text COLLATE utf8_unicode_ci DEFAULT NULL,
  `SORT` int(18) NOT NULL DEFAULT 150,
  PRIMARY KEY (`ID`),
  UNIQUE KEY `ux_1` (`EVENT_NAME`,`LID`)
) ENGINE=InnoDB AUTO_INCREMENT=17 DEFAULT CHARSET=utf8 COLLATE=utf8_unicode_ci;
/*!40101 SET character_set_client = @saved_cs_client */;

--
-- Dumping data for table `b_event_type`
--

LOCK TABLES `b_event_type` WRITE;
/*!40000 ALTER TABLE `b_event_type` DISABLE KEYS */;
INSERT INTO `b_event_type` VALUES (1,'ru','NEW_USER','Зарегистрировался новый пользователь','\n\n#USER_ID# - ID пользователя\n#LOGIN# - Логин\n#EMAIL# - EMail\n#NAME# - Имя\n#LAST_NAME# - Фамилия\n#USER_IP# - IP пользователя\n#USER_HOST# - Хост пользователя\n',1),(2,'ru','USER_INFO','Информация о пользователе','\n\n#USER_ID# - ID пользователя\n#STATUS# - Статус логина\n#MESSAGE# - Сообщение пользователю\n#LOGIN# - Логин\n#URL_LOGIN# - Логин, закодированный для использования в URL\n#CHECKWORD# - Контрольная строка для смены пароля\n#NAME# - Имя\n#LAST_NAME# - Фамилия\n#EMAIL# - E-Mail пользователя\n',2),(3,'ru','NEW_USER_CONFIRM','Подтверждение регистрации нового пользователя','\n\n\n#USER_ID# - ID пользователя\n#LOGIN# - Логин\n#EMAIL# - EMail\n#NAME# - Имя\n#LAST_NAME# - Фамилия\n#USER_IP# - IP пользователя\n#USER_HOST# - Хост пользователя\n#CONFIRM_CODE# - Код подтверждения\n',3),(4,'ru','USER_PASS_REQUEST','Запрос на смену пароля','\n\n#USER_ID# - ID пользователя\n#STATUS# - Статус логина\n#MESSAGE# - Сообщение пользователю\n#LOGIN# - Логин\n#URL_LOGIN# - Логин, закодированный для использования в URL\n#CHECKWORD# - Контрольная строка для смены пароля\n#NAME# - Имя\n#LAST_NAME# - Фамилия\n#EMAIL# - E-Mail пользователя\n',4),(5,'ru','USER_PASS_CHANGED','Подтверждение смены пароля','\n\n#USER_ID# - ID пользователя\n#STATUS# - Статус логина\n#MESSAGE# - Сообщение пользователю\n#LOGIN# - Логин\n#URL_LOGIN# - Логин, закодированный для использования в URL\n#CHECKWORD# - Контрольная строка для смены пароля\n#NAME# - Имя\n#LAST_NAME# - Фамилия\n#EMAIL# - E-Mail пользователя\n',5),(6,'ru','USER_INVITE','Приглашение на сайт нового пользователя','#ID# - ID пользователя\n#LOGIN# - Логин\n#URL_LOGIN# - Логин, закодированный для использования в URL\n#EMAIL# - EMail\n#NAME# - Имя\n#LAST_NAME# - Фамилия\n#PASSWORD# - пароль пользователя \n#CHECKWORD# - Контрольная строка для смены пароля\n#XML_ID# - ID пользователя для связи с внешними источниками\n',6),(7,'ru','FEEDBACK_FORM','Отправка сообщения через форму обратной связи','#AUTHOR# - Автор сообщения\n#AUTHOR_EMAIL# - Email автора сообщения\n#TEXT# - Текст сообщения\n#EMAIL_FROM# - Email отправителя письма\n#EMAIL_TO# - Email получателя письма',7),(8,'ru','MAIN_MAIL_CONFIRM_CODE','Подтверждение email-адреса отправителя','\n\n#EMAIL_TO# - Email-адрес для подтверждения\n#MESSAGE_SUBJECT# - Тема сообщения\n#CONFIRM_CODE# - Код подтверждения',8),(9,'en','NEW_USER','New user was registered','\n\n#USER_ID# - User ID\n#LOGIN# - Login\n#EMAIL# - EMail\n#NAME# - Name\n#LAST_NAME# - Last Name\n#USER_IP# - User IP\n#USER_HOST# - User Host\n',1),(10,'en','USER_INFO','Account Information','\n\n#USER_ID# - User ID\n#STATUS# - Account status\n#MESSAGE# - Message for user\n#LOGIN# - Login\n#URL_LOGIN# - Encoded login for use in URL\n#CHECKWORD# - Check string for password change\n#NAME# - Name\n#LAST_NAME# - Last Name\n#EMAIL# - User E-Mail\n',2),(11,'en','NEW_USER_CONFIRM','New user registration confirmation','\n\n#USER_ID# - User ID\n#LOGIN# - Login\n#EMAIL# - E-mail\n#NAME# - First name\n#LAST_NAME# - Last name\n#USER_IP# - User IP\n#USER_HOST# - User host\n#CONFIRM_CODE# - Confirmation code\n',3),(12,'en','USER_PASS_REQUEST','Password Change Request','\n\n#USER_ID# - User ID\n#STATUS# - Account status\n#MESSAGE# - Message for user\n#LOGIN# - Login\n#URL_LOGIN# - Encoded login for use in URL\n#CHECKWORD# - Check string for password change\n#NAME# - Name\n#LAST_NAME# - Last Name\n#EMAIL# - User E-Mail\n',4),(13,'en','USER_PASS_CHANGED','Password Change Confirmation','\n\n#USER_ID# - User ID\n#STATUS# - Account status\n#MESSAGE# - Message for user\n#LOGIN# - Login\n#URL_LOGIN# - Encoded login for use in URL\n#CHECKWORD# - Check string for password change\n#NAME# - Name\n#LAST_NAME# - Last Name\n#EMAIL# - User E-Mail\n',5),(14,'en','USER_INVITE','Invitation of a new site user','#ID# - User ID\n#LOGIN# - Login\n#URL_LOGIN# - Encoded login for use in URL\n#EMAIL# - EMail\n#NAME# - Name\n#LAST_NAME# - Last Name\n#PASSWORD# - User password \n#CHECKWORD# - Password check string\n#XML_ID# - User ID to link with external data sources\n\n',6),(15,'en','FEEDBACK_FORM','Sending a message using a feedback form','#AUTHOR# - Message author\n#AUTHOR_EMAIL# - Author\'s e-mail address\n#TEXT# - Message text\n#EMAIL_FROM# - Sender\'s e-mail address\n#EMAIL_TO# - Recipient\'s e-mail address',7),(16,'en','MAIN_MAIL_CONFIRM_CODE','Confirm sender\'s email address','\n\n#EMAIL_TO# - confirmation email address\n#MESSAGE_SUBJECT# - Message subject\n#CONFIRM_CODE# - Confirmation code',8);
/*!40000 ALTER TABLE `b_event_type` ENABLE KEYS */;
UNLOCK TABLES;

--
-- Table structure for table `b_favorite`
--

DROP TABLE IF EXISTS `b_favorite`;
/*!40101 SET @saved_cs_client     = @@character_set_client */;
/*!40101 SET character_set_client = utf8 */;
CREATE TABLE `b_favorite` (
  `ID` int(18) NOT NULL AUTO_INCREMENT,
  `TIMESTAMP_X` datetime DEFAULT NULL,
  `DATE_CREATE` datetime DEFAULT NULL,
  `C_SORT` int(18) NOT NULL DEFAULT 100,
  `MODIFIED_BY` int(18) DEFAULT NULL,
  `CREATED_BY` int(18) DEFAULT NULL,
  `MODULE_ID` varchar(50) COLLATE utf8_unicode_ci DEFAULT NULL,
  `NAME` varchar(255) COLLATE utf8_unicode_ci DEFAULT NULL,
  `URL` text COLLATE utf8_unicode_ci DEFAULT NULL,
  `COMMENTS` text COLLATE utf8_unicode_ci DEFAULT NULL,
  `LANGUAGE_ID` char(2) COLLATE utf8_unicode_ci DEFAULT NULL,
  `USER_ID` int(11) DEFAULT NULL,
  `CODE_ID` int(18) DEFAULT NULL,
  `COMMON` char(1) COLLATE utf8_unicode_ci NOT NULL DEFAULT 'Y',
  `MENU_ID` varchar(255) COLLATE utf8_unicode_ci DEFAULT NULL,
  PRIMARY KEY (`ID`)
) ENGINE=InnoDB DEFAULT CHARSET=utf8 COLLATE=utf8_unicode_ci;
/*!40101 SET character_set_client = @saved_cs_client */;

--
-- Dumping data for table `b_favorite`
--

LOCK TABLES `b_favorite` WRITE;
/*!40000 ALTER TABLE `b_favorite` DISABLE KEYS */;
/*!40000 ALTER TABLE `b_favorite` ENABLE KEYS */;
UNLOCK TABLES;

--
-- Table structure for table `b_file`
--

DROP TABLE IF EXISTS `b_file`;
/*!40101 SET @saved_cs_client     = @@character_set_client */;
/*!40101 SET character_set_client = utf8 */;
CREATE TABLE `b_file` (
  `ID` int(18) NOT NULL AUTO_INCREMENT,
  `TIMESTAMP_X` timestamp NOT NULL DEFAULT current_timestamp() ON UPDATE current_timestamp(),
  `MODULE_ID` varchar(50) COLLATE utf8_unicode_ci DEFAULT NULL,
  `HEIGHT` int(18) DEFAULT NULL,
  `WIDTH` int(18) DEFAULT NULL,
  `FILE_SIZE` bigint(20) DEFAULT NULL,
  `CONTENT_TYPE` varchar(255) COLLATE utf8_unicode_ci DEFAULT 'IMAGE',
  `SUBDIR` varchar(255) COLLATE utf8_unicode_ci DEFAULT NULL,
  `FILE_NAME` varchar(255) COLLATE utf8_unicode_ci NOT NULL,
  `ORIGINAL_NAME` varchar(255) COLLATE utf8_unicode_ci DEFAULT NULL,
  `DESCRIPTION` varchar(255) COLLATE utf8_unicode_ci DEFAULT NULL,
  `HANDLER_ID` varchar(50) COLLATE utf8_unicode_ci DEFAULT NULL,
  `EXTERNAL_ID` varchar(50) COLLATE utf8_unicode_ci DEFAULT NULL,
  PRIMARY KEY (`ID`),
  KEY `IX_B_FILE_EXTERNAL_ID` (`EXTERNAL_ID`)
) ENGINE=InnoDB AUTO_INCREMENT=4 DEFAULT CHARSET=utf8 COLLATE=utf8_unicode_ci;
/*!40101 SET character_set_client = @saved_cs_client */;

--
-- Dumping data for table `b_file`
--

LOCK TABLES `b_file` WRITE;
/*!40000 ALTER TABLE `b_file` DISABLE KEYS */;
INSERT INTO `b_file` VALUES (1,'2019-03-02 12:54:06','main',208,663,174088,'image/png','uf/108','10832a7ddf01ab23e36d060123a373d2.png','car-model-G70.png','',NULL,'d60bd31bfee00fea06be7a9e483744a5'),(2,'2019-03-02 12:54:13','main',226,714,228308,'image/png','uf/4e4','4e4512782324f6edb851723b4eed3125.png','car-model-G80.png','',NULL,'3a871ac5431d0b75c27129b967997434'),(3,'2019-03-02 12:54:20','main',189,617,140875,'image/png','uf/cc2','cc2d3cc2ce1a23261eb6431489704199.png','car-model-G90.png','',NULL,'600f4a114fb729406f3cf4d3b440e8e0');
/*!40000 ALTER TABLE `b_file` ENABLE KEYS */;
UNLOCK TABLES;

--
-- Table structure for table `b_file_preview`
--

DROP TABLE IF EXISTS `b_file_preview`;
/*!40101 SET @saved_cs_client     = @@character_set_client */;
/*!40101 SET character_set_client = utf8 */;
CREATE TABLE `b_file_preview` (
  `ID` int(18) NOT NULL AUTO_INCREMENT,
  `FILE_ID` int(18) NOT NULL,
  `PREVIEW_ID` int(18) DEFAULT NULL,
  `PREVIEW_IMAGE_ID` int(18) DEFAULT NULL,
  `CREATED_AT` datetime NOT NULL,
  `TOUCHED_AT` datetime DEFAULT NULL,
  PRIMARY KEY (`ID`),
  KEY `IX_B_FILE_PL_TOUCH` (`TOUCHED_AT`),
  KEY `IX_B_FILE_PL_FILE` (`FILE_ID`)
) ENGINE=InnoDB DEFAULT CHARSET=utf8 COLLATE=utf8_unicode_ci;
/*!40101 SET character_set_client = @saved_cs_client */;

--
-- Dumping data for table `b_file_preview`
--

LOCK TABLES `b_file_preview` WRITE;
/*!40000 ALTER TABLE `b_file_preview` DISABLE KEYS */;
/*!40000 ALTER TABLE `b_file_preview` ENABLE KEYS */;
UNLOCK TABLES;

--
-- Table structure for table `b_file_search`
--

DROP TABLE IF EXISTS `b_file_search`;
/*!40101 SET @saved_cs_client     = @@character_set_client */;
/*!40101 SET character_set_client = utf8 */;
CREATE TABLE `b_file_search` (
  `ID` int(11) NOT NULL AUTO_INCREMENT,
  `SESS_ID` varchar(255) COLLATE utf8_unicode_ci NOT NULL,
  `TIMESTAMP_X` timestamp NOT NULL DEFAULT current_timestamp() ON UPDATE current_timestamp(),
  `F_PATH` varchar(255) COLLATE utf8_unicode_ci DEFAULT NULL,
  `B_DIR` int(11) NOT NULL DEFAULT 0,
  `F_SIZE` int(11) NOT NULL DEFAULT 0,
  `F_TIME` int(11) NOT NULL DEFAULT 0,
  PRIMARY KEY (`ID`)
) ENGINE=InnoDB DEFAULT CHARSET=utf8 COLLATE=utf8_unicode_ci;
/*!40101 SET character_set_client = @saved_cs_client */;

--
-- Dumping data for table `b_file_search`
--

LOCK TABLES `b_file_search` WRITE;
/*!40000 ALTER TABLE `b_file_search` DISABLE KEYS */;
/*!40000 ALTER TABLE `b_file_search` ENABLE KEYS */;
UNLOCK TABLES;

--
-- Table structure for table `b_filters`
--

DROP TABLE IF EXISTS `b_filters`;
/*!40101 SET @saved_cs_client     = @@character_set_client */;
/*!40101 SET character_set_client = utf8 */;
CREATE TABLE `b_filters` (
  `ID` int(18) NOT NULL AUTO_INCREMENT,
  `USER_ID` int(18) DEFAULT NULL,
  `FILTER_ID` varchar(255) COLLATE utf8_unicode_ci NOT NULL,
  `NAME` varchar(255) COLLATE utf8_unicode_ci NOT NULL,
  `FIELDS` text COLLATE utf8_unicode_ci NOT NULL,
  `COMMON` char(1) COLLATE utf8_unicode_ci DEFAULT NULL,
  `PRESET` char(1) COLLATE utf8_unicode_ci DEFAULT NULL,
  `LANGUAGE_ID` char(2) COLLATE utf8_unicode_ci DEFAULT NULL,
  `PRESET_ID` varchar(255) COLLATE utf8_unicode_ci DEFAULT NULL,
  `SORT` int(18) DEFAULT NULL,
  `SORT_FIELD` varchar(255) COLLATE utf8_unicode_ci DEFAULT NULL,
  PRIMARY KEY (`ID`)
) ENGINE=InnoDB DEFAULT CHARSET=utf8 COLLATE=utf8_unicode_ci;
/*!40101 SET character_set_client = @saved_cs_client */;

--
-- Dumping data for table `b_filters`
--

LOCK TABLES `b_filters` WRITE;
/*!40000 ALTER TABLE `b_filters` DISABLE KEYS */;
/*!40000 ALTER TABLE `b_filters` ENABLE KEYS */;
UNLOCK TABLES;

--
-- Table structure for table `b_finder_dest`
--

DROP TABLE IF EXISTS `b_finder_dest`;
/*!40101 SET @saved_cs_client     = @@character_set_client */;
/*!40101 SET character_set_client = utf8 */;
CREATE TABLE `b_finder_dest` (
  `USER_ID` int(11) NOT NULL,
  `CODE` varchar(30) COLLATE utf8_unicode_ci NOT NULL,
  `CODE_USER_ID` int(11) DEFAULT NULL,
  `CODE_TYPE` varchar(10) COLLATE utf8_unicode_ci DEFAULT NULL,
  `CONTEXT` varchar(50) COLLATE utf8_unicode_ci NOT NULL,
  `LAST_USE_DATE` datetime DEFAULT NULL,
  PRIMARY KEY (`USER_ID`,`CODE`,`CONTEXT`),
  KEY `IX_FINDER_DEST` (`CODE_TYPE`)
) ENGINE=InnoDB DEFAULT CHARSET=utf8 COLLATE=utf8_unicode_ci;
/*!40101 SET character_set_client = @saved_cs_client */;

--
-- Dumping data for table `b_finder_dest`
--

LOCK TABLES `b_finder_dest` WRITE;
/*!40000 ALTER TABLE `b_finder_dest` DISABLE KEYS */;
/*!40000 ALTER TABLE `b_finder_dest` ENABLE KEYS */;
UNLOCK TABLES;

--
-- Table structure for table `b_geoip_handlers`
--

DROP TABLE IF EXISTS `b_geoip_handlers`;
/*!40101 SET @saved_cs_client     = @@character_set_client */;
/*!40101 SET character_set_client = utf8 */;
CREATE TABLE `b_geoip_handlers` (
  `ID` int(11) NOT NULL AUTO_INCREMENT,
  `SORT` int(10) NOT NULL DEFAULT 100,
  `ACTIVE` char(1) COLLATE utf8_unicode_ci NOT NULL DEFAULT 'Y',
  `CLASS_NAME` varchar(255) COLLATE utf8_unicode_ci NOT NULL,
  `CONFIG` text COLLATE utf8_unicode_ci DEFAULT NULL,
  PRIMARY KEY (`ID`)
) ENGINE=InnoDB AUTO_INCREMENT=3 DEFAULT CHARSET=utf8 COLLATE=utf8_unicode_ci;
/*!40101 SET character_set_client = @saved_cs_client */;

--
-- Dumping data for table `b_geoip_handlers`
--

LOCK TABLES `b_geoip_handlers` WRITE;
/*!40000 ALTER TABLE `b_geoip_handlers` DISABLE KEYS */;
INSERT INTO `b_geoip_handlers` VALUES (1,100,'N','\\Bitrix\\Main\\Service\\GeoIp\\MaxMind',NULL),(2,110,'Y','\\Bitrix\\Main\\Service\\GeoIp\\SypexGeo',NULL);
/*!40000 ALTER TABLE `b_geoip_handlers` ENABLE KEYS */;
UNLOCK TABLES;

--
-- Table structure for table `b_group`
--

DROP TABLE IF EXISTS `b_group`;
/*!40101 SET @saved_cs_client     = @@character_set_client */;
/*!40101 SET character_set_client = utf8 */;
CREATE TABLE `b_group` (
  `ID` int(18) NOT NULL AUTO_INCREMENT,
  `TIMESTAMP_X` timestamp NOT NULL DEFAULT current_timestamp() ON UPDATE current_timestamp(),
  `ACTIVE` char(1) COLLATE utf8_unicode_ci NOT NULL DEFAULT 'Y',
  `C_SORT` int(18) NOT NULL DEFAULT 100,
  `ANONYMOUS` char(1) COLLATE utf8_unicode_ci NOT NULL DEFAULT 'N',
  `IS_SYSTEM` char(1) COLLATE utf8_unicode_ci NOT NULL DEFAULT 'Y',
  `NAME` varchar(255) COLLATE utf8_unicode_ci NOT NULL,
  `DESCRIPTION` varchar(255) COLLATE utf8_unicode_ci DEFAULT NULL,
  `SECURITY_POLICY` text COLLATE utf8_unicode_ci DEFAULT NULL,
  `STRING_ID` varchar(255) COLLATE utf8_unicode_ci DEFAULT NULL,
  PRIMARY KEY (`ID`)
) ENGINE=InnoDB AUTO_INCREMENT=10 DEFAULT CHARSET=utf8 COLLATE=utf8_unicode_ci;
/*!40101 SET character_set_client = @saved_cs_client */;

--
-- Dumping data for table `b_group`
--

LOCK TABLES `b_group` WRITE;
/*!40000 ALTER TABLE `b_group` DISABLE KEYS */;
INSERT INTO `b_group` VALUES (1,'2019-12-11 16:56:30','Y',1,'N','Y','Администраторы','Полный доступ к управлению сайтом.','a:0:{}','super'),(2,'2019-02-27 16:19:11','Y',2,'Y','Y','Все пользователи (в том числе неавторизованные)','Все пользователи, включая неавторизованных.',NULL,NULL),(3,'2019-02-27 16:19:11','Y',3,'N','Y','Пользователи, имеющие право голосовать за рейтинг','В эту группу пользователи добавляются автоматически.',NULL,'RATING_VOTE'),(4,'2019-02-27 16:19:11','Y',4,'N','Y','Пользователи имеющие право голосовать за авторитет','В эту группу пользователи добавляются автоматически.',NULL,'RATING_VOTE_AUTHORITY'),(5,'2019-12-11 15:50:25','Y',5,'N','Y','Хостес','','a:0:{}','hostess'),(6,'2019-12-11 15:50:44','Y',6,'N','Y','Координатор','','a:0:{}','coordinator');
/*!40000 ALTER TABLE `b_group` ENABLE KEYS */;
UNLOCK TABLES;

--
-- Table structure for table `b_group_collection_task`
--

DROP TABLE IF EXISTS `b_group_collection_task`;
/*!40101 SET @saved_cs_client     = @@character_set_client */;
/*!40101 SET character_set_client = utf8 */;
CREATE TABLE `b_group_collection_task` (
  `GROUP_ID` int(11) NOT NULL,
  `TASK_ID` int(11) NOT NULL,
  `COLLECTION_ID` int(11) NOT NULL,
  PRIMARY KEY (`GROUP_ID`,`TASK_ID`,`COLLECTION_ID`)
) ENGINE=InnoDB DEFAULT CHARSET=utf8 COLLATE=utf8_unicode_ci;
/*!40101 SET character_set_client = @saved_cs_client */;

--
-- Dumping data for table `b_group_collection_task`
--

LOCK TABLES `b_group_collection_task` WRITE;
/*!40000 ALTER TABLE `b_group_collection_task` DISABLE KEYS */;
/*!40000 ALTER TABLE `b_group_collection_task` ENABLE KEYS */;
UNLOCK TABLES;

--
-- Table structure for table `b_group_subordinate`
--

DROP TABLE IF EXISTS `b_group_subordinate`;
/*!40101 SET @saved_cs_client     = @@character_set_client */;
/*!40101 SET character_set_client = utf8 */;
CREATE TABLE `b_group_subordinate` (
  `ID` int(18) NOT NULL,
  `AR_SUBGROUP_ID` text COLLATE utf8_unicode_ci NOT NULL,
  PRIMARY KEY (`ID`)
) ENGINE=InnoDB DEFAULT CHARSET=utf8 COLLATE=utf8_unicode_ci;
/*!40101 SET character_set_client = @saved_cs_client */;

--
-- Dumping data for table `b_group_subordinate`
--

LOCK TABLES `b_group_subordinate` WRITE;
/*!40000 ALTER TABLE `b_group_subordinate` DISABLE KEYS */;
/*!40000 ALTER TABLE `b_group_subordinate` ENABLE KEYS */;
UNLOCK TABLES;

--
-- Table structure for table `b_group_task`
--

DROP TABLE IF EXISTS `b_group_task`;
/*!40101 SET @saved_cs_client     = @@character_set_client */;
/*!40101 SET character_set_client = utf8 */;
CREATE TABLE `b_group_task` (
  `GROUP_ID` int(18) NOT NULL,
  `TASK_ID` int(18) NOT NULL,
  `EXTERNAL_ID` varchar(50) COLLATE utf8_unicode_ci DEFAULT '',
  PRIMARY KEY (`GROUP_ID`,`TASK_ID`)
) ENGINE=InnoDB DEFAULT CHARSET=utf8 COLLATE=utf8_unicode_ci;
/*!40101 SET character_set_client = @saved_cs_client */;

--
-- Dumping data for table `b_group_task`
--

LOCK TABLES `b_group_task` WRITE;
/*!40000 ALTER TABLE `b_group_task` DISABLE KEYS */;
/*!40000 ALTER TABLE `b_group_task` ENABLE KEYS */;
UNLOCK TABLES;

--
-- Table structure for table `b_hlblock_entity`
--

DROP TABLE IF EXISTS `b_hlblock_entity`;
/*!40101 SET @saved_cs_client     = @@character_set_client */;
/*!40101 SET character_set_client = utf8 */;
CREATE TABLE `b_hlblock_entity` (
  `ID` int(11) unsigned NOT NULL AUTO_INCREMENT,
  `NAME` varchar(100) COLLATE utf8_unicode_ci NOT NULL,
  `TABLE_NAME` varchar(64) COLLATE utf8_unicode_ci NOT NULL,
  PRIMARY KEY (`ID`)
) ENGINE=InnoDB AUTO_INCREMENT=7 DEFAULT CHARSET=utf8 COLLATE=utf8_unicode_ci;
/*!40101 SET character_set_client = @saved_cs_client */;

--
-- Dumping data for table `b_hlblock_entity`
--

LOCK TABLES `b_hlblock_entity` WRITE;
/*!40000 ALTER TABLE `b_hlblock_entity` DISABLE KEYS */;
INSERT INTO `b_hlblock_entity` VALUES (1,'Model','model'),(2,'TestdriveRole','testdrive_role'),(3,'ClientType','client_type'),(4,'RequestType','request_type'),(6,'LeadStatus','lead_status');
/*!40000 ALTER TABLE `b_hlblock_entity` ENABLE KEYS */;
UNLOCK TABLES;

--
-- Table structure for table `b_hlblock_entity_lang`
--

DROP TABLE IF EXISTS `b_hlblock_entity_lang`;
/*!40101 SET @saved_cs_client     = @@character_set_client */;
/*!40101 SET character_set_client = utf8 */;
CREATE TABLE `b_hlblock_entity_lang` (
  `ID` int(11) unsigned NOT NULL,
  `LID` char(2) COLLATE utf8_unicode_ci NOT NULL,
  `NAME` varchar(100) COLLATE utf8_unicode_ci NOT NULL
) ENGINE=InnoDB DEFAULT CHARSET=utf8 COLLATE=utf8_unicode_ci;
/*!40101 SET character_set_client = @saved_cs_client */;

--
-- Dumping data for table `b_hlblock_entity_lang`
--

LOCK TABLES `b_hlblock_entity_lang` WRITE;
/*!40000 ALTER TABLE `b_hlblock_entity_lang` DISABLE KEYS */;
INSERT INTO `b_hlblock_entity_lang` VALUES (1,'ru','Модель авто'),(1,'en','Модель авто'),(3,'ru','Тип клиента'),(3,'en','Тип клиента'),(4,'ru','Тип заявки'),(4,'en','Тип заявки'),(2,'ru','Тип тест-драйва'),(2,'en','Тип тест-драйва'),(6,'ru','Статус лида'),(6,'en','Статус лида');
/*!40000 ALTER TABLE `b_hlblock_entity_lang` ENABLE KEYS */;
UNLOCK TABLES;

--
-- Table structure for table `b_hlblock_entity_rights`
--

DROP TABLE IF EXISTS `b_hlblock_entity_rights`;
/*!40101 SET @saved_cs_client     = @@character_set_client */;
/*!40101 SET character_set_client = utf8 */;
CREATE TABLE `b_hlblock_entity_rights` (
  `ID` int(11) unsigned NOT NULL AUTO_INCREMENT,
  `HL_ID` int(11) unsigned NOT NULL,
  `TASK_ID` int(11) unsigned NOT NULL,
  `ACCESS_CODE` varchar(50) COLLATE utf8_unicode_ci NOT NULL,
  PRIMARY KEY (`ID`)
) ENGINE=InnoDB DEFAULT CHARSET=utf8 COLLATE=utf8_unicode_ci;
/*!40101 SET character_set_client = @saved_cs_client */;

--
-- Dumping data for table `b_hlblock_entity_rights`
--

LOCK TABLES `b_hlblock_entity_rights` WRITE;
/*!40000 ALTER TABLE `b_hlblock_entity_rights` DISABLE KEYS */;
/*!40000 ALTER TABLE `b_hlblock_entity_rights` ENABLE KEYS */;
UNLOCK TABLES;

--
-- Table structure for table `b_hot_keys`
--

DROP TABLE IF EXISTS `b_hot_keys`;
/*!40101 SET @saved_cs_client     = @@character_set_client */;
/*!40101 SET character_set_client = utf8 */;
CREATE TABLE `b_hot_keys` (
  `ID` int(18) NOT NULL AUTO_INCREMENT,
  `KEYS_STRING` varchar(20) COLLATE utf8_unicode_ci NOT NULL,
  `CODE_ID` int(18) NOT NULL,
  `USER_ID` int(18) NOT NULL,
  PRIMARY KEY (`ID`),
  UNIQUE KEY `ix_b_hot_keys_co_u` (`CODE_ID`,`USER_ID`),
  KEY `ix_hot_keys_code` (`CODE_ID`),
  KEY `ix_hot_keys_user` (`USER_ID`)
) ENGINE=InnoDB AUTO_INCREMENT=73 DEFAULT CHARSET=utf8 COLLATE=utf8_unicode_ci;
/*!40101 SET character_set_client = @saved_cs_client */;

--
-- Dumping data for table `b_hot_keys`
--

LOCK TABLES `b_hot_keys` WRITE;
/*!40000 ALTER TABLE `b_hot_keys` DISABLE KEYS */;
INSERT INTO `b_hot_keys` VALUES (1,'Ctrl+Alt+85',139,0),(2,'Ctrl+Alt+80',17,0),(3,'Ctrl+Alt+70',120,0),(4,'Ctrl+Alt+68',117,0),(5,'Ctrl+Alt+81',3,0),(6,'Ctrl+Alt+75',106,0),(7,'Ctrl+Alt+79',133,0),(8,'Ctrl+Alt+70',121,0),(9,'Ctrl+Alt+69',118,0),(10,'Ctrl+Shift+83',87,0),(11,'Ctrl+Shift+88',88,0),(12,'Ctrl+Shift+76',89,0),(13,'Ctrl+Alt+85',139,1),(14,'Ctrl+Alt+80',17,1),(15,'Ctrl+Alt+70',120,1),(16,'Ctrl+Alt+68',117,1),(17,'Ctrl+Alt+81',3,1),(18,'Ctrl+Alt+75',106,1),(19,'Ctrl+Alt+79',133,1),(20,'Ctrl+Alt+70',121,1),(21,'Ctrl+Alt+69',118,1),(22,'Ctrl+Shift+83',87,1),(23,'Ctrl+Shift+88',88,1),(24,'Ctrl+Shift+76',89,1),(25,'Ctrl+Alt+85',139,3),(26,'Ctrl+Alt+80',17,3),(27,'Ctrl+Alt+70',120,3),(28,'Ctrl+Alt+68',117,3),(29,'Ctrl+Alt+81',3,3),(30,'Ctrl+Alt+75',106,3),(31,'Ctrl+Alt+79',133,3),(32,'Ctrl+Alt+70',121,3),(33,'Ctrl+Alt+69',118,3),(34,'Ctrl+Shift+83',87,3),(35,'Ctrl+Shift+88',88,3),(36,'Ctrl+Shift+76',89,3),(37,'Ctrl+Alt+85',139,2),(38,'Ctrl+Alt+80',17,2),(39,'Ctrl+Alt+70',120,2),(40,'Ctrl+Alt+68',117,2),(41,'Ctrl+Alt+81',3,2),(42,'Ctrl+Alt+75',106,2),(43,'Ctrl+Alt+79',133,2),(44,'Ctrl+Alt+70',121,2),(45,'Ctrl+Alt+69',118,2),(46,'Ctrl+Shift+83',87,2),(47,'Ctrl+Shift+88',88,2),(48,'Ctrl+Shift+76',89,2),(49,'Ctrl+Alt+85',139,4),(50,'Ctrl+Alt+80',17,4),(51,'Ctrl+Alt+70',120,4),(52,'Ctrl+Alt+68',117,4),(53,'Ctrl+Alt+81',3,4),(54,'Ctrl+Alt+75',106,4),(55,'Ctrl+Alt+79',133,4),(56,'Ctrl+Alt+70',121,4),(57,'Ctrl+Alt+69',118,4),(58,'Ctrl+Shift+83',87,4),(59,'Ctrl+Shift+88',88,4),(60,'Ctrl+Shift+76',89,4),(61,'Ctrl+Alt+85',139,5),(62,'Ctrl+Alt+80',17,5),(63,'Ctrl+Alt+70',120,5),(64,'Ctrl+Alt+68',117,5),(65,'Ctrl+Alt+81',3,5),(66,'Ctrl+Alt+75',106,5),(67,'Ctrl+Alt+79',133,5),(68,'Ctrl+Alt+70',121,5),(69,'Ctrl+Alt+69',118,5),(70,'Ctrl+Shift+83',87,5),(71,'Ctrl+Shift+88',88,5),(72,'Ctrl+Shift+76',89,5);
/*!40000 ALTER TABLE `b_hot_keys` ENABLE KEYS */;
UNLOCK TABLES;

--
-- Table structure for table `b_hot_keys_code`
--

DROP TABLE IF EXISTS `b_hot_keys_code`;
/*!40101 SET @saved_cs_client     = @@character_set_client */;
/*!40101 SET character_set_client = utf8 */;
CREATE TABLE `b_hot_keys_code` (
  `ID` int(18) NOT NULL AUTO_INCREMENT,
  `CLASS_NAME` varchar(50) COLLATE utf8_unicode_ci DEFAULT NULL,
  `CODE` varchar(255) COLLATE utf8_unicode_ci DEFAULT NULL,
  `NAME` varchar(255) COLLATE utf8_unicode_ci DEFAULT NULL,
  `COMMENTS` varchar(255) COLLATE utf8_unicode_ci DEFAULT NULL,
  `TITLE_OBJ` varchar(50) COLLATE utf8_unicode_ci DEFAULT NULL,
  `URL` varchar(255) COLLATE utf8_unicode_ci DEFAULT NULL,
  `IS_CUSTOM` tinyint(1) NOT NULL DEFAULT 1,
  PRIMARY KEY (`ID`),
  KEY `ix_hot_keys_code_cn` (`CLASS_NAME`),
  KEY `ix_hot_keys_code_url` (`URL`)
) ENGINE=InnoDB AUTO_INCREMENT=140 DEFAULT CHARSET=utf8 COLLATE=utf8_unicode_ci;
/*!40101 SET character_set_client = @saved_cs_client */;

--
-- Dumping data for table `b_hot_keys_code`
--

LOCK TABLES `b_hot_keys_code` WRITE;
/*!40000 ALTER TABLE `b_hot_keys_code` DISABLE KEYS */;
INSERT INTO `b_hot_keys_code` VALUES (3,'CAdminTabControl','NextTab();','HK_DB_CADMINTC','HK_DB_CADMINTC_C','tab-container','',0),(5,'btn_new','var d=BX (\'btn_new\'); if (d) location.href = d.href;','HK_DB_BUT_ADD','HK_DB_BUT_ADD_C','btn_new','',0),(6,'btn_excel','var d=BX(\'btn_excel\'); if (d) location.href = d.href;','HK_DB_BUT_EXL','HK_DB_BUT_EXL_C','btn_excel','',0),(7,'btn_settings','var d=BX(\'btn_settings\'); if (d) location.href = d.href;','HK_DB_BUT_OPT','HK_DB_BUT_OPT_C','btn_settings','',0),(8,'btn_list','var d=BX(\'btn_list\'); if (d) location.href = d.href;','HK_DB_BUT_LST','HK_DB_BUT_LST_C','btn_list','',0),(9,'Edit_Save_Button','var d=BX .findChild(document, {attribute: {\'name\': \'save\'}}, true );  if (d) d.click();','HK_DB_BUT_SAVE','HK_DB_BUT_SAVE_C','Edit_Save_Button','',0),(10,'btn_delete','var d=BX(\'btn_delete\'); if (d) location.href = d.href;','HK_DB_BUT_DEL','HK_DB_BUT_DEL_C','btn_delete','',0),(12,'CAdminFilter','var d=BX .findChild(document, {attribute: {\'name\': \'find\'}}, true ); if (d) d.focus();','HK_DB_FLT_FND','HK_DB_FLT_FND_C','find','',0),(13,'CAdminFilter','var d=BX .findChild(document, {attribute: {\'name\': \'set_filter\'}}, true );  if (d) d.click();','HK_DB_FLT_BUT_F','HK_DB_FLT_BUT_F_C','set_filter','',0),(14,'CAdminFilter','var d=BX .findChild(document, {attribute: {\'name\': \'del_filter\'}}, true );  if (d) d.click();','HK_DB_FLT_BUT_CNL','HK_DB_FLT_BUT_CNL_C','del_filter','',0),(15,'bx-panel-admin-button-help-icon-id','var d=BX(\'bx-panel-admin-button-help-icon-id\'); if (d) location.href = d.href;','HK_DB_BUT_HLP','HK_DB_BUT_HLP_C','bx-panel-admin-button-help-icon-id','',0),(17,'Global','BXHotKeys.ShowSettings();','HK_DB_SHW_L','HK_DB_SHW_L_C','bx-panel-hotkeys','',0),(19,'Edit_Apply_Button','var d=BX .findChild(document, {attribute: {\'name\': \'apply\'}}, true );  if (d) d.click();','HK_DB_BUT_APPL','HK_DB_BUT_APPL_C','Edit_Apply_Button','',0),(20,'Edit_Cancel_Button','var d=BX .findChild(document, {attribute: {\'name\': \'cancel\'}}, true );  if (d) d.click();','HK_DB_BUT_CANCEL','HK_DB_BUT_CANCEL_C','Edit_Cancel_Button','',0),(54,'top_panel_org_fav','','-=AUTONAME=-',NULL,'top_panel_org_fav',NULL,0),(55,'top_panel_module_settings','','-=AUTONAME=-',NULL,'top_panel_module_settings','',0),(56,'top_panel_interface_settings','','-=AUTONAME=-',NULL,'top_panel_interface_settings','',0),(57,'top_panel_help','','-=AUTONAME=-',NULL,'top_panel_help','',0),(58,'top_panel_bizproc_tasks','','-=AUTONAME=-',NULL,'top_panel_bizproc_tasks','',0),(59,'top_panel_add_fav','','-=AUTONAME=-',NULL,'top_panel_add_fav',NULL,0),(60,'top_panel_create_page','','-=AUTONAME=-',NULL,'top_panel_create_page','',0),(62,'top_panel_create_folder','','-=AUTONAME=-',NULL,'top_panel_create_folder','',0),(63,'top_panel_edit_page','','-=AUTONAME=-',NULL,'top_panel_edit_page','',0),(64,'top_panel_page_prop','','-=AUTONAME=-',NULL,'top_panel_page_prop','',0),(65,'top_panel_edit_page_html','','-=AUTONAME=-',NULL,'top_panel_edit_page_html','',0),(67,'top_panel_edit_page_php','','-=AUTONAME=-',NULL,'top_panel_edit_page_php','',0),(68,'top_panel_del_page','','-=AUTONAME=-',NULL,'top_panel_del_page','',0),(69,'top_panel_folder_prop','','-=AUTONAME=-',NULL,'top_panel_folder_prop','',0),(70,'top_panel_access_folder_new','','-=AUTONAME=-',NULL,'top_panel_access_folder_new','',0),(71,'main_top_panel_struct_panel','','-=AUTONAME=-',NULL,'main_top_panel_struct_panel','',0),(72,'top_panel_cache_page','','-=AUTONAME=-',NULL,'top_panel_cache_page','',0),(73,'top_panel_cache_comp','','-=AUTONAME=-',NULL,'top_panel_cache_comp','',0),(74,'top_panel_cache_not','','-=AUTONAME=-',NULL,'top_panel_cache_not','',0),(75,'top_panel_edit_mode','','-=AUTONAME=-',NULL,'top_panel_edit_mode','',0),(76,'top_panel_templ_site_css','','-=AUTONAME=-',NULL,'top_panel_templ_site_css','',0),(77,'top_panel_templ_templ_css','','-=AUTONAME=-',NULL,'top_panel_templ_templ_css','',0),(78,'top_panel_templ_site','','-=AUTONAME=-',NULL,'top_panel_templ_site','',0),(81,'top_panel_debug_time','','-=AUTONAME=-',NULL,'top_panel_debug_time','',0),(82,'top_panel_debug_incl','','-=AUTONAME=-',NULL,'top_panel_debug_incl','',0),(83,'top_panel_debug_sql','','-=AUTONAME=-',NULL,'top_panel_debug_sql',NULL,0),(84,'top_panel_debug_compr','','-=AUTONAME=-',NULL,'top_panel_debug_compr','',0),(85,'MTP_SHORT_URI1','','-=AUTONAME=-',NULL,'MTP_SHORT_URI1','',0),(86,'MTP_SHORT_URI_LIST','','-=AUTONAME=-',NULL,'MTP_SHORT_URI_LIST','',0),(87,'FMST_PANEL_STICKER_ADD','','-=AUTONAME=-',NULL,'FMST_PANEL_STICKER_ADD','',0),(88,'FMST_PANEL_STICKERS_SHOW','','-=AUTONAME=-',NULL,'FMST_PANEL_STICKERS_SHOW','',0),(89,'FMST_PANEL_CUR_STICKER_LIST','','-=AUTONAME=-',NULL,'FMST_PANEL_CUR_STICKER_LIST','',0),(90,'FMST_PANEL_ALL_STICKER_LIST','','-=AUTONAME=-',NULL,'FMST_PANEL_ALL_STICKER_LIST','',0),(91,'top_panel_menu','var d=BX(\"bx-panel-menu\"); if (d) d.click();','-=AUTONAME=-',NULL,'bx-panel-menu','',0),(92,'top_panel_admin','var d=BX(\'bx-panel-admin-tab\'); if (d) location.href = d.href;','-=AUTONAME=-',NULL,'bx-panel-admin-tab','',0),(93,'admin_panel_site','var d=BX(\'bx-panel-view-tab\'); if (d) location.href = d.href;','-=AUTONAME=-',NULL,'bx-panel-view-tab','',0),(94,'admin_panel_admin','var d=BX(\'bx-panel-admin-tab\'); if (d) location.href = d.href;','-=AUTONAME=-',NULL,'bx-panel-admin-tab','',0),(96,'top_panel_folder_prop_new','','-=AUTONAME=-',NULL,'top_panel_folder_prop_new','',0),(97,'main_top_panel_structure','','-=AUTONAME=-',NULL,'main_top_panel_structure','',0),(98,'top_panel_clear_cache','','-=AUTONAME=-',NULL,'top_panel_clear_cache','',0),(99,'top_panel_templ','','-=AUTONAME=-',NULL,'top_panel_templ','',0),(100,'top_panel_debug','','-=AUTONAME=-',NULL,'top_panel_debug','',0),(101,'MTP_SHORT_URI','','-=AUTONAME=-',NULL,'MTP_SHORT_URI','',0),(102,'FMST_PANEL_STICKERS','','-=AUTONAME=-',NULL,'FMST_PANEL_STICKERS','',0),(103,'top_panel_settings','','-=AUTONAME=-',NULL,'top_panel_settings','',0),(104,'top_panel_fav','','-=AUTONAME=-',NULL,'top_panel_fav','',0),(106,'Global','location.href=\'/bitrix/admin/hot_keys_list.php?lang=ru\';','HK_DB_SHW_HK','','','',0),(107,'top_panel_edit_new','','-=AUTONAME=-',NULL,'top_panel_edit_new','',0),(108,'FLOW_PANEL_CREATE_WITH_WF','','-=AUTONAME=-',NULL,'FLOW_PANEL_CREATE_WITH_WF','',0),(109,'FLOW_PANEL_EDIT_WITH_WF','','-=AUTONAME=-',NULL,'FLOW_PANEL_EDIT_WITH_WF','',0),(110,'FLOW_PANEL_HISTORY','','-=AUTONAME=-',NULL,'FLOW_PANEL_HISTORY','',0),(111,'top_panel_create_new','','-=AUTONAME=-',NULL,'top_panel_create_new','',0),(112,'top_panel_create_folder_new','','-=AUTONAME=-',NULL,'top_panel_create_folder_new','',0),(116,'bx-panel-toggle','','-=AUTONAME=-',NULL,'bx-panel-toggle','',0),(117,'bx-panel-small-toggle','','-=AUTONAME=-',NULL,'bx-panel-small-toggle','',0),(118,'bx-panel-expander','var d=BX(\'bx-panel-expander\'); if (d) BX.fireEvent(d, \'click\');','-=AUTONAME=-',NULL,'bx-panel-expander','',0),(119,'bx-panel-hider','var d=BX(\'bx-panel-hider\'); if (d) d.click();','-=AUTONAME=-',NULL,'bx-panel-hider','',0),(120,'search-textbox-input','var d=BX(\'search-textbox-input\'); if (d) { d.click(); d.focus();}','-=AUTONAME=-','','search','',0),(121,'bx-search-input','var d=BX(\'bx-search-input\'); if (d) { d.click(); d.focus(); }','-=AUTONAME=-','','bx-search-input','',0),(133,'bx-panel-logout','var d=BX(\'bx-panel-logout\'); if (d) location.href = d.href;','-=AUTONAME=-','','bx-panel-logout','',0),(135,'CDialog','var d=BX(\'cancel\'); if (d) d.click();','HK_DB_D_CANCEL','','cancel','',0),(136,'CDialog','var d=BX(\'close\'); if (d) d.click();','HK_DB_D_CLOSE','','close','',0),(137,'CDialog','var d=BX(\'savebtn\'); if (d) d.click();','HK_DB_D_SAVE','','savebtn','',0),(138,'CDialog','var d=BX(\'btn_popup_save\'); if (d) d.click();','HK_DB_D_EDIT_SAVE','','btn_popup_save','',0),(139,'Global','location.href=\'/bitrix/admin/user_admin.php?lang=\'+phpVars.LANGUAGE_ID;','HK_DB_SHW_U','','','',0);
/*!40000 ALTER TABLE `b_hot_keys_code` ENABLE KEYS */;
UNLOCK TABLES;

--
-- Table structure for table `b_iblock`
--

DROP TABLE IF EXISTS `b_iblock`;
/*!40101 SET @saved_cs_client     = @@character_set_client */;
/*!40101 SET character_set_client = utf8 */;
CREATE TABLE `b_iblock` (
  `ID` int(11) NOT NULL AUTO_INCREMENT,
  `TIMESTAMP_X` timestamp NOT NULL DEFAULT current_timestamp() ON UPDATE current_timestamp(),
  `IBLOCK_TYPE_ID` varchar(50) COLLATE utf8_unicode_ci NOT NULL,
  `LID` char(2) COLLATE utf8_unicode_ci NOT NULL,
  `CODE` varchar(50) COLLATE utf8_unicode_ci DEFAULT NULL,
  `NAME` varchar(255) COLLATE utf8_unicode_ci NOT NULL,
  `ACTIVE` char(1) COLLATE utf8_unicode_ci NOT NULL DEFAULT 'Y',
  `SORT` int(11) NOT NULL DEFAULT 500,
  `LIST_PAGE_URL` varchar(255) COLLATE utf8_unicode_ci DEFAULT NULL,
  `DETAIL_PAGE_URL` varchar(255) COLLATE utf8_unicode_ci DEFAULT NULL,
  `SECTION_PAGE_URL` varchar(255) COLLATE utf8_unicode_ci DEFAULT NULL,
  `CANONICAL_PAGE_URL` varchar(255) COLLATE utf8_unicode_ci DEFAULT NULL,
  `PICTURE` int(18) DEFAULT NULL,
  `DESCRIPTION` text COLLATE utf8_unicode_ci DEFAULT NULL,
  `DESCRIPTION_TYPE` char(4) COLLATE utf8_unicode_ci NOT NULL DEFAULT 'text',
  `RSS_TTL` int(11) NOT NULL DEFAULT 24,
  `RSS_ACTIVE` char(1) COLLATE utf8_unicode_ci NOT NULL DEFAULT 'Y',
  `RSS_FILE_ACTIVE` char(1) COLLATE utf8_unicode_ci NOT NULL DEFAULT 'N',
  `RSS_FILE_LIMIT` int(11) DEFAULT NULL,
  `RSS_FILE_DAYS` int(11) DEFAULT NULL,
  `RSS_YANDEX_ACTIVE` char(1) COLLATE utf8_unicode_ci NOT NULL DEFAULT 'N',
  `XML_ID` varchar(255) COLLATE utf8_unicode_ci DEFAULT NULL,
  `TMP_ID` varchar(40) COLLATE utf8_unicode_ci DEFAULT NULL,
  `INDEX_ELEMENT` char(1) COLLATE utf8_unicode_ci NOT NULL DEFAULT 'Y',
  `INDEX_SECTION` char(1) COLLATE utf8_unicode_ci NOT NULL DEFAULT 'N',
  `WORKFLOW` char(1) COLLATE utf8_unicode_ci NOT NULL DEFAULT 'Y',
  `BIZPROC` char(1) COLLATE utf8_unicode_ci NOT NULL DEFAULT 'N',
  `SECTION_CHOOSER` char(1) COLLATE utf8_unicode_ci DEFAULT NULL,
  `LIST_MODE` char(1) COLLATE utf8_unicode_ci DEFAULT NULL,
  `RIGHTS_MODE` char(1) COLLATE utf8_unicode_ci DEFAULT NULL,
  `SECTION_PROPERTY` char(1) COLLATE utf8_unicode_ci DEFAULT NULL,
  `PROPERTY_INDEX` char(1) COLLATE utf8_unicode_ci DEFAULT NULL,
  `VERSION` int(11) NOT NULL DEFAULT 1,
  `LAST_CONV_ELEMENT` int(11) NOT NULL DEFAULT 0,
  `SOCNET_GROUP_ID` int(18) DEFAULT NULL,
  `EDIT_FILE_BEFORE` varchar(255) COLLATE utf8_unicode_ci DEFAULT NULL,
  `EDIT_FILE_AFTER` varchar(255) COLLATE utf8_unicode_ci DEFAULT NULL,
  `SECTIONS_NAME` varchar(100) COLLATE utf8_unicode_ci DEFAULT NULL,
  `SECTION_NAME` varchar(100) COLLATE utf8_unicode_ci DEFAULT NULL,
  `ELEMENTS_NAME` varchar(100) COLLATE utf8_unicode_ci DEFAULT NULL,
  `ELEMENT_NAME` varchar(100) COLLATE utf8_unicode_ci DEFAULT NULL,
  PRIMARY KEY (`ID`),
  KEY `ix_iblock` (`IBLOCK_TYPE_ID`,`LID`,`ACTIVE`)
) ENGINE=InnoDB AUTO_INCREMENT=10 DEFAULT CHARSET=utf8 COLLATE=utf8_unicode_ci;
/*!40101 SET character_set_client = @saved_cs_client */;

--
-- Dumping data for table `b_iblock`
--

LOCK TABLES `b_iblock` WRITE;
/*!40000 ALTER TABLE `b_iblock` DISABLE KEYS */;
INSERT INTO `b_iblock` VALUES (1,'2019-03-02 12:23:34','lead','s1','lead','Лиды/Заявки','Y',500,'#SITE_DIR#/lead/','#SITE_DIR#/lead/#ELEMENT_ID#/',NULL,'',NULL,'','text',24,'Y','N',NULL,NULL,'N',NULL,NULL,'N','N','N','N','L','','S','N','Y',1,0,NULL,'','',NULL,NULL,'Элементы','Элемент'),(2,'2019-02-28 18:13:38','sale','s1','sale','Сейлы','Y',500,'','',NULL,'',NULL,'','text',24,'Y','N',NULL,NULL,'N',NULL,NULL,'N','N','N','N','L','','S','N','N',1,0,NULL,'','',NULL,NULL,'Элементы','Элемент'),(3,'2019-11-27 15:18:04','reg_events','s1','dealer','Дилеры','Y',100,NULL,NULL,NULL,NULL,NULL,NULL,'text',24,'Y','N',NULL,NULL,'N',NULL,NULL,'Y','Y','N','N','L',NULL,'S',NULL,NULL,1,0,NULL,NULL,NULL,NULL,NULL,NULL,NULL),(4,'2019-11-27 15:18:05','reg_events','s1','events','События','Y',150,NULL,NULL,NULL,NULL,NULL,NULL,'text',24,'Y','N',NULL,NULL,'N',NULL,NULL,'Y','Y','N','N','L',NULL,'S',NULL,NULL,1,0,NULL,NULL,NULL,NULL,NULL,NULL,NULL),(9,'2019-11-29 10:28:51','reg_events','s1','guests','Гости','Y',150,'','',NULL,'',NULL,'','text',24,'Y','N',NULL,NULL,'N',NULL,NULL,'Y','Y','N','N','L','','S',NULL,NULL,1,0,NULL,'','',NULL,NULL,'Элементы','Элемент');
/*!40000 ALTER TABLE `b_iblock` ENABLE KEYS */;
UNLOCK TABLES;

--
-- Table structure for table `b_iblock_1_index`
--

DROP TABLE IF EXISTS `b_iblock_1_index`;
/*!40101 SET @saved_cs_client     = @@character_set_client */;
/*!40101 SET character_set_client = utf8 */;
CREATE TABLE `b_iblock_1_index` (
  `SECTION_ID` int(11) NOT NULL,
  `ELEMENT_ID` int(11) NOT NULL,
  `FACET_ID` int(11) NOT NULL,
  `VALUE` int(11) NOT NULL,
  `VALUE_NUM` double NOT NULL,
  `INCLUDE_SUBSECTIONS` int(11) NOT NULL,
  PRIMARY KEY (`SECTION_ID`,`FACET_ID`,`VALUE`,`VALUE_NUM`,`ELEMENT_ID`),
  KEY `IX_b_iblock_1_index_0` (`SECTION_ID`,`FACET_ID`,`VALUE_NUM`,`VALUE`,`ELEMENT_ID`),
  KEY `IX_b_iblock_1_index_1` (`ELEMENT_ID`,`SECTION_ID`,`FACET_ID`)
) ENGINE=InnoDB DEFAULT CHARSET=utf8 COLLATE=utf8_unicode_ci;
/*!40101 SET character_set_client = @saved_cs_client */;

--
-- Dumping data for table `b_iblock_1_index`
--

LOCK TABLES `b_iblock_1_index` WRITE;
/*!40000 ALTER TABLE `b_iblock_1_index` DISABLE KEYS */;
/*!40000 ALTER TABLE `b_iblock_1_index` ENABLE KEYS */;
UNLOCK TABLES;

--
-- Table structure for table `b_iblock_1_index_val`
--

DROP TABLE IF EXISTS `b_iblock_1_index_val`;
/*!40101 SET @saved_cs_client     = @@character_set_client */;
/*!40101 SET character_set_client = utf8 */;
CREATE TABLE `b_iblock_1_index_val` (
  `ID` int(11) NOT NULL AUTO_INCREMENT,
  `VALUE` varchar(2000) COLLATE utf8_unicode_ci NOT NULL,
  PRIMARY KEY (`ID`),
  KEY `IX_b_iblock_1_index_val_0` (`VALUE`(200))
) ENGINE=InnoDB DEFAULT CHARSET=utf8 COLLATE=utf8_unicode_ci;
/*!40101 SET character_set_client = @saved_cs_client */;

--
-- Dumping data for table `b_iblock_1_index_val`
--

LOCK TABLES `b_iblock_1_index_val` WRITE;
/*!40000 ALTER TABLE `b_iblock_1_index_val` DISABLE KEYS */;
/*!40000 ALTER TABLE `b_iblock_1_index_val` ENABLE KEYS */;
UNLOCK TABLES;

--
-- Table structure for table `b_iblock_cache`
--

DROP TABLE IF EXISTS `b_iblock_cache`;
/*!40101 SET @saved_cs_client     = @@character_set_client */;
/*!40101 SET character_set_client = utf8 */;
CREATE TABLE `b_iblock_cache` (
  `CACHE_KEY` varchar(35) COLLATE utf8_unicode_ci NOT NULL,
  `CACHE` longtext COLLATE utf8_unicode_ci NOT NULL,
  `CACHE_DATE` datetime NOT NULL,
  PRIMARY KEY (`CACHE_KEY`)
) ENGINE=InnoDB DEFAULT CHARSET=utf8 COLLATE=utf8_unicode_ci;
/*!40101 SET character_set_client = @saved_cs_client */;

--
-- Dumping data for table `b_iblock_cache`
--

LOCK TABLES `b_iblock_cache` WRITE;
/*!40000 ALTER TABLE `b_iblock_cache` DISABLE KEYS */;
/*!40000 ALTER TABLE `b_iblock_cache` ENABLE KEYS */;
UNLOCK TABLES;

--
-- Table structure for table `b_iblock_element`
--

DROP TABLE IF EXISTS `b_iblock_element`;
/*!40101 SET @saved_cs_client     = @@character_set_client */;
/*!40101 SET character_set_client = utf8 */;
CREATE TABLE `b_iblock_element` (
  `ID` int(11) NOT NULL AUTO_INCREMENT,
  `TIMESTAMP_X` datetime DEFAULT NULL,
  `MODIFIED_BY` int(18) DEFAULT NULL,
  `DATE_CREATE` datetime DEFAULT NULL,
  `CREATED_BY` int(18) DEFAULT NULL,
  `IBLOCK_ID` int(11) NOT NULL DEFAULT 0,
  `IBLOCK_SECTION_ID` int(11) DEFAULT NULL,
  `ACTIVE` char(1) COLLATE utf8_unicode_ci NOT NULL DEFAULT 'Y',
  `ACTIVE_FROM` datetime DEFAULT NULL,
  `ACTIVE_TO` datetime DEFAULT NULL,
  `SORT` int(11) NOT NULL DEFAULT 500,
  `NAME` varchar(255) COLLATE utf8_unicode_ci NOT NULL,
  `PREVIEW_PICTURE` int(18) DEFAULT NULL,
  `PREVIEW_TEXT` text COLLATE utf8_unicode_ci DEFAULT NULL,
  `PREVIEW_TEXT_TYPE` varchar(4) COLLATE utf8_unicode_ci NOT NULL DEFAULT 'text',
  `DETAIL_PICTURE` int(18) DEFAULT NULL,
  `DETAIL_TEXT` longtext COLLATE utf8_unicode_ci DEFAULT NULL,
  `DETAIL_TEXT_TYPE` varchar(4) COLLATE utf8_unicode_ci NOT NULL DEFAULT 'text',
  `SEARCHABLE_CONTENT` text COLLATE utf8_unicode_ci DEFAULT NULL,
  `WF_STATUS_ID` int(18) DEFAULT 1,
  `WF_PARENT_ELEMENT_ID` int(11) DEFAULT NULL,
  `WF_NEW` char(1) COLLATE utf8_unicode_ci DEFAULT NULL,
  `WF_LOCKED_BY` int(18) DEFAULT NULL,
  `WF_DATE_LOCK` datetime DEFAULT NULL,
  `WF_COMMENTS` text COLLATE utf8_unicode_ci DEFAULT NULL,
  `IN_SECTIONS` char(1) COLLATE utf8_unicode_ci NOT NULL DEFAULT 'N',
  `XML_ID` varchar(255) COLLATE utf8_unicode_ci DEFAULT NULL,
  `CODE` varchar(255) COLLATE utf8_unicode_ci DEFAULT NULL,
  `TAGS` varchar(255) COLLATE utf8_unicode_ci DEFAULT NULL,
  `TMP_ID` varchar(40) COLLATE utf8_unicode_ci DEFAULT NULL,
  `WF_LAST_HISTORY_ID` int(11) DEFAULT NULL,
  `SHOW_COUNTER` int(18) DEFAULT NULL,
  `SHOW_COUNTER_START` datetime DEFAULT NULL,
  PRIMARY KEY (`ID`),
  KEY `ix_iblock_element_1` (`IBLOCK_ID`,`IBLOCK_SECTION_ID`),
  KEY `ix_iblock_element_4` (`IBLOCK_ID`,`XML_ID`,`WF_PARENT_ELEMENT_ID`),
  KEY `ix_iblock_element_3` (`WF_PARENT_ELEMENT_ID`),
  KEY `ix_iblock_element_code` (`IBLOCK_ID`,`CODE`)
) ENGINE=InnoDB AUTO_INCREMENT=3000 DEFAULT CHARSET=utf8 COLLATE=utf8_unicode_ci;
/*!40101 SET character_set_client = @saved_cs_client */;

--
-- Dumping data for table `b_iblock_element`
--

LOCK TABLES `b_iblock_element` WRITE;
/*!40000 ALTER TABLE `b_iblock_element` DISABLE KEYS */;
INSERT INTO `b_iblock_element` VALUES (1,'2019-02-28 21:15:27',1,'2019-02-28 21:14:41',1,2,NULL,'Y',NULL,NULL,100,'Юрий Тестовский',NULL,'','text',NULL,'','text','ЮРИЙ ТЕСТОВСКИЙ\r\n\r\n',1,NULL,NULL,NULL,NULL,NULL,'N','1','','','0',NULL,NULL,NULL),(2,'2019-02-28 21:15:27',1,'2019-02-28 21:14:52',1,2,NULL,'Y',NULL,NULL,200,'Дмитрий Тестов',NULL,'','text',NULL,'','text','ДМИТРИЙ ТЕСТОВ\r\n\r\n',1,NULL,NULL,NULL,NULL,NULL,'N','2','','','0',NULL,NULL,NULL),(2987,'2019-12-07 13:11:04',4,'2019-12-03 12:39:18',4,4,NULL,'Y',NULL,NULL,500,'Событие 1',NULL,'','text',NULL,'','text','СОБЫТИЕ 1\r\n\r\n',1,NULL,NULL,NULL,NULL,NULL,'N','2987','','','0',NULL,NULL,NULL),(2988,'2019-12-03 12:59:49',4,'2019-12-03 12:59:49',4,3,NULL,'Y',NULL,NULL,500,'Дилер №1',NULL,'','text',NULL,'','text','ДИЛЕР №1\r\n\r\n',1,NULL,NULL,NULL,NULL,NULL,'N','2988','','','0',NULL,NULL,NULL),(2989,'2019-12-03 13:00:05',4,'2019-12-03 13:00:05',4,3,NULL,'Y',NULL,NULL,500,'Дилер №2',NULL,'','text',NULL,'','text','ДИЛЕР №2\r\n\r\n',1,NULL,NULL,NULL,NULL,NULL,'N','2989','','','0',NULL,NULL,NULL),(2990,'2019-12-03 13:00:18',4,'2019-12-03 13:00:18',4,3,NULL,'Y',NULL,NULL,500,'Дилер №3',NULL,'','text',NULL,'','text','ДИЛЕР №3\r\n\r\n',1,NULL,NULL,NULL,NULL,NULL,'N','2990','','','0',NULL,NULL,NULL),(2991,'2019-12-12 16:45:56',4,'2019-12-03 13:27:02',4,9,NULL,'Y',NULL,NULL,500,'Игорь',NULL,'','text',NULL,'','text','ИГОРЬ\r\n\r\n',1,NULL,NULL,NULL,NULL,NULL,'N','2991','','','0',NULL,NULL,NULL),(2992,'2019-12-07 13:10:57',4,'2019-12-03 14:16:46',4,4,NULL,'Y',NULL,NULL,500,'Событие 2',NULL,'','text',NULL,'','text','СОБЫТИЕ 2\r\n\r\n',1,NULL,NULL,NULL,NULL,NULL,'N','3000','','','0',NULL,NULL,NULL),(2993,'2019-12-07 18:09:39',4,'2019-12-03 14:16:47',4,4,NULL,'Y',NULL,NULL,500,'Событие 3',NULL,'','text',NULL,'','text','СОБЫТИЕ 3\r\n\r\n',1,NULL,NULL,NULL,NULL,NULL,'N','3001','','','0',NULL,NULL,NULL),(2994,'2019-12-11 14:49:26',4,'2019-12-03 14:16:47',4,4,NULL,'Y',NULL,NULL,500,'Событие 4',NULL,'','text',NULL,'','text','СОБЫТИЕ 4\r\n\r\n',1,NULL,NULL,NULL,NULL,NULL,'N','3002','','','0',NULL,NULL,NULL),(2995,'2019-12-11 14:49:39',4,'2019-12-03 14:16:48',4,4,NULL,'Y',NULL,NULL,500,'Событие 5',NULL,'','text',NULL,'','text','СОБЫТИЕ 5\r\n\r\n',1,NULL,NULL,NULL,NULL,NULL,'N','3003','','','0',NULL,NULL,NULL),(2996,'2019-12-07 13:10:25',4,'2019-12-03 14:16:48',4,4,NULL,'Y',NULL,NULL,500,'Событие 6',NULL,'','text',NULL,'','text','СОБЫТИЕ 6\r\n\r\n',1,NULL,NULL,NULL,NULL,NULL,'N','3004','','','0',NULL,NULL,NULL),(2997,'2019-12-07 13:10:08',4,'2019-12-03 14:16:49',4,4,NULL,'Y',NULL,NULL,500,'Событие 7',NULL,'','text',NULL,'','text','СОБЫТИЕ 7\r\n\r\n',1,NULL,NULL,NULL,NULL,NULL,'N','3005','','','0',NULL,NULL,NULL),(2998,'2019-12-12 16:46:14',4,'2019-12-07 10:27:00',4,9,NULL,'Y',NULL,NULL,500,'Олег',NULL,'','text',NULL,'','text','ОЛЕГ\r\n\r\n',1,NULL,NULL,NULL,NULL,NULL,'N','2998','','','0',NULL,NULL,NULL);
/*!40000 ALTER TABLE `b_iblock_element` ENABLE KEYS */;
UNLOCK TABLES;

--
-- Table structure for table `b_iblock_element_iprop`
--

DROP TABLE IF EXISTS `b_iblock_element_iprop`;
/*!40101 SET @saved_cs_client     = @@character_set_client */;
/*!40101 SET character_set_client = utf8 */;
CREATE TABLE `b_iblock_element_iprop` (
  `IBLOCK_ID` int(11) NOT NULL,
  `SECTION_ID` int(11) NOT NULL,
  `ELEMENT_ID` int(11) NOT NULL,
  `IPROP_ID` int(11) NOT NULL,
  `VALUE` text COLLATE utf8_unicode_ci NOT NULL,
  PRIMARY KEY (`ELEMENT_ID`,`IPROP_ID`),
  KEY `ix_b_iblock_element_iprop_0` (`IPROP_ID`),
  KEY `ix_b_iblock_element_iprop_1` (`IBLOCK_ID`)
) ENGINE=InnoDB DEFAULT CHARSET=utf8 COLLATE=utf8_unicode_ci;
/*!40101 SET character_set_client = @saved_cs_client */;

--
-- Dumping data for table `b_iblock_element_iprop`
--

LOCK TABLES `b_iblock_element_iprop` WRITE;
/*!40000 ALTER TABLE `b_iblock_element_iprop` DISABLE KEYS */;
/*!40000 ALTER TABLE `b_iblock_element_iprop` ENABLE KEYS */;
UNLOCK TABLES;

--
-- Table structure for table `b_iblock_element_lock`
--

DROP TABLE IF EXISTS `b_iblock_element_lock`;
/*!40101 SET @saved_cs_client     = @@character_set_client */;
/*!40101 SET character_set_client = utf8 */;
CREATE TABLE `b_iblock_element_lock` (
  `IBLOCK_ELEMENT_ID` int(11) NOT NULL,
  `DATE_LOCK` datetime DEFAULT NULL,
  `LOCKED_BY` varchar(32) COLLATE utf8_unicode_ci DEFAULT NULL,
  PRIMARY KEY (`IBLOCK_ELEMENT_ID`)
) ENGINE=InnoDB DEFAULT CHARSET=utf8 COLLATE=utf8_unicode_ci;
/*!40101 SET character_set_client = @saved_cs_client */;

--
-- Dumping data for table `b_iblock_element_lock`
--

LOCK TABLES `b_iblock_element_lock` WRITE;
/*!40000 ALTER TABLE `b_iblock_element_lock` DISABLE KEYS */;
/*!40000 ALTER TABLE `b_iblock_element_lock` ENABLE KEYS */;
UNLOCK TABLES;

--
-- Table structure for table `b_iblock_element_property`
--

DROP TABLE IF EXISTS `b_iblock_element_property`;
/*!40101 SET @saved_cs_client     = @@character_set_client */;
/*!40101 SET character_set_client = utf8 */;
CREATE TABLE `b_iblock_element_property` (
  `ID` int(11) NOT NULL AUTO_INCREMENT,
  `IBLOCK_PROPERTY_ID` int(11) NOT NULL,
  `IBLOCK_ELEMENT_ID` int(11) NOT NULL,
  `VALUE` text COLLATE utf8_unicode_ci NOT NULL,
  `VALUE_TYPE` char(4) COLLATE utf8_unicode_ci NOT NULL DEFAULT 'text',
  `VALUE_ENUM` int(11) DEFAULT NULL,
  `VALUE_NUM` decimal(18,4) DEFAULT NULL,
  `DESCRIPTION` varchar(255) COLLATE utf8_unicode_ci DEFAULT NULL,
  PRIMARY KEY (`ID`),
  KEY `ix_iblock_element_property_1` (`IBLOCK_ELEMENT_ID`,`IBLOCK_PROPERTY_ID`),
  KEY `ix_iblock_element_property_2` (`IBLOCK_PROPERTY_ID`),
  KEY `ix_iblock_element_prop_enum` (`VALUE_ENUM`,`IBLOCK_PROPERTY_ID`),
  KEY `ix_iblock_element_prop_num` (`VALUE_NUM`,`IBLOCK_PROPERTY_ID`)
) ENGINE=InnoDB AUTO_INCREMENT=15544 DEFAULT CHARSET=utf8 COLLATE=utf8_unicode_ci;
/*!40101 SET character_set_client = @saved_cs_client */;

--
-- Dumping data for table `b_iblock_element_property`
--

LOCK TABLES `b_iblock_element_property` WRITE;
/*!40000 ALTER TABLE `b_iblock_element_property` DISABLE KEYS */;
INSERT INTO `b_iblock_element_property` VALUES (15405,61,2991,'2994','text',NULL,2994.0000,''),(15463,16,2987,'Событие 1','text',NULL,0.0000,''),(15464,18,2987,'50','text',NULL,50.0000,''),(15465,19,2987,'10','text',NULL,10.0000,''),(15466,20,2987,'2988','text',NULL,2988.0000,NULL),(15467,16,2992,'Событие 2','text',NULL,0.0000,''),(15468,18,2992,'50','text',NULL,50.0000,''),(15469,19,2992,'10','text',NULL,10.0000,''),(15470,20,2992,'2988','text',NULL,2988.0000,NULL),(15471,16,2993,'Событие 3','text',NULL,0.0000,''),(15474,20,2993,'2990','text',NULL,2990.0000,''),(15475,16,2994,'Событие 4','text',NULL,0.0000,''),(15476,18,2994,'20','text',NULL,20.0000,''),(15477,19,2994,'5','text',NULL,5.0000,''),(15478,20,2994,'2989','text',NULL,2989.0000,NULL),(15479,16,2995,'Событие 5','text',NULL,0.0000,''),(15480,18,2995,'30','text',NULL,30.0000,''),(15481,19,2995,'10','text',NULL,10.0000,''),(15482,20,2995,'2989','text',NULL,2989.0000,NULL),(15483,16,2996,'Событие 6','text',NULL,0.0000,''),(15484,18,2996,'50','text',NULL,50.0000,''),(15485,19,2996,'10','text',NULL,10.0000,''),(15486,20,2996,'2990','text',NULL,2990.0000,NULL),(15487,16,2997,'Событие 7','text',NULL,0.0000,''),(15488,18,2997,'50','text',NULL,50.0000,''),(15489,19,2997,'10','text',NULL,10.0000,''),(15490,20,2997,'2990','text',NULL,2990.0000,NULL),(15491,62,2991,'Кондрашин','text',NULL,0.0000,''),(15492,64,2991,'Валерьевич','text',NULL,0.0000,''),(15493,65,2991,'+7 (916) 024-3678','text',NULL,7.0000,''),(15494,66,2991,'ivkondr@mail.ru','text',NULL,0.0000,''),(15495,67,2991,'male','text',NULL,0.0000,''),(15496,68,2991,'Audi','text',NULL,0.0000,''),(15497,69,2991,'2016','text',NULL,2016.0000,''),(15510,61,2998,'2994','text',NULL,2994.0000,''),(15511,63,2998,'Олег','text',NULL,0.0000,''),(15513,19,2993,'25','text',25,25.0000,''),(15514,18,2993,'20','text',20,20.0000,''),(15515,62,2998,'Кондрашин','text',NULL,0.0000,''),(15516,64,2998,'Игоревич','text',NULL,0.0000,''),(15517,65,2998,'+791853690178','text',NULL,791853690178.0000,''),(15518,66,2998,'oleg@mail.ru','text',NULL,0.0000,''),(15519,67,2998,'male','text',NULL,0.0000,''),(15520,68,2998,'Opel','text',NULL,0.0000,''),(15521,69,2998,'1994','text',NULL,1994.0000,''),(15522,70,2998,'0','text',NULL,0.0000,''),(15523,17,2997,'Событие #7','text',NULL,0.0000,''),(15524,17,2996,'Событие #6','text',NULL,0.0000,''),(15525,17,2995,'Событие #5','text',NULL,0.0000,''),(15526,17,2994,'Событие #4','text',NULL,0.0000,''),(15527,17,2993,'Событие #3','text',NULL,0.0000,''),(15528,17,2992,'Событие #2','text',NULL,0.0000,''),(15529,17,2987,'Событие #1','text',NULL,0.0000,''),(15542,70,2991,'1','text',1,1.0000,''),(15543,63,2991,'Игорь','text',0,0.0000,'');
/*!40000 ALTER TABLE `b_iblock_element_property` ENABLE KEYS */;
UNLOCK TABLES;

--
-- Table structure for table `b_iblock_element_right`
--

DROP TABLE IF EXISTS `b_iblock_element_right`;
/*!40101 SET @saved_cs_client     = @@character_set_client */;
/*!40101 SET character_set_client = utf8 */;
CREATE TABLE `b_iblock_element_right` (
  `IBLOCK_ID` int(11) NOT NULL,
  `SECTION_ID` int(11) NOT NULL,
  `ELEMENT_ID` int(11) NOT NULL,
  `RIGHT_ID` int(11) NOT NULL,
  `IS_INHERITED` char(1) COLLATE utf8_unicode_ci NOT NULL,
  PRIMARY KEY (`RIGHT_ID`,`ELEMENT_ID`,`SECTION_ID`),
  KEY `ix_b_iblock_element_right_1` (`ELEMENT_ID`,`IBLOCK_ID`),
  KEY `ix_b_iblock_element_right_2` (`IBLOCK_ID`,`RIGHT_ID`)
) ENGINE=InnoDB DEFAULT CHARSET=utf8 COLLATE=utf8_unicode_ci;
/*!40101 SET character_set_client = @saved_cs_client */;

--
-- Dumping data for table `b_iblock_element_right`
--

LOCK TABLES `b_iblock_element_right` WRITE;
/*!40000 ALTER TABLE `b_iblock_element_right` DISABLE KEYS */;
/*!40000 ALTER TABLE `b_iblock_element_right` ENABLE KEYS */;
UNLOCK TABLES;

--
-- Table structure for table `b_iblock_fields`
--

DROP TABLE IF EXISTS `b_iblock_fields`;
/*!40101 SET @saved_cs_client     = @@character_set_client */;
/*!40101 SET character_set_client = utf8 */;
CREATE TABLE `b_iblock_fields` (
  `IBLOCK_ID` int(18) NOT NULL,
  `FIELD_ID` varchar(50) COLLATE utf8_unicode_ci NOT NULL,
  `IS_REQUIRED` char(1) COLLATE utf8_unicode_ci DEFAULT NULL,
  `DEFAULT_VALUE` longtext COLLATE utf8_unicode_ci DEFAULT NULL,
  PRIMARY KEY (`IBLOCK_ID`,`FIELD_ID`)
) ENGINE=InnoDB DEFAULT CHARSET=utf8 COLLATE=utf8_unicode_ci;
/*!40101 SET character_set_client = @saved_cs_client */;

--
-- Dumping data for table `b_iblock_fields`
--

LOCK TABLES `b_iblock_fields` WRITE;
/*!40000 ALTER TABLE `b_iblock_fields` DISABLE KEYS */;
INSERT INTO `b_iblock_fields` VALUES (1,'ACTIVE','Y','Y'),(1,'ACTIVE_FROM','N',''),(1,'ACTIVE_TO','N',''),(1,'CODE','N','a:8:{s:6:\"UNIQUE\";s:1:\"N\";s:15:\"TRANSLITERATION\";s:1:\"N\";s:9:\"TRANS_LEN\";i:100;s:10:\"TRANS_CASE\";s:1:\"L\";s:11:\"TRANS_SPACE\";s:1:\"-\";s:11:\"TRANS_OTHER\";s:1:\"-\";s:9:\"TRANS_EAT\";s:1:\"Y\";s:10:\"USE_GOOGLE\";s:1:\"N\";}'),(1,'DETAIL_PICTURE','N','a:17:{s:5:\"SCALE\";s:1:\"N\";s:5:\"WIDTH\";s:0:\"\";s:6:\"HEIGHT\";s:0:\"\";s:13:\"IGNORE_ERRORS\";s:1:\"N\";s:6:\"METHOD\";s:8:\"resample\";s:11:\"COMPRESSION\";i:95;s:18:\"USE_WATERMARK_TEXT\";s:1:\"N\";s:14:\"WATERMARK_TEXT\";s:0:\"\";s:19:\"WATERMARK_TEXT_FONT\";s:0:\"\";s:20:\"WATERMARK_TEXT_COLOR\";s:0:\"\";s:19:\"WATERMARK_TEXT_SIZE\";s:0:\"\";s:23:\"WATERMARK_TEXT_POSITION\";s:2:\"tl\";s:18:\"USE_WATERMARK_FILE\";s:1:\"N\";s:14:\"WATERMARK_FILE\";s:0:\"\";s:20:\"WATERMARK_FILE_ALPHA\";s:0:\"\";s:23:\"WATERMARK_FILE_POSITION\";s:2:\"tl\";s:20:\"WATERMARK_FILE_ORDER\";N;}'),(1,'DETAIL_TEXT','N',''),(1,'DETAIL_TEXT_TYPE','Y','text'),(1,'DETAIL_TEXT_TYPE_ALLOW_CHANGE','N','Y'),(1,'IBLOCK_SECTION','N','a:1:{s:22:\"KEEP_IBLOCK_SECTION_ID\";s:1:\"N\";}'),(1,'LOG_ELEMENT_ADD','N',NULL),(1,'LOG_ELEMENT_DELETE','N',NULL),(1,'LOG_ELEMENT_EDIT','N',NULL),(1,'LOG_SECTION_ADD','N',NULL),(1,'LOG_SECTION_DELETE','N',NULL),(1,'LOG_SECTION_EDIT','N',NULL),(1,'NAME','Y','Лид'),(1,'PREVIEW_PICTURE','N','a:20:{s:11:\"FROM_DETAIL\";s:1:\"N\";s:5:\"SCALE\";s:1:\"N\";s:5:\"WIDTH\";s:0:\"\";s:6:\"HEIGHT\";s:0:\"\";s:13:\"IGNORE_ERRORS\";s:1:\"N\";s:6:\"METHOD\";s:8:\"resample\";s:11:\"COMPRESSION\";i:95;s:18:\"DELETE_WITH_DETAIL\";s:1:\"N\";s:18:\"UPDATE_WITH_DETAIL\";s:1:\"N\";s:18:\"USE_WATERMARK_TEXT\";s:1:\"N\";s:14:\"WATERMARK_TEXT\";s:0:\"\";s:19:\"WATERMARK_TEXT_FONT\";s:0:\"\";s:20:\"WATERMARK_TEXT_COLOR\";s:0:\"\";s:19:\"WATERMARK_TEXT_SIZE\";s:0:\"\";s:23:\"WATERMARK_TEXT_POSITION\";s:2:\"tl\";s:18:\"USE_WATERMARK_FILE\";s:1:\"N\";s:14:\"WATERMARK_FILE\";s:0:\"\";s:20:\"WATERMARK_FILE_ALPHA\";s:0:\"\";s:23:\"WATERMARK_FILE_POSITION\";s:2:\"tl\";s:20:\"WATERMARK_FILE_ORDER\";N;}'),(1,'PREVIEW_TEXT','N',''),(1,'PREVIEW_TEXT_TYPE','Y','text'),(1,'PREVIEW_TEXT_TYPE_ALLOW_CHANGE','N','Y'),(1,'SECTION_CODE','N','a:8:{s:6:\"UNIQUE\";s:1:\"N\";s:15:\"TRANSLITERATION\";s:1:\"N\";s:9:\"TRANS_LEN\";i:100;s:10:\"TRANS_CASE\";s:1:\"L\";s:11:\"TRANS_SPACE\";s:1:\"-\";s:11:\"TRANS_OTHER\";s:1:\"-\";s:9:\"TRANS_EAT\";s:1:\"Y\";s:10:\"USE_GOOGLE\";s:1:\"N\";}'),(1,'SECTION_DESCRIPTION','N',''),(1,'SECTION_DESCRIPTION_TYPE','Y','text'),(1,'SECTION_DESCRIPTION_TYPE_ALLOW_CHANGE','N','Y'),(1,'SECTION_DETAIL_PICTURE','N','a:17:{s:5:\"SCALE\";s:1:\"N\";s:5:\"WIDTH\";s:0:\"\";s:6:\"HEIGHT\";s:0:\"\";s:13:\"IGNORE_ERRORS\";s:1:\"N\";s:6:\"METHOD\";s:8:\"resample\";s:11:\"COMPRESSION\";i:95;s:18:\"USE_WATERMARK_TEXT\";s:1:\"N\";s:14:\"WATERMARK_TEXT\";s:0:\"\";s:19:\"WATERMARK_TEXT_FONT\";s:0:\"\";s:20:\"WATERMARK_TEXT_COLOR\";s:0:\"\";s:19:\"WATERMARK_TEXT_SIZE\";s:0:\"\";s:23:\"WATERMARK_TEXT_POSITION\";s:2:\"tl\";s:18:\"USE_WATERMARK_FILE\";s:1:\"N\";s:14:\"WATERMARK_FILE\";s:0:\"\";s:20:\"WATERMARK_FILE_ALPHA\";s:0:\"\";s:23:\"WATERMARK_FILE_POSITION\";s:2:\"tl\";s:20:\"WATERMARK_FILE_ORDER\";N;}'),(1,'SECTION_NAME','Y',''),(1,'SECTION_PICTURE','N','a:20:{s:11:\"FROM_DETAIL\";s:1:\"N\";s:5:\"SCALE\";s:1:\"N\";s:5:\"WIDTH\";s:0:\"\";s:6:\"HEIGHT\";s:0:\"\";s:13:\"IGNORE_ERRORS\";s:1:\"N\";s:6:\"METHOD\";s:8:\"resample\";s:11:\"COMPRESSION\";i:95;s:18:\"DELETE_WITH_DETAIL\";s:1:\"N\";s:18:\"UPDATE_WITH_DETAIL\";s:1:\"N\";s:18:\"USE_WATERMARK_TEXT\";s:1:\"N\";s:14:\"WATERMARK_TEXT\";s:0:\"\";s:19:\"WATERMARK_TEXT_FONT\";s:0:\"\";s:20:\"WATERMARK_TEXT_COLOR\";s:0:\"\";s:19:\"WATERMARK_TEXT_SIZE\";s:0:\"\";s:23:\"WATERMARK_TEXT_POSITION\";s:2:\"tl\";s:18:\"USE_WATERMARK_FILE\";s:1:\"N\";s:14:\"WATERMARK_FILE\";s:0:\"\";s:20:\"WATERMARK_FILE_ALPHA\";s:0:\"\";s:23:\"WATERMARK_FILE_POSITION\";s:2:\"tl\";s:20:\"WATERMARK_FILE_ORDER\";N;}'),(1,'SECTION_XML_ID','N',''),(1,'SORT','N','0'),(1,'TAGS','N',''),(1,'XML_ID','Y',''),(1,'XML_IMPORT_START_TIME','N',NULL),(2,'ACTIVE','Y','Y'),(2,'ACTIVE_FROM','N',''),(2,'ACTIVE_TO','N',''),(2,'CODE','N','a:8:{s:6:\"UNIQUE\";s:1:\"N\";s:15:\"TRANSLITERATION\";s:1:\"N\";s:9:\"TRANS_LEN\";i:100;s:10:\"TRANS_CASE\";s:1:\"L\";s:11:\"TRANS_SPACE\";s:1:\"-\";s:11:\"TRANS_OTHER\";s:1:\"-\";s:9:\"TRANS_EAT\";s:1:\"Y\";s:10:\"USE_GOOGLE\";s:1:\"N\";}'),(2,'DETAIL_PICTURE','N','a:17:{s:5:\"SCALE\";s:1:\"N\";s:5:\"WIDTH\";s:0:\"\";s:6:\"HEIGHT\";s:0:\"\";s:13:\"IGNORE_ERRORS\";s:1:\"N\";s:6:\"METHOD\";s:8:\"resample\";s:11:\"COMPRESSION\";i:95;s:18:\"USE_WATERMARK_TEXT\";s:1:\"N\";s:14:\"WATERMARK_TEXT\";s:0:\"\";s:19:\"WATERMARK_TEXT_FONT\";s:0:\"\";s:20:\"WATERMARK_TEXT_COLOR\";s:0:\"\";s:19:\"WATERMARK_TEXT_SIZE\";s:0:\"\";s:23:\"WATERMARK_TEXT_POSITION\";s:2:\"tl\";s:18:\"USE_WATERMARK_FILE\";s:1:\"N\";s:14:\"WATERMARK_FILE\";s:0:\"\";s:20:\"WATERMARK_FILE_ALPHA\";s:0:\"\";s:23:\"WATERMARK_FILE_POSITION\";s:2:\"tl\";s:20:\"WATERMARK_FILE_ORDER\";N;}'),(2,'DETAIL_TEXT','N',''),(2,'DETAIL_TEXT_TYPE','Y','text'),(2,'DETAIL_TEXT_TYPE_ALLOW_CHANGE','N','Y'),(2,'IBLOCK_SECTION','N','a:1:{s:22:\"KEEP_IBLOCK_SECTION_ID\";s:1:\"N\";}'),(2,'LOG_ELEMENT_ADD','N',NULL),(2,'LOG_ELEMENT_DELETE','N',NULL),(2,'LOG_ELEMENT_EDIT','N',NULL),(2,'LOG_SECTION_ADD','N',NULL),(2,'LOG_SECTION_DELETE','N',NULL),(2,'LOG_SECTION_EDIT','N',NULL),(2,'NAME','Y',''),(2,'PREVIEW_PICTURE','N','a:20:{s:11:\"FROM_DETAIL\";s:1:\"N\";s:5:\"SCALE\";s:1:\"N\";s:5:\"WIDTH\";s:0:\"\";s:6:\"HEIGHT\";s:0:\"\";s:13:\"IGNORE_ERRORS\";s:1:\"N\";s:6:\"METHOD\";s:8:\"resample\";s:11:\"COMPRESSION\";i:95;s:18:\"DELETE_WITH_DETAIL\";s:1:\"N\";s:18:\"UPDATE_WITH_DETAIL\";s:1:\"N\";s:18:\"USE_WATERMARK_TEXT\";s:1:\"N\";s:14:\"WATERMARK_TEXT\";s:0:\"\";s:19:\"WATERMARK_TEXT_FONT\";s:0:\"\";s:20:\"WATERMARK_TEXT_COLOR\";s:0:\"\";s:19:\"WATERMARK_TEXT_SIZE\";s:0:\"\";s:23:\"WATERMARK_TEXT_POSITION\";s:2:\"tl\";s:18:\"USE_WATERMARK_FILE\";s:1:\"N\";s:14:\"WATERMARK_FILE\";s:0:\"\";s:20:\"WATERMARK_FILE_ALPHA\";s:0:\"\";s:23:\"WATERMARK_FILE_POSITION\";s:2:\"tl\";s:20:\"WATERMARK_FILE_ORDER\";N;}'),(2,'PREVIEW_TEXT','N',''),(2,'PREVIEW_TEXT_TYPE','Y','text'),(2,'PREVIEW_TEXT_TYPE_ALLOW_CHANGE','N','Y'),(2,'SECTION_CODE','N','a:8:{s:6:\"UNIQUE\";s:1:\"N\";s:15:\"TRANSLITERATION\";s:1:\"N\";s:9:\"TRANS_LEN\";i:100;s:10:\"TRANS_CASE\";s:1:\"L\";s:11:\"TRANS_SPACE\";s:1:\"-\";s:11:\"TRANS_OTHER\";s:1:\"-\";s:9:\"TRANS_EAT\";s:1:\"Y\";s:10:\"USE_GOOGLE\";s:1:\"N\";}'),(2,'SECTION_DESCRIPTION','N',''),(2,'SECTION_DESCRIPTION_TYPE','Y','text'),(2,'SECTION_DESCRIPTION_TYPE_ALLOW_CHANGE','N','Y'),(2,'SECTION_DETAIL_PICTURE','N','a:17:{s:5:\"SCALE\";s:1:\"N\";s:5:\"WIDTH\";s:0:\"\";s:6:\"HEIGHT\";s:0:\"\";s:13:\"IGNORE_ERRORS\";s:1:\"N\";s:6:\"METHOD\";s:8:\"resample\";s:11:\"COMPRESSION\";i:95;s:18:\"USE_WATERMARK_TEXT\";s:1:\"N\";s:14:\"WATERMARK_TEXT\";s:0:\"\";s:19:\"WATERMARK_TEXT_FONT\";s:0:\"\";s:20:\"WATERMARK_TEXT_COLOR\";s:0:\"\";s:19:\"WATERMARK_TEXT_SIZE\";s:0:\"\";s:23:\"WATERMARK_TEXT_POSITION\";s:2:\"tl\";s:18:\"USE_WATERMARK_FILE\";s:1:\"N\";s:14:\"WATERMARK_FILE\";s:0:\"\";s:20:\"WATERMARK_FILE_ALPHA\";s:0:\"\";s:23:\"WATERMARK_FILE_POSITION\";s:2:\"tl\";s:20:\"WATERMARK_FILE_ORDER\";N;}'),(2,'SECTION_NAME','Y',''),(2,'SECTION_PICTURE','N','a:20:{s:11:\"FROM_DETAIL\";s:1:\"N\";s:5:\"SCALE\";s:1:\"N\";s:5:\"WIDTH\";s:0:\"\";s:6:\"HEIGHT\";s:0:\"\";s:13:\"IGNORE_ERRORS\";s:1:\"N\";s:6:\"METHOD\";s:8:\"resample\";s:11:\"COMPRESSION\";i:95;s:18:\"DELETE_WITH_DETAIL\";s:1:\"N\";s:18:\"UPDATE_WITH_DETAIL\";s:1:\"N\";s:18:\"USE_WATERMARK_TEXT\";s:1:\"N\";s:14:\"WATERMARK_TEXT\";s:0:\"\";s:19:\"WATERMARK_TEXT_FONT\";s:0:\"\";s:20:\"WATERMARK_TEXT_COLOR\";s:0:\"\";s:19:\"WATERMARK_TEXT_SIZE\";s:0:\"\";s:23:\"WATERMARK_TEXT_POSITION\";s:2:\"tl\";s:18:\"USE_WATERMARK_FILE\";s:1:\"N\";s:14:\"WATERMARK_FILE\";s:0:\"\";s:20:\"WATERMARK_FILE_ALPHA\";s:0:\"\";s:23:\"WATERMARK_FILE_POSITION\";s:2:\"tl\";s:20:\"WATERMARK_FILE_ORDER\";N;}'),(2,'SECTION_XML_ID','N',''),(2,'SORT','N','0'),(2,'TAGS','N',''),(2,'XML_ID','Y',''),(2,'XML_IMPORT_START_TIME','N',NULL),(9,'ACTIVE','Y','Y'),(9,'ACTIVE_FROM','N',''),(9,'ACTIVE_TO','N',''),(9,'CODE','N','a:8:{s:6:\"UNIQUE\";s:1:\"N\";s:15:\"TRANSLITERATION\";s:1:\"N\";s:9:\"TRANS_LEN\";i:100;s:10:\"TRANS_CASE\";s:1:\"L\";s:11:\"TRANS_SPACE\";s:1:\"-\";s:11:\"TRANS_OTHER\";s:1:\"-\";s:9:\"TRANS_EAT\";s:1:\"Y\";s:10:\"USE_GOOGLE\";s:1:\"N\";}'),(9,'DETAIL_PICTURE','N','a:17:{s:5:\"SCALE\";s:1:\"N\";s:5:\"WIDTH\";s:0:\"\";s:6:\"HEIGHT\";s:0:\"\";s:13:\"IGNORE_ERRORS\";s:1:\"N\";s:6:\"METHOD\";s:8:\"resample\";s:11:\"COMPRESSION\";i:95;s:18:\"USE_WATERMARK_TEXT\";s:1:\"N\";s:14:\"WATERMARK_TEXT\";s:0:\"\";s:19:\"WATERMARK_TEXT_FONT\";s:0:\"\";s:20:\"WATERMARK_TEXT_COLOR\";s:0:\"\";s:19:\"WATERMARK_TEXT_SIZE\";s:0:\"\";s:23:\"WATERMARK_TEXT_POSITION\";s:2:\"tl\";s:18:\"USE_WATERMARK_FILE\";s:1:\"N\";s:14:\"WATERMARK_FILE\";s:0:\"\";s:20:\"WATERMARK_FILE_ALPHA\";s:0:\"\";s:23:\"WATERMARK_FILE_POSITION\";s:2:\"tl\";s:20:\"WATERMARK_FILE_ORDER\";N;}'),(9,'DETAIL_TEXT','N',''),(9,'DETAIL_TEXT_TYPE','Y','text'),(9,'DETAIL_TEXT_TYPE_ALLOW_CHANGE','N','Y'),(9,'IBLOCK_SECTION','N','a:1:{s:22:\"KEEP_IBLOCK_SECTION_ID\";s:1:\"N\";}'),(9,'LOG_ELEMENT_ADD','N',NULL),(9,'LOG_ELEMENT_DELETE','N',NULL),(9,'LOG_ELEMENT_EDIT','N',NULL),(9,'LOG_SECTION_ADD','N',NULL),(9,'LOG_SECTION_DELETE','N',NULL),(9,'LOG_SECTION_EDIT','N',NULL),(9,'NAME','Y',''),(9,'PREVIEW_PICTURE','N','a:20:{s:11:\"FROM_DETAIL\";s:1:\"N\";s:5:\"SCALE\";s:1:\"N\";s:5:\"WIDTH\";s:0:\"\";s:6:\"HEIGHT\";s:0:\"\";s:13:\"IGNORE_ERRORS\";s:1:\"N\";s:6:\"METHOD\";s:8:\"resample\";s:11:\"COMPRESSION\";i:95;s:18:\"DELETE_WITH_DETAIL\";s:1:\"N\";s:18:\"UPDATE_WITH_DETAIL\";s:1:\"N\";s:18:\"USE_WATERMARK_TEXT\";s:1:\"N\";s:14:\"WATERMARK_TEXT\";s:0:\"\";s:19:\"WATERMARK_TEXT_FONT\";s:0:\"\";s:20:\"WATERMARK_TEXT_COLOR\";s:0:\"\";s:19:\"WATERMARK_TEXT_SIZE\";s:0:\"\";s:23:\"WATERMARK_TEXT_POSITION\";s:2:\"tl\";s:18:\"USE_WATERMARK_FILE\";s:1:\"N\";s:14:\"WATERMARK_FILE\";s:0:\"\";s:20:\"WATERMARK_FILE_ALPHA\";s:0:\"\";s:23:\"WATERMARK_FILE_POSITION\";s:2:\"tl\";s:20:\"WATERMARK_FILE_ORDER\";N;}'),(9,'PREVIEW_TEXT','N',''),(9,'PREVIEW_TEXT_TYPE','Y','text'),(9,'PREVIEW_TEXT_TYPE_ALLOW_CHANGE','N','Y'),(9,'SECTION_CODE','N','a:8:{s:6:\"UNIQUE\";s:1:\"N\";s:15:\"TRANSLITERATION\";s:1:\"N\";s:9:\"TRANS_LEN\";i:100;s:10:\"TRANS_CASE\";s:1:\"L\";s:11:\"TRANS_SPACE\";s:1:\"-\";s:11:\"TRANS_OTHER\";s:1:\"-\";s:9:\"TRANS_EAT\";s:1:\"Y\";s:10:\"USE_GOOGLE\";s:1:\"N\";}'),(9,'SECTION_DESCRIPTION','N',''),(9,'SECTION_DESCRIPTION_TYPE','Y','text'),(9,'SECTION_DESCRIPTION_TYPE_ALLOW_CHANGE','N','Y'),(9,'SECTION_DETAIL_PICTURE','N','a:17:{s:5:\"SCALE\";s:1:\"N\";s:5:\"WIDTH\";s:0:\"\";s:6:\"HEIGHT\";s:0:\"\";s:13:\"IGNORE_ERRORS\";s:1:\"N\";s:6:\"METHOD\";s:8:\"resample\";s:11:\"COMPRESSION\";i:95;s:18:\"USE_WATERMARK_TEXT\";s:1:\"N\";s:14:\"WATERMARK_TEXT\";s:0:\"\";s:19:\"WATERMARK_TEXT_FONT\";s:0:\"\";s:20:\"WATERMARK_TEXT_COLOR\";s:0:\"\";s:19:\"WATERMARK_TEXT_SIZE\";s:0:\"\";s:23:\"WATERMARK_TEXT_POSITION\";s:2:\"tl\";s:18:\"USE_WATERMARK_FILE\";s:1:\"N\";s:14:\"WATERMARK_FILE\";s:0:\"\";s:20:\"WATERMARK_FILE_ALPHA\";s:0:\"\";s:23:\"WATERMARK_FILE_POSITION\";s:2:\"tl\";s:20:\"WATERMARK_FILE_ORDER\";N;}'),(9,'SECTION_NAME','Y',''),(9,'SECTION_PICTURE','N','a:20:{s:11:\"FROM_DETAIL\";s:1:\"N\";s:5:\"SCALE\";s:1:\"N\";s:5:\"WIDTH\";s:0:\"\";s:6:\"HEIGHT\";s:0:\"\";s:13:\"IGNORE_ERRORS\";s:1:\"N\";s:6:\"METHOD\";s:8:\"resample\";s:11:\"COMPRESSION\";i:95;s:18:\"DELETE_WITH_DETAIL\";s:1:\"N\";s:18:\"UPDATE_WITH_DETAIL\";s:1:\"N\";s:18:\"USE_WATERMARK_TEXT\";s:1:\"N\";s:14:\"WATERMARK_TEXT\";s:0:\"\";s:19:\"WATERMARK_TEXT_FONT\";s:0:\"\";s:20:\"WATERMARK_TEXT_COLOR\";s:0:\"\";s:19:\"WATERMARK_TEXT_SIZE\";s:0:\"\";s:23:\"WATERMARK_TEXT_POSITION\";s:2:\"tl\";s:18:\"USE_WATERMARK_FILE\";s:1:\"N\";s:14:\"WATERMARK_FILE\";s:0:\"\";s:20:\"WATERMARK_FILE_ALPHA\";s:0:\"\";s:23:\"WATERMARK_FILE_POSITION\";s:2:\"tl\";s:20:\"WATERMARK_FILE_ORDER\";N;}'),(9,'SECTION_XML_ID','N',''),(9,'SORT','N','0'),(9,'TAGS','N',''),(9,'XML_ID','Y',''),(9,'XML_IMPORT_START_TIME','N',NULL);
/*!40000 ALTER TABLE `b_iblock_fields` ENABLE KEYS */;
UNLOCK TABLES;

--
-- Table structure for table `b_iblock_group`
--

DROP TABLE IF EXISTS `b_iblock_group`;
/*!40101 SET @saved_cs_client     = @@character_set_client */;
/*!40101 SET character_set_client = utf8 */;
CREATE TABLE `b_iblock_group` (
  `IBLOCK_ID` int(11) NOT NULL,
  `GROUP_ID` int(11) NOT NULL,
  `PERMISSION` char(1) COLLATE utf8_unicode_ci NOT NULL,
  UNIQUE KEY `ux_iblock_group_1` (`IBLOCK_ID`,`GROUP_ID`)
) ENGINE=InnoDB DEFAULT CHARSET=utf8 COLLATE=utf8_unicode_ci;
/*!40101 SET character_set_client = @saved_cs_client */;

--
-- Dumping data for table `b_iblock_group`
--

LOCK TABLES `b_iblock_group` WRITE;
/*!40000 ALTER TABLE `b_iblock_group` DISABLE KEYS */;
INSERT INTO `b_iblock_group` VALUES (1,1,'X'),(1,5,'R'),(1,6,'R'),(2,1,'X'),(3,2,'R'),(4,2,'R'),(9,1,'X'),(9,2,'R');
/*!40000 ALTER TABLE `b_iblock_group` ENABLE KEYS */;
UNLOCK TABLES;

--
-- Table structure for table `b_iblock_iblock_iprop`
--

DROP TABLE IF EXISTS `b_iblock_iblock_iprop`;
/*!40101 SET @saved_cs_client     = @@character_set_client */;
/*!40101 SET character_set_client = utf8 */;
CREATE TABLE `b_iblock_iblock_iprop` (
  `IBLOCK_ID` int(11) NOT NULL,
  `IPROP_ID` int(11) NOT NULL,
  `VALUE` text COLLATE utf8_unicode_ci NOT NULL,
  PRIMARY KEY (`IBLOCK_ID`,`IPROP_ID`),
  KEY `ix_b_iblock_iblock_iprop_0` (`IPROP_ID`)
) ENGINE=InnoDB DEFAULT CHARSET=utf8 COLLATE=utf8_unicode_ci;
/*!40101 SET character_set_client = @saved_cs_client */;

--
-- Dumping data for table `b_iblock_iblock_iprop`
--

LOCK TABLES `b_iblock_iblock_iprop` WRITE;
/*!40000 ALTER TABLE `b_iblock_iblock_iprop` DISABLE KEYS */;
/*!40000 ALTER TABLE `b_iblock_iblock_iprop` ENABLE KEYS */;
UNLOCK TABLES;

--
-- Table structure for table `b_iblock_iproperty`
--

DROP TABLE IF EXISTS `b_iblock_iproperty`;
/*!40101 SET @saved_cs_client     = @@character_set_client */;
/*!40101 SET character_set_client = utf8 */;
CREATE TABLE `b_iblock_iproperty` (
  `ID` int(11) NOT NULL AUTO_INCREMENT,
  `IBLOCK_ID` int(11) NOT NULL,
  `CODE` varchar(50) COLLATE utf8_unicode_ci NOT NULL,
  `ENTITY_TYPE` char(1) COLLATE utf8_unicode_ci NOT NULL,
  `ENTITY_ID` int(11) NOT NULL,
  `TEMPLATE` text COLLATE utf8_unicode_ci NOT NULL,
  PRIMARY KEY (`ID`),
  KEY `ix_b_iblock_iprop_0` (`IBLOCK_ID`,`ENTITY_TYPE`,`ENTITY_ID`)
) ENGINE=InnoDB DEFAULT CHARSET=utf8 COLLATE=utf8_unicode_ci;
/*!40101 SET character_set_client = @saved_cs_client */;

--
-- Dumping data for table `b_iblock_iproperty`
--

LOCK TABLES `b_iblock_iproperty` WRITE;
/*!40000 ALTER TABLE `b_iblock_iproperty` DISABLE KEYS */;
/*!40000 ALTER TABLE `b_iblock_iproperty` ENABLE KEYS */;
UNLOCK TABLES;

--
-- Table structure for table `b_iblock_messages`
--

DROP TABLE IF EXISTS `b_iblock_messages`;
/*!40101 SET @saved_cs_client     = @@character_set_client */;
/*!40101 SET character_set_client = utf8 */;
CREATE TABLE `b_iblock_messages` (
  `IBLOCK_ID` int(18) NOT NULL,
  `MESSAGE_ID` varchar(50) COLLATE utf8_unicode_ci NOT NULL,
  `MESSAGE_TEXT` varchar(255) COLLATE utf8_unicode_ci DEFAULT NULL,
  PRIMARY KEY (`IBLOCK_ID`,`MESSAGE_ID`)
) ENGINE=InnoDB DEFAULT CHARSET=utf8 COLLATE=utf8_unicode_ci;
/*!40101 SET character_set_client = @saved_cs_client */;

--
-- Dumping data for table `b_iblock_messages`
--

LOCK TABLES `b_iblock_messages` WRITE;
/*!40000 ALTER TABLE `b_iblock_messages` DISABLE KEYS */;
INSERT INTO `b_iblock_messages` VALUES (1,'ELEMENT_ADD','Добавить элемент'),(1,'ELEMENT_DELETE','Удалить элемент'),(1,'ELEMENT_EDIT','Изменить элемент'),(1,'ELEMENT_NAME','Элемент'),(1,'ELEMENTS_NAME','Элементы'),(2,'ELEMENT_ADD','Добавить элемент'),(2,'ELEMENT_DELETE','Удалить элемент'),(2,'ELEMENT_EDIT','Изменить элемент'),(2,'ELEMENT_NAME','Элемент'),(2,'ELEMENTS_NAME','Элементы'),(9,'ELEMENT_ADD','Добавить элемент'),(9,'ELEMENT_DELETE','Удалить элемент'),(9,'ELEMENT_EDIT','Изменить элемент'),(9,'ELEMENT_NAME','Элемент'),(9,'ELEMENTS_NAME','Элементы');
/*!40000 ALTER TABLE `b_iblock_messages` ENABLE KEYS */;
UNLOCK TABLES;

--
-- Table structure for table `b_iblock_offers_tmp`
--

DROP TABLE IF EXISTS `b_iblock_offers_tmp`;
/*!40101 SET @saved_cs_client     = @@character_set_client */;
/*!40101 SET character_set_client = utf8 */;
CREATE TABLE `b_iblock_offers_tmp` (
  `ID` int(11) unsigned NOT NULL AUTO_INCREMENT,
  `PRODUCT_IBLOCK_ID` int(11) unsigned NOT NULL,
  `OFFERS_IBLOCK_ID` int(11) unsigned NOT NULL,
  `TIMESTAMP_X` timestamp NOT NULL DEFAULT current_timestamp() ON UPDATE current_timestamp(),
  PRIMARY KEY (`ID`)
) ENGINE=InnoDB DEFAULT CHARSET=utf8 COLLATE=utf8_unicode_ci;
/*!40101 SET character_set_client = @saved_cs_client */;

--
-- Dumping data for table `b_iblock_offers_tmp`
--

LOCK TABLES `b_iblock_offers_tmp` WRITE;
/*!40000 ALTER TABLE `b_iblock_offers_tmp` DISABLE KEYS */;
/*!40000 ALTER TABLE `b_iblock_offers_tmp` ENABLE KEYS */;
UNLOCK TABLES;

--
-- Table structure for table `b_iblock_property`
--

DROP TABLE IF EXISTS `b_iblock_property`;
/*!40101 SET @saved_cs_client     = @@character_set_client */;
/*!40101 SET character_set_client = utf8 */;
CREATE TABLE `b_iblock_property` (
  `ID` int(11) NOT NULL AUTO_INCREMENT,
  `TIMESTAMP_X` timestamp NOT NULL DEFAULT current_timestamp() ON UPDATE current_timestamp(),
  `IBLOCK_ID` int(11) NOT NULL,
  `NAME` varchar(255) COLLATE utf8_unicode_ci NOT NULL,
  `ACTIVE` char(1) COLLATE utf8_unicode_ci NOT NULL DEFAULT 'Y',
  `SORT` int(11) NOT NULL DEFAULT 500,
  `CODE` varchar(50) COLLATE utf8_unicode_ci DEFAULT NULL,
  `DEFAULT_VALUE` text COLLATE utf8_unicode_ci DEFAULT NULL,
  `PROPERTY_TYPE` char(1) COLLATE utf8_unicode_ci NOT NULL DEFAULT 'S',
  `ROW_COUNT` int(11) NOT NULL DEFAULT 1,
  `COL_COUNT` int(11) NOT NULL DEFAULT 30,
  `LIST_TYPE` char(1) COLLATE utf8_unicode_ci NOT NULL DEFAULT 'L',
  `MULTIPLE` char(1) COLLATE utf8_unicode_ci NOT NULL DEFAULT 'N',
  `XML_ID` varchar(100) COLLATE utf8_unicode_ci DEFAULT NULL,
  `FILE_TYPE` varchar(200) COLLATE utf8_unicode_ci DEFAULT NULL,
  `MULTIPLE_CNT` int(11) DEFAULT NULL,
  `TMP_ID` varchar(40) COLLATE utf8_unicode_ci DEFAULT NULL,
  `LINK_IBLOCK_ID` int(18) DEFAULT NULL,
  `WITH_DESCRIPTION` char(1) COLLATE utf8_unicode_ci DEFAULT NULL,
  `SEARCHABLE` char(1) COLLATE utf8_unicode_ci NOT NULL DEFAULT 'N',
  `FILTRABLE` char(1) COLLATE utf8_unicode_ci NOT NULL DEFAULT 'N',
  `IS_REQUIRED` char(1) COLLATE utf8_unicode_ci DEFAULT NULL,
  `VERSION` int(11) NOT NULL DEFAULT 1,
  `USER_TYPE` varchar(255) COLLATE utf8_unicode_ci DEFAULT NULL,
  `USER_TYPE_SETTINGS` text COLLATE utf8_unicode_ci DEFAULT NULL,
  `HINT` varchar(255) COLLATE utf8_unicode_ci DEFAULT NULL,
  PRIMARY KEY (`ID`),
  KEY `ix_iblock_property_1` (`IBLOCK_ID`),
  KEY `ix_iblock_property_3` (`LINK_IBLOCK_ID`),
  KEY `ix_iblock_property_2` (`CODE`)
) ENGINE=InnoDB AUTO_INCREMENT=71 DEFAULT CHARSET=utf8 COLLATE=utf8_unicode_ci;
/*!40101 SET character_set_client = @saved_cs_client */;

--
-- Dumping data for table `b_iblock_property`
--

LOCK TABLES `b_iblock_property` WRITE;
/*!40000 ALTER TABLE `b_iblock_property` DISABLE KEYS */;
INSERT INTO `b_iblock_property` VALUES (1,'2019-02-28 21:13:55',1,'Интерес к моделям','Y',10,'MODEL_INTEREST','','S',1,30,'L','Y',NULL,'',5,NULL,0,'N','N','Y','N',1,'directory','a:5:{s:4:\"size\";i:1;s:5:\"width\";i:0;s:5:\"group\";s:1:\"N\";s:8:\"multiple\";s:1:\"N\";s:10:\"TABLE_NAME\";s:5:\"model\";}',''),(2,'2019-02-28 21:13:55',1,'Тест-драйв (модель)','Y',20,'MODEL','','S',1,30,'L','N',NULL,'',5,NULL,0,'N','N','Y','N',1,'directory','a:5:{s:4:\"size\";i:1;s:5:\"width\";i:0;s:5:\"group\";s:1:\"N\";s:8:\"multiple\";s:1:\"N\";s:10:\"TABLE_NAME\";s:5:\"model\";}',''),(3,'2019-02-28 21:13:55',1,'Дата и время','Y',30,'DATETIME',NULL,'S',1,30,'L','N',NULL,'',5,NULL,0,'N','N','Y','Y',1,'DateTime',NULL,''),(4,'2019-02-28 21:13:55',1,'Город','Y',40,'CITY','','S',1,30,'L','N',NULL,'',5,NULL,0,'N','N','Y','Y',1,NULL,NULL,''),(5,'2019-02-28 21:13:55',1,'Менеджер','Y',50,'SALE','','E',1,30,'L','N',NULL,'',5,NULL,2,'N','N','Y','N',1,'EList','a:4:{s:4:\"size\";i:1;s:5:\"width\";i:0;s:5:\"group\";s:1:\"N\";s:8:\"multiple\";s:1:\"N\";}',''),(6,'2019-02-28 21:13:55',1,'Фамилия','Y',60,'SURNAME','','S',1,30,'L','N',NULL,'',5,NULL,0,'N','N','Y','Y',1,NULL,NULL,''),(7,'2019-02-28 21:13:55',1,'Имя','Y',70,'NAME','','S',1,30,'L','N',NULL,'',5,NULL,0,'N','N','Y','Y',1,NULL,NULL,''),(8,'2019-02-28 21:13:55',1,'Отчество','Y',80,'PATRONYMIC','','S',1,30,'L','N',NULL,'',5,NULL,0,'N','N','Y','N',1,NULL,NULL,''),(9,'2019-02-28 21:13:55',1,'Телефон','Y',90,'PHONE','','S',1,30,'L','N',NULL,'',5,NULL,0,'N','N','Y','Y',1,NULL,NULL,''),(10,'2019-02-28 21:13:55',1,'Email','Y',100,'EMAIL','','S',1,30,'L','N',NULL,'',5,NULL,0,'N','N','Y','N',1,NULL,NULL,''),(11,'2019-02-28 21:13:55',1,'Вид тест-драйва','Y',110,'TESTDRIVE_ROLE','','S',1,30,'L','Y',NULL,'',5,NULL,0,'N','Y','N','N',1,'directory','a:5:{s:4:\"size\";i:1;s:5:\"width\";i:0;s:5:\"group\";s:1:\"N\";s:8:\"multiple\";s:1:\"N\";s:10:\"TABLE_NAME\";s:14:\"testdrive_role\";}',''),(12,'2019-02-28 21:13:55',1,'Клиент','Y',120,'CLIENT_TYPE','','S',1,30,'L','N',NULL,'',5,NULL,0,'N','Y','N','N',1,'directory','a:5:{s:4:\"size\";i:1;s:5:\"width\";i:0;s:5:\"group\";s:1:\"N\";s:8:\"multiple\";s:1:\"N\";s:10:\"TABLE_NAME\";s:11:\"client_type\";}',''),(13,'2019-02-28 21:13:55',1,'Тип','Y',130,'TYPE','','S',1,30,'L','Y',NULL,'',5,NULL,0,'N','Y','N','N',1,'directory','a:5:{s:4:\"size\";i:1;s:5:\"width\";i:0;s:5:\"group\";s:1:\"N\";s:8:\"multiple\";s:1:\"N\";s:10:\"TABLE_NAME\";s:12:\"request_type\";}',''),(14,'2019-02-28 21:13:55',1,'Пол','Y',55,'GENDER','','L',1,30,'L','N',NULL,'',5,NULL,0,'N','N','Y','N',1,NULL,NULL,''),(15,'2019-02-28 21:13:55',1,'Статус','Y',5,'STATUS','','S',1,30,'L','N',NULL,'',5,NULL,0,'N','N','Y','N',1,'directory','a:5:{s:4:\"size\";i:1;s:5:\"width\";i:0;s:5:\"group\";s:1:\"N\";s:8:\"multiple\";s:1:\"N\";s:10:\"TABLE_NAME\";s:11:\"lead_status\";}',''),(16,'2019-11-27 15:18:05',4,'Название','Y',10,'title',NULL,'S',1,30,'L','N',NULL,NULL,NULL,NULL,NULL,NULL,'N','N',NULL,1,NULL,NULL,NULL),(17,'2019-11-27 15:18:05',4,'Второе название','Y',20,'titleSecond',NULL,'S',1,30,'L','N',NULL,NULL,NULL,NULL,NULL,NULL,'N','N',NULL,1,NULL,NULL,NULL),(18,'2019-11-27 15:18:05',4,'Кол-во доступных регистраций','Y',30,'mainReg',NULL,'S',1,30,'L','N',NULL,NULL,NULL,NULL,NULL,NULL,'N','N',NULL,1,NULL,NULL,NULL),(19,'2019-11-27 15:18:05',4,'Кол-во доп. регистраций','Y',40,'additionReg',NULL,'S',1,30,'L','N',NULL,NULL,NULL,NULL,NULL,NULL,'N','N',NULL,1,NULL,NULL,NULL),(20,'2019-11-27 15:18:05',4,'Дилер-центр','Y',50,'dcID',NULL,'E',1,30,'L','N',NULL,NULL,NULL,NULL,3,NULL,'N','N',NULL,1,NULL,NULL,NULL),(61,'2019-11-29 10:28:51',9,'Событие','Y',50,'eventID','','E',1,30,'L','N',NULL,'',5,NULL,4,'N','N','N','Y',1,NULL,NULL,''),(62,'2019-11-29 10:28:51',9,'Фамилия','Y',10,'surname','','S',1,30,'L','N',NULL,'',5,NULL,0,'N','N','N','N',1,NULL,NULL,''),(63,'2019-11-29 10:28:51',9,'Имя','Y',10,'name','','S',1,30,'L','N',NULL,'',5,NULL,0,'N','N','N','N',1,NULL,NULL,''),(64,'2019-11-29 10:28:51',9,'Отчество','Y',10,'patronymic','','S',1,30,'L','N',NULL,'',5,NULL,0,'N','N','N','N',1,NULL,NULL,''),(65,'2019-11-29 10:28:51',9,'Телефон','Y',20,'phone','','S',1,30,'L','N',NULL,'',5,NULL,0,'N','N','N','N',1,NULL,NULL,''),(66,'2019-11-29 10:28:51',9,'E-mail','Y',20,'email','','S',1,30,'L','N',NULL,'',5,NULL,0,'N','N','N','N',1,NULL,NULL,''),(67,'2019-11-29 10:28:51',9,'Пол','Y',20,'gender','','S',1,30,'L','N',NULL,'',5,NULL,0,'N','N','N','N',1,NULL,NULL,''),(68,'2019-11-29 10:28:51',9,'Старый автомобиль','Y',20,'nameOldCar','','S',1,30,'L','N',NULL,'',5,NULL,0,'N','N','N','N',1,NULL,NULL,''),(69,'2019-11-29 10:28:51',9,'Год выпуска','Y',20,'yearOldCar','','S',1,30,'L','N',NULL,'',5,NULL,0,'N','N','N','N',1,NULL,NULL,''),(70,'2019-11-29 10:28:51',9,'Гость пришел','Y',20,'status','','N',1,30,'L','N',NULL,'',5,NULL,0,'N','N','N','N',1,NULL,NULL,'');
/*!40000 ALTER TABLE `b_iblock_property` ENABLE KEYS */;
UNLOCK TABLES;

--
-- Table structure for table `b_iblock_property_enum`
--

DROP TABLE IF EXISTS `b_iblock_property_enum`;
/*!40101 SET @saved_cs_client     = @@character_set_client */;
/*!40101 SET character_set_client = utf8 */;
CREATE TABLE `b_iblock_property_enum` (
  `ID` int(11) NOT NULL AUTO_INCREMENT,
  `PROPERTY_ID` int(11) NOT NULL,
  `VALUE` varchar(255) COLLATE utf8_unicode_ci NOT NULL,
  `DEF` char(1) COLLATE utf8_unicode_ci NOT NULL DEFAULT 'N',
  `SORT` int(11) NOT NULL DEFAULT 500,
  `XML_ID` varchar(200) COLLATE utf8_unicode_ci NOT NULL,
  `TMP_ID` varchar(40) COLLATE utf8_unicode_ci DEFAULT NULL,
  PRIMARY KEY (`ID`),
  UNIQUE KEY `ux_iblock_property_enum` (`PROPERTY_ID`,`XML_ID`)
) ENGINE=InnoDB AUTO_INCREMENT=5 DEFAULT CHARSET=utf8 COLLATE=utf8_unicode_ci;
/*!40101 SET character_set_client = @saved_cs_client */;

--
-- Dumping data for table `b_iblock_property_enum`
--

LOCK TABLES `b_iblock_property_enum` WRITE;
/*!40000 ALTER TABLE `b_iblock_property_enum` DISABLE KEYS */;
INSERT INTO `b_iblock_property_enum` VALUES (3,14,'Мужской','N',100,'M',NULL),(4,14,'Женский','N',200,'F',NULL);
/*!40000 ALTER TABLE `b_iblock_property_enum` ENABLE KEYS */;
UNLOCK TABLES;

--
-- Table structure for table `b_iblock_property_feature`
--

DROP TABLE IF EXISTS `b_iblock_property_feature`;
/*!40101 SET @saved_cs_client     = @@character_set_client */;
/*!40101 SET character_set_client = utf8 */;
CREATE TABLE `b_iblock_property_feature` (
  `ID` int(11) NOT NULL AUTO_INCREMENT,
  `PROPERTY_ID` int(11) NOT NULL,
  `MODULE_ID` varchar(50) COLLATE utf8_unicode_ci NOT NULL,
  `FEATURE_ID` varchar(100) COLLATE utf8_unicode_ci NOT NULL,
  `IS_ENABLED` char(1) COLLATE utf8_unicode_ci NOT NULL DEFAULT 'N',
  PRIMARY KEY (`ID`),
  UNIQUE KEY `ix_iblock_property_feature` (`PROPERTY_ID`,`MODULE_ID`,`FEATURE_ID`)
) ENGINE=InnoDB AUTO_INCREMENT=33 DEFAULT CHARSET=utf8 COLLATE=utf8_unicode_ci;
/*!40101 SET character_set_client = @saved_cs_client */;

--
-- Dumping data for table `b_iblock_property_feature`
--

LOCK TABLES `b_iblock_property_feature` WRITE;
/*!40000 ALTER TABLE `b_iblock_property_feature` DISABLE KEYS */;
INSERT INTO `b_iblock_property_feature` VALUES (1,1,'iblock','LIST_PAGE_SHOW','Y'),(2,1,'iblock','DETAIL_PAGE_SHOW','N'),(3,2,'iblock','LIST_PAGE_SHOW','N'),(4,2,'iblock','DETAIL_PAGE_SHOW','N'),(5,11,'iblock','LIST_PAGE_SHOW','N'),(6,11,'iblock','DETAIL_PAGE_SHOW','N'),(7,12,'iblock','LIST_PAGE_SHOW','N'),(8,12,'iblock','DETAIL_PAGE_SHOW','N'),(9,13,'iblock','LIST_PAGE_SHOW','N'),(10,13,'iblock','DETAIL_PAGE_SHOW','N'),(11,14,'iblock','LIST_PAGE_SHOW','N'),(12,14,'iblock','DETAIL_PAGE_SHOW','N'),(13,5,'iblock','LIST_PAGE_SHOW','N'),(14,5,'iblock','DETAIL_PAGE_SHOW','N'),(15,15,'iblock','LIST_PAGE_SHOW','N'),(16,15,'iblock','DETAIL_PAGE_SHOW','N'),(17,3,'iblock','LIST_PAGE_SHOW','N'),(18,3,'iblock','DETAIL_PAGE_SHOW','N'),(19,4,'iblock','LIST_PAGE_SHOW','N'),(20,4,'iblock','DETAIL_PAGE_SHOW','N'),(21,6,'iblock','LIST_PAGE_SHOW','N'),(22,6,'iblock','DETAIL_PAGE_SHOW','N'),(23,7,'iblock','LIST_PAGE_SHOW','N'),(24,7,'iblock','DETAIL_PAGE_SHOW','N'),(25,8,'iblock','LIST_PAGE_SHOW','N'),(26,8,'iblock','DETAIL_PAGE_SHOW','N'),(27,9,'iblock','LIST_PAGE_SHOW','N'),(28,9,'iblock','DETAIL_PAGE_SHOW','N'),(29,10,'iblock','LIST_PAGE_SHOW','N'),(30,10,'iblock','DETAIL_PAGE_SHOW','N'),(31,61,'iblock','LIST_PAGE_SHOW','N'),(32,61,'iblock','DETAIL_PAGE_SHOW','N');
/*!40000 ALTER TABLE `b_iblock_property_feature` ENABLE KEYS */;
UNLOCK TABLES;

--
-- Table structure for table `b_iblock_right`
--

DROP TABLE IF EXISTS `b_iblock_right`;
/*!40101 SET @saved_cs_client     = @@character_set_client */;
/*!40101 SET character_set_client = utf8 */;
CREATE TABLE `b_iblock_right` (
  `ID` int(11) NOT NULL AUTO_INCREMENT,
  `IBLOCK_ID` int(11) NOT NULL,
  `GROUP_CODE` varchar(50) COLLATE utf8_unicode_ci NOT NULL,
  `ENTITY_TYPE` varchar(32) COLLATE utf8_unicode_ci NOT NULL,
  `ENTITY_ID` int(11) NOT NULL,
  `DO_INHERIT` char(1) COLLATE utf8_unicode_ci NOT NULL,
  `TASK_ID` int(11) NOT NULL,
  `OP_SREAD` char(1) COLLATE utf8_unicode_ci NOT NULL,
  `OP_EREAD` char(1) COLLATE utf8_unicode_ci NOT NULL,
  `XML_ID` varchar(32) COLLATE utf8_unicode_ci DEFAULT NULL,
  PRIMARY KEY (`ID`),
  KEY `ix_b_iblock_right_iblock_id` (`IBLOCK_ID`,`ENTITY_TYPE`,`ENTITY_ID`),
  KEY `ix_b_iblock_right_group_code` (`GROUP_CODE`,`IBLOCK_ID`),
  KEY `ix_b_iblock_right_entity` (`ENTITY_ID`,`ENTITY_TYPE`),
  KEY `ix_b_iblock_right_op_eread` (`ID`,`OP_EREAD`,`GROUP_CODE`),
  KEY `ix_b_iblock_right_op_sread` (`ID`,`OP_SREAD`,`GROUP_CODE`),
  KEY `ix_b_iblock_right_task_id` (`TASK_ID`)
) ENGINE=InnoDB DEFAULT CHARSET=utf8 COLLATE=utf8_unicode_ci;
/*!40101 SET character_set_client = @saved_cs_client */;

--
-- Dumping data for table `b_iblock_right`
--

LOCK TABLES `b_iblock_right` WRITE;
/*!40000 ALTER TABLE `b_iblock_right` DISABLE KEYS */;
/*!40000 ALTER TABLE `b_iblock_right` ENABLE KEYS */;
UNLOCK TABLES;

--
-- Table structure for table `b_iblock_rss`
--

DROP TABLE IF EXISTS `b_iblock_rss`;
/*!40101 SET @saved_cs_client     = @@character_set_client */;
/*!40101 SET character_set_client = utf8 */;
CREATE TABLE `b_iblock_rss` (
  `ID` int(11) NOT NULL AUTO_INCREMENT,
  `IBLOCK_ID` int(11) NOT NULL,
  `NODE` varchar(50) COLLATE utf8_unicode_ci NOT NULL,
  `NODE_VALUE` varchar(250) COLLATE utf8_unicode_ci DEFAULT NULL,
  PRIMARY KEY (`ID`)
) ENGINE=InnoDB DEFAULT CHARSET=utf8 COLLATE=utf8_unicode_ci;
/*!40101 SET character_set_client = @saved_cs_client */;

--
-- Dumping data for table `b_iblock_rss`
--

LOCK TABLES `b_iblock_rss` WRITE;
/*!40000 ALTER TABLE `b_iblock_rss` DISABLE KEYS */;
/*!40000 ALTER TABLE `b_iblock_rss` ENABLE KEYS */;
UNLOCK TABLES;

--
-- Table structure for table `b_iblock_section`
--

DROP TABLE IF EXISTS `b_iblock_section`;
/*!40101 SET @saved_cs_client     = @@character_set_client */;
/*!40101 SET character_set_client = utf8 */;
CREATE TABLE `b_iblock_section` (
  `ID` int(11) NOT NULL AUTO_INCREMENT,
  `TIMESTAMP_X` timestamp NOT NULL DEFAULT current_timestamp() ON UPDATE current_timestamp(),
  `MODIFIED_BY` int(18) DEFAULT NULL,
  `DATE_CREATE` datetime DEFAULT NULL,
  `CREATED_BY` int(18) DEFAULT NULL,
  `IBLOCK_ID` int(11) NOT NULL,
  `IBLOCK_SECTION_ID` int(11) DEFAULT NULL,
  `ACTIVE` char(1) COLLATE utf8_unicode_ci NOT NULL DEFAULT 'Y',
  `GLOBAL_ACTIVE` char(1) COLLATE utf8_unicode_ci NOT NULL DEFAULT 'Y',
  `SORT` int(11) NOT NULL DEFAULT 500,
  `NAME` varchar(255) COLLATE utf8_unicode_ci NOT NULL,
  `PICTURE` int(18) DEFAULT NULL,
  `LEFT_MARGIN` int(18) DEFAULT NULL,
  `RIGHT_MARGIN` int(18) DEFAULT NULL,
  `DEPTH_LEVEL` int(18) DEFAULT NULL,
  `DESCRIPTION` text COLLATE utf8_unicode_ci DEFAULT NULL,
  `DESCRIPTION_TYPE` char(4) COLLATE utf8_unicode_ci NOT NULL DEFAULT 'text',
  `SEARCHABLE_CONTENT` text COLLATE utf8_unicode_ci DEFAULT NULL,
  `CODE` varchar(255) COLLATE utf8_unicode_ci DEFAULT NULL,
  `XML_ID` varchar(255) COLLATE utf8_unicode_ci DEFAULT NULL,
  `TMP_ID` varchar(40) COLLATE utf8_unicode_ci DEFAULT NULL,
  `DETAIL_PICTURE` int(18) DEFAULT NULL,
  `SOCNET_GROUP_ID` int(18) DEFAULT NULL,
  PRIMARY KEY (`ID`),
  KEY `ix_iblock_section_1` (`IBLOCK_ID`,`IBLOCK_SECTION_ID`),
  KEY `ix_iblock_section_depth_level` (`IBLOCK_ID`,`DEPTH_LEVEL`),
  KEY `ix_iblock_section_left_margin` (`IBLOCK_ID`,`LEFT_MARGIN`,`RIGHT_MARGIN`),
  KEY `ix_iblock_section_right_margin` (`IBLOCK_ID`,`RIGHT_MARGIN`,`LEFT_MARGIN`),
  KEY `ix_iblock_section_code` (`IBLOCK_ID`,`CODE`)
) ENGINE=InnoDB DEFAULT CHARSET=utf8 COLLATE=utf8_unicode_ci;
/*!40101 SET character_set_client = @saved_cs_client */;

--
-- Dumping data for table `b_iblock_section`
--

LOCK TABLES `b_iblock_section` WRITE;
/*!40000 ALTER TABLE `b_iblock_section` DISABLE KEYS */;
/*!40000 ALTER TABLE `b_iblock_section` ENABLE KEYS */;
UNLOCK TABLES;

--
-- Table structure for table `b_iblock_section_element`
--

DROP TABLE IF EXISTS `b_iblock_section_element`;
/*!40101 SET @saved_cs_client     = @@character_set_client */;
/*!40101 SET character_set_client = utf8 */;
CREATE TABLE `b_iblock_section_element` (
  `IBLOCK_SECTION_ID` int(11) NOT NULL,
  `IBLOCK_ELEMENT_ID` int(11) NOT NULL,
  `ADDITIONAL_PROPERTY_ID` int(18) DEFAULT NULL,
  UNIQUE KEY `ux_iblock_section_element` (`IBLOCK_SECTION_ID`,`IBLOCK_ELEMENT_ID`,`ADDITIONAL_PROPERTY_ID`),
  KEY `UX_IBLOCK_SECTION_ELEMENT2` (`IBLOCK_ELEMENT_ID`)
) ENGINE=InnoDB DEFAULT CHARSET=utf8 COLLATE=utf8_unicode_ci;
/*!40101 SET character_set_client = @saved_cs_client */;

--
-- Dumping data for table `b_iblock_section_element`
--

LOCK TABLES `b_iblock_section_element` WRITE;
/*!40000 ALTER TABLE `b_iblock_section_element` DISABLE KEYS */;
/*!40000 ALTER TABLE `b_iblock_section_element` ENABLE KEYS */;
UNLOCK TABLES;

--
-- Table structure for table `b_iblock_section_iprop`
--

DROP TABLE IF EXISTS `b_iblock_section_iprop`;
/*!40101 SET @saved_cs_client     = @@character_set_client */;
/*!40101 SET character_set_client = utf8 */;
CREATE TABLE `b_iblock_section_iprop` (
  `IBLOCK_ID` int(11) NOT NULL,
  `SECTION_ID` int(11) NOT NULL,
  `IPROP_ID` int(11) NOT NULL,
  `VALUE` text COLLATE utf8_unicode_ci NOT NULL,
  PRIMARY KEY (`SECTION_ID`,`IPROP_ID`),
  KEY `ix_b_iblock_section_iprop_0` (`IPROP_ID`),
  KEY `ix_b_iblock_section_iprop_1` (`IBLOCK_ID`)
) ENGINE=InnoDB DEFAULT CHARSET=utf8 COLLATE=utf8_unicode_ci;
/*!40101 SET character_set_client = @saved_cs_client */;

--
-- Dumping data for table `b_iblock_section_iprop`
--

LOCK TABLES `b_iblock_section_iprop` WRITE;
/*!40000 ALTER TABLE `b_iblock_section_iprop` DISABLE KEYS */;
/*!40000 ALTER TABLE `b_iblock_section_iprop` ENABLE KEYS */;
UNLOCK TABLES;

--
-- Table structure for table `b_iblock_section_property`
--

DROP TABLE IF EXISTS `b_iblock_section_property`;
/*!40101 SET @saved_cs_client     = @@character_set_client */;
/*!40101 SET character_set_client = utf8 */;
CREATE TABLE `b_iblock_section_property` (
  `IBLOCK_ID` int(11) NOT NULL,
  `SECTION_ID` int(11) NOT NULL,
  `PROPERTY_ID` int(11) NOT NULL,
  `SMART_FILTER` char(1) COLLATE utf8_unicode_ci DEFAULT NULL,
  `DISPLAY_TYPE` char(1) COLLATE utf8_unicode_ci DEFAULT NULL,
  `DISPLAY_EXPANDED` char(1) COLLATE utf8_unicode_ci DEFAULT NULL,
  `FILTER_HINT` varchar(255) COLLATE utf8_unicode_ci DEFAULT NULL,
  PRIMARY KEY (`IBLOCK_ID`,`SECTION_ID`,`PROPERTY_ID`),
  KEY `ix_b_iblock_section_property_1` (`PROPERTY_ID`),
  KEY `ix_b_iblock_section_property_2` (`SECTION_ID`)
) ENGINE=InnoDB DEFAULT CHARSET=utf8 COLLATE=utf8_unicode_ci;
/*!40101 SET character_set_client = @saved_cs_client */;

--
-- Dumping data for table `b_iblock_section_property`
--

LOCK TABLES `b_iblock_section_property` WRITE;
/*!40000 ALTER TABLE `b_iblock_section_property` DISABLE KEYS */;
/*!40000 ALTER TABLE `b_iblock_section_property` ENABLE KEYS */;
UNLOCK TABLES;

--
-- Table structure for table `b_iblock_section_right`
--

DROP TABLE IF EXISTS `b_iblock_section_right`;
/*!40101 SET @saved_cs_client     = @@character_set_client */;
/*!40101 SET character_set_client = utf8 */;
CREATE TABLE `b_iblock_section_right` (
  `IBLOCK_ID` int(11) NOT NULL,
  `SECTION_ID` int(11) NOT NULL,
  `RIGHT_ID` int(11) NOT NULL,
  `IS_INHERITED` char(1) COLLATE utf8_unicode_ci NOT NULL,
  PRIMARY KEY (`RIGHT_ID`,`SECTION_ID`),
  KEY `ix_b_iblock_section_right_1` (`SECTION_ID`,`IBLOCK_ID`),
  KEY `ix_b_iblock_section_right_2` (`IBLOCK_ID`,`RIGHT_ID`)
) ENGINE=InnoDB DEFAULT CHARSET=utf8 COLLATE=utf8_unicode_ci;
/*!40101 SET character_set_client = @saved_cs_client */;

--
-- Dumping data for table `b_iblock_section_right`
--

LOCK TABLES `b_iblock_section_right` WRITE;
/*!40000 ALTER TABLE `b_iblock_section_right` DISABLE KEYS */;
/*!40000 ALTER TABLE `b_iblock_section_right` ENABLE KEYS */;
UNLOCK TABLES;

--
-- Table structure for table `b_iblock_sequence`
--

DROP TABLE IF EXISTS `b_iblock_sequence`;
/*!40101 SET @saved_cs_client     = @@character_set_client */;
/*!40101 SET character_set_client = utf8 */;
CREATE TABLE `b_iblock_sequence` (
  `IBLOCK_ID` int(18) NOT NULL,
  `CODE` varchar(50) COLLATE utf8_unicode_ci NOT NULL,
  `SEQ_VALUE` int(11) DEFAULT NULL,
  PRIMARY KEY (`IBLOCK_ID`,`CODE`)
) ENGINE=InnoDB DEFAULT CHARSET=utf8 COLLATE=utf8_unicode_ci;
/*!40101 SET character_set_client = @saved_cs_client */;

--
-- Dumping data for table `b_iblock_sequence`
--

LOCK TABLES `b_iblock_sequence` WRITE;
/*!40000 ALTER TABLE `b_iblock_sequence` DISABLE KEYS */;
/*!40000 ALTER TABLE `b_iblock_sequence` ENABLE KEYS */;
UNLOCK TABLES;

--
-- Table structure for table `b_iblock_site`
--

DROP TABLE IF EXISTS `b_iblock_site`;
/*!40101 SET @saved_cs_client     = @@character_set_client */;
/*!40101 SET character_set_client = utf8 */;
CREATE TABLE `b_iblock_site` (
  `IBLOCK_ID` int(18) NOT NULL,
  `SITE_ID` char(2) COLLATE utf8_unicode_ci NOT NULL,
  PRIMARY KEY (`IBLOCK_ID`,`SITE_ID`)
) ENGINE=InnoDB DEFAULT CHARSET=utf8 COLLATE=utf8_unicode_ci;
/*!40101 SET character_set_client = @saved_cs_client */;

--
-- Dumping data for table `b_iblock_site`
--

LOCK TABLES `b_iblock_site` WRITE;
/*!40000 ALTER TABLE `b_iblock_site` DISABLE KEYS */;
INSERT INTO `b_iblock_site` VALUES (1,'s1'),(2,'s1'),(3,'s1'),(4,'s1'),(9,'s1');
/*!40000 ALTER TABLE `b_iblock_site` ENABLE KEYS */;
UNLOCK TABLES;

--
-- Table structure for table `b_iblock_type`
--

DROP TABLE IF EXISTS `b_iblock_type`;
/*!40101 SET @saved_cs_client     = @@character_set_client */;
/*!40101 SET character_set_client = utf8 */;
CREATE TABLE `b_iblock_type` (
  `ID` varchar(50) COLLATE utf8_unicode_ci NOT NULL,
  `SECTIONS` char(1) COLLATE utf8_unicode_ci NOT NULL DEFAULT 'Y',
  `EDIT_FILE_BEFORE` varchar(255) COLLATE utf8_unicode_ci DEFAULT NULL,
  `EDIT_FILE_AFTER` varchar(255) COLLATE utf8_unicode_ci DEFAULT NULL,
  `IN_RSS` char(1) COLLATE utf8_unicode_ci NOT NULL DEFAULT 'N',
  `SORT` int(18) NOT NULL DEFAULT 500,
  PRIMARY KEY (`ID`)
) ENGINE=InnoDB DEFAULT CHARSET=utf8 COLLATE=utf8_unicode_ci;
/*!40101 SET character_set_client = @saved_cs_client */;

--
-- Dumping data for table `b_iblock_type`
--

LOCK TABLES `b_iblock_type` WRITE;
/*!40000 ALTER TABLE `b_iblock_type` DISABLE KEYS */;
INSERT INTO `b_iblock_type` VALUES ('lead','N','','','N',500),('reg_events','N',NULL,NULL,'N',10),('rest_entity','Y',NULL,NULL,'N',1000),('sale','N','','','N',500);
/*!40000 ALTER TABLE `b_iblock_type` ENABLE KEYS */;
UNLOCK TABLES;

--
-- Table structure for table `b_iblock_type_lang`
--

DROP TABLE IF EXISTS `b_iblock_type_lang`;
/*!40101 SET @saved_cs_client     = @@character_set_client */;
/*!40101 SET character_set_client = utf8 */;
CREATE TABLE `b_iblock_type_lang` (
  `IBLOCK_TYPE_ID` varchar(50) COLLATE utf8_unicode_ci NOT NULL,
  `LID` char(2) COLLATE utf8_unicode_ci NOT NULL,
  `NAME` varchar(100) COLLATE utf8_unicode_ci NOT NULL,
  `SECTION_NAME` varchar(100) COLLATE utf8_unicode_ci DEFAULT NULL,
  `ELEMENT_NAME` varchar(100) COLLATE utf8_unicode_ci DEFAULT NULL
) ENGINE=InnoDB DEFAULT CHARSET=utf8 COLLATE=utf8_unicode_ci;
/*!40101 SET character_set_client = @saved_cs_client */;

--
-- Dumping data for table `b_iblock_type_lang`
--

LOCK TABLES `b_iblock_type_lang` WRITE;
/*!40000 ALTER TABLE `b_iblock_type_lang` DISABLE KEYS */;
INSERT INTO `b_iblock_type_lang` VALUES ('rest_entity','ru','Хранилище данных для приложений Маркетплейс24','Разделы','Элементы'),('lead','ru','Лиды/Заявки','',''),('lead','en','Лиды/Заявки','',''),('sale','ru','Сейлы','','Сейлы'),('sale','en','Сейлы','','Сейлы'),('reg_events','ru','Регистрация на мероприятия','','');
/*!40000 ALTER TABLE `b_iblock_type_lang` ENABLE KEYS */;
UNLOCK TABLES;

--
-- Table structure for table `b_landing`
--

DROP TABLE IF EXISTS `b_landing`;
/*!40101 SET @saved_cs_client     = @@character_set_client */;
/*!40101 SET character_set_client = utf8 */;
CREATE TABLE `b_landing` (
  `ID` int(18) NOT NULL AUTO_INCREMENT,
  `CODE` varchar(255) COLLATE utf8_unicode_ci DEFAULT NULL,
  `RULE` varchar(255) COLLATE utf8_unicode_ci DEFAULT NULL,
  `ACTIVE` char(1) COLLATE utf8_unicode_ci NOT NULL DEFAULT 'Y',
  `DELETED` char(1) COLLATE utf8_unicode_ci NOT NULL DEFAULT 'N',
  `PUBLIC` char(1) COLLATE utf8_unicode_ci NOT NULL DEFAULT 'Y',
  `TITLE` varchar(255) COLLATE utf8_unicode_ci NOT NULL,
  `XML_ID` varchar(255) COLLATE utf8_unicode_ci DEFAULT NULL,
  `DESCRIPTION` varchar(255) COLLATE utf8_unicode_ci DEFAULT NULL,
  `TPL_ID` int(18) DEFAULT NULL,
  `TPL_CODE` varchar(255) COLLATE utf8_unicode_ci DEFAULT NULL,
  `SITE_ID` int(18) NOT NULL,
  `SITEMAP` char(1) COLLATE utf8_unicode_ci NOT NULL DEFAULT 'N',
  `FOLDER` char(1) COLLATE utf8_unicode_ci NOT NULL DEFAULT 'N',
  `FOLDER_ID` int(18) DEFAULT NULL,
  `CREATED_BY_ID` int(18) NOT NULL,
  `MODIFIED_BY_ID` int(18) NOT NULL,
  `DATE_CREATE` timestamp NULL DEFAULT NULL,
  `DATE_MODIFY` timestamp NOT NULL DEFAULT '0000-00-00 00:00:00',
  `DATE_PUBLIC` timestamp NULL DEFAULT NULL,
  PRIMARY KEY (`ID`),
  KEY `IX_B_LAND_CODE` (`CODE`),
  KEY `IX_B_LAND_ACTIVE` (`ACTIVE`),
  KEY `IX_B_LAND_DELETED` (`DELETED`),
  KEY `IX_B_LAND_XML_ID` (`XML_ID`),
  KEY `IX_B_LAND_SITEMAP` (`SITEMAP`),
  KEY `IX_B_LAND_FOLDER` (`FOLDER`),
  KEY `IX_B_LAND_FOLDER_ID` (`FOLDER_ID`)
) ENGINE=InnoDB DEFAULT CHARSET=utf8 COLLATE=utf8_unicode_ci;
/*!40101 SET character_set_client = @saved_cs_client */;

--
-- Dumping data for table `b_landing`
--

LOCK TABLES `b_landing` WRITE;
/*!40000 ALTER TABLE `b_landing` DISABLE KEYS */;
/*!40000 ALTER TABLE `b_landing` ENABLE KEYS */;
UNLOCK TABLES;

--
-- Table structure for table `b_landing_block`
--

DROP TABLE IF EXISTS `b_landing_block`;
/*!40101 SET @saved_cs_client     = @@character_set_client */;
/*!40101 SET character_set_client = utf8 */;
CREATE TABLE `b_landing_block` (
  `ID` int(18) NOT NULL AUTO_INCREMENT,
  `PARENT_ID` int(18) DEFAULT NULL,
  `LID` int(18) NOT NULL,
  `CODE` varchar(255) COLLATE utf8_unicode_ci NOT NULL,
  `ANCHOR` varchar(255) COLLATE utf8_unicode_ci DEFAULT NULL,
  `SORT` int(18) DEFAULT 500,
  `ACTIVE` char(1) COLLATE utf8_unicode_ci NOT NULL DEFAULT 'Y',
  `PUBLIC` char(1) COLLATE utf8_unicode_ci NOT NULL DEFAULT 'Y',
  `DELETED` char(1) COLLATE utf8_unicode_ci NOT NULL DEFAULT 'N',
  `ACCESS` char(1) COLLATE utf8_unicode_ci NOT NULL DEFAULT 'X',
  `CONTENT` text COLLATE utf8_unicode_ci NOT NULL,
  `CREATED_BY_ID` int(18) NOT NULL,
  `MODIFIED_BY_ID` int(18) NOT NULL,
  `DATE_CREATE` timestamp NULL DEFAULT NULL,
  `DATE_MODIFY` timestamp NOT NULL DEFAULT '0000-00-00 00:00:00',
  PRIMARY KEY (`ID`),
  KEY `IX_B_BLOCK_LID` (`LID`),
  KEY `IX_B_BLOCK_CODE` (`CODE`),
  KEY `IX_B_BLOCK_ACTIVE` (`ACTIVE`),
  KEY `IX_B_BLOCK_PUBLIC` (`PUBLIC`),
  KEY `IX_B_BLOCK_DELETED` (`DELETED`)
) ENGINE=InnoDB DEFAULT CHARSET=utf8 COLLATE=utf8_unicode_ci;
/*!40101 SET character_set_client = @saved_cs_client */;

--
-- Dumping data for table `b_landing_block`
--

LOCK TABLES `b_landing_block` WRITE;
/*!40000 ALTER TABLE `b_landing_block` DISABLE KEYS */;
/*!40000 ALTER TABLE `b_landing_block` ENABLE KEYS */;
UNLOCK TABLES;

--
-- Table structure for table `b_landing_demo`
--

DROP TABLE IF EXISTS `b_landing_demo`;
/*!40101 SET @saved_cs_client     = @@character_set_client */;
/*!40101 SET character_set_client = utf8 */;
CREATE TABLE `b_landing_demo` (
  `ID` int(18) NOT NULL AUTO_INCREMENT,
  `XML_ID` varchar(255) COLLATE utf8_unicode_ci NOT NULL,
  `APP_CODE` varchar(255) COLLATE utf8_unicode_ci DEFAULT NULL,
  `ACTIVE` char(1) COLLATE utf8_unicode_ci NOT NULL DEFAULT 'Y',
  `TYPE` varchar(10) COLLATE utf8_unicode_ci NOT NULL,
  `TPL_TYPE` char(1) COLLATE utf8_unicode_ci NOT NULL,
  `SHOW_IN_LIST` char(1) COLLATE utf8_unicode_ci NOT NULL DEFAULT 'N',
  `TITLE` varchar(255) COLLATE utf8_unicode_ci NOT NULL,
  `DESCRIPTION` varchar(255) COLLATE utf8_unicode_ci DEFAULT NULL,
  `PREVIEW_URL` varchar(255) COLLATE utf8_unicode_ci DEFAULT NULL,
  `PREVIEW` varchar(255) COLLATE utf8_unicode_ci DEFAULT NULL,
  `PREVIEW2X` varchar(255) COLLATE utf8_unicode_ci DEFAULT NULL,
  `PREVIEW3X` varchar(255) COLLATE utf8_unicode_ci DEFAULT NULL,
  `MANIFEST` text COLLATE utf8_unicode_ci DEFAULT NULL,
  `CREATED_BY_ID` int(18) NOT NULL,
  `MODIFIED_BY_ID` int(18) NOT NULL,
  `DATE_CREATE` timestamp NULL DEFAULT NULL,
  `DATE_MODIFY` timestamp NOT NULL DEFAULT '0000-00-00 00:00:00',
  PRIMARY KEY (`ID`),
  KEY `IX_B_DEMO_ACTIVE` (`ACTIVE`),
  KEY `IX_B_DEMO_SHOW_IN_LIST` (`SHOW_IN_LIST`),
  KEY `IX_B_DEMO_XML_ID` (`XML_ID`),
  KEY `IX_B_DEMO_APP_CODE` (`APP_CODE`)
) ENGINE=InnoDB DEFAULT CHARSET=utf8 COLLATE=utf8_unicode_ci;
/*!40101 SET character_set_client = @saved_cs_client */;

--
-- Dumping data for table `b_landing_demo`
--

LOCK TABLES `b_landing_demo` WRITE;
/*!40000 ALTER TABLE `b_landing_demo` DISABLE KEYS */;
/*!40000 ALTER TABLE `b_landing_demo` ENABLE KEYS */;
UNLOCK TABLES;

--
-- Table structure for table `b_landing_domain`
--

DROP TABLE IF EXISTS `b_landing_domain`;
/*!40101 SET @saved_cs_client     = @@character_set_client */;
/*!40101 SET character_set_client = utf8 */;
CREATE TABLE `b_landing_domain` (
  `ID` int(18) NOT NULL AUTO_INCREMENT,
  `ACTIVE` char(1) COLLATE utf8_unicode_ci NOT NULL DEFAULT 'Y',
  `DOMAIN` varchar(255) COLLATE utf8_unicode_ci NOT NULL,
  `XML_ID` varchar(255) COLLATE utf8_unicode_ci DEFAULT NULL,
  `PROTOCOL` varchar(10) COLLATE utf8_unicode_ci NOT NULL,
  `CREATED_BY_ID` int(18) NOT NULL,
  `MODIFIED_BY_ID` int(18) NOT NULL,
  `DATE_CREATE` timestamp NULL DEFAULT NULL,
  `DATE_MODIFY` timestamp NOT NULL DEFAULT '0000-00-00 00:00:00',
  PRIMARY KEY (`ID`),
  KEY `IX_B_DOMAIN_ACTIVE` (`ACTIVE`),
  KEY `IX_B_DOMAIN_DOMAIN` (`DOMAIN`),
  KEY `IX_B_DOMAIN_XML_ID` (`XML_ID`)
) ENGINE=InnoDB DEFAULT CHARSET=utf8 COLLATE=utf8_unicode_ci;
/*!40101 SET character_set_client = @saved_cs_client */;

--
-- Dumping data for table `b_landing_domain`
--

LOCK TABLES `b_landing_domain` WRITE;
/*!40000 ALTER TABLE `b_landing_domain` DISABLE KEYS */;
/*!40000 ALTER TABLE `b_landing_domain` ENABLE KEYS */;
UNLOCK TABLES;

--
-- Table structure for table `b_landing_file`
--

DROP TABLE IF EXISTS `b_landing_file`;
/*!40101 SET @saved_cs_client     = @@character_set_client */;
/*!40101 SET character_set_client = utf8 */;
CREATE TABLE `b_landing_file` (
  `ID` int(18) NOT NULL AUTO_INCREMENT,
  `ENTITY_ID` int(18) NOT NULL,
  `ENTITY_TYPE` char(1) COLLATE utf8_unicode_ci NOT NULL,
  `FILE_ID` int(18) NOT NULL,
  PRIMARY KEY (`ID`),
  KEY `IX_ENTITY` (`ENTITY_ID`,`ENTITY_TYPE`),
  KEY `IX_FILE` (`FILE_ID`)
) ENGINE=InnoDB DEFAULT CHARSET=utf8 COLLATE=utf8_unicode_ci;
/*!40101 SET character_set_client = @saved_cs_client */;

--
-- Dumping data for table `b_landing_file`
--

LOCK TABLES `b_landing_file` WRITE;
/*!40000 ALTER TABLE `b_landing_file` DISABLE KEYS */;
/*!40000 ALTER TABLE `b_landing_file` ENABLE KEYS */;
UNLOCK TABLES;

--
-- Table structure for table `b_landing_hook_data`
--

DROP TABLE IF EXISTS `b_landing_hook_data`;
/*!40101 SET @saved_cs_client     = @@character_set_client */;
/*!40101 SET character_set_client = utf8 */;
CREATE TABLE `b_landing_hook_data` (
  `ID` int(18) NOT NULL AUTO_INCREMENT,
  `ENTITY_ID` int(18) NOT NULL,
  `ENTITY_TYPE` char(1) COLLATE utf8_unicode_ci NOT NULL,
  `HOOK` varchar(50) COLLATE utf8_unicode_ci NOT NULL,
  `CODE` varchar(50) COLLATE utf8_unicode_ci NOT NULL,
  `VALUE` text COLLATE utf8_unicode_ci DEFAULT NULL,
  PRIMARY KEY (`ID`),
  KEY `K_ENTITY` (`ENTITY_ID`,`ENTITY_TYPE`)
) ENGINE=InnoDB DEFAULT CHARSET=utf8 COLLATE=utf8_unicode_ci;
/*!40101 SET character_set_client = @saved_cs_client */;

--
-- Dumping data for table `b_landing_hook_data`
--

LOCK TABLES `b_landing_hook_data` WRITE;
/*!40000 ALTER TABLE `b_landing_hook_data` DISABLE KEYS */;
/*!40000 ALTER TABLE `b_landing_hook_data` ENABLE KEYS */;
UNLOCK TABLES;

--
-- Table structure for table `b_landing_manifest`
--

DROP TABLE IF EXISTS `b_landing_manifest`;
/*!40101 SET @saved_cs_client     = @@character_set_client */;
/*!40101 SET character_set_client = utf8 */;
CREATE TABLE `b_landing_manifest` (
  `ID` int(18) NOT NULL AUTO_INCREMENT,
  `CODE` varchar(255) COLLATE utf8_unicode_ci NOT NULL,
  `MANIFEST` text COLLATE utf8_unicode_ci NOT NULL,
  `CONTENT` text COLLATE utf8_unicode_ci NOT NULL,
  `CREATED_BY_ID` int(18) NOT NULL,
  `MODIFIED_BY_ID` int(18) NOT NULL,
  `DATE_CREATE` timestamp NULL DEFAULT NULL,
  `DATE_MODIFY` timestamp NOT NULL DEFAULT '0000-00-00 00:00:00',
  PRIMARY KEY (`ID`),
  UNIQUE KEY `IX_B_MANIFEST_CODE` (`CODE`)
) ENGINE=InnoDB DEFAULT CHARSET=utf8 COLLATE=utf8_unicode_ci;
/*!40101 SET character_set_client = @saved_cs_client */;

--
-- Dumping data for table `b_landing_manifest`
--

LOCK TABLES `b_landing_manifest` WRITE;
/*!40000 ALTER TABLE `b_landing_manifest` DISABLE KEYS */;
/*!40000 ALTER TABLE `b_landing_manifest` ENABLE KEYS */;
UNLOCK TABLES;

--
-- Table structure for table `b_landing_placement`
--

DROP TABLE IF EXISTS `b_landing_placement`;
/*!40101 SET @saved_cs_client     = @@character_set_client */;
/*!40101 SET character_set_client = utf8 */;
CREATE TABLE `b_landing_placement` (
  `ID` int(18) NOT NULL AUTO_INCREMENT,
  `APP_ID` int(18) DEFAULT NULL,
  `PLACEMENT` varchar(255) COLLATE utf8_unicode_ci NOT NULL,
  `PLACEMENT_HANDLER` varchar(255) COLLATE utf8_unicode_ci NOT NULL,
  `TITLE` varchar(255) COLLATE utf8_unicode_ci DEFAULT '',
  `CREATED_BY_ID` int(18) NOT NULL,
  `MODIFIED_BY_ID` int(18) NOT NULL,
  `DATE_CREATE` timestamp NULL DEFAULT NULL,
  `DATE_MODIFY` timestamp NOT NULL DEFAULT '0000-00-00 00:00:00',
  PRIMARY KEY (`ID`)
) ENGINE=InnoDB DEFAULT CHARSET=utf8 COLLATE=utf8_unicode_ci;
/*!40101 SET character_set_client = @saved_cs_client */;

--
-- Dumping data for table `b_landing_placement`
--

LOCK TABLES `b_landing_placement` WRITE;
/*!40000 ALTER TABLE `b_landing_placement` DISABLE KEYS */;
/*!40000 ALTER TABLE `b_landing_placement` ENABLE KEYS */;
UNLOCK TABLES;

--
-- Table structure for table `b_landing_repo`
--

DROP TABLE IF EXISTS `b_landing_repo`;
/*!40101 SET @saved_cs_client     = @@character_set_client */;
/*!40101 SET character_set_client = utf8 */;
CREATE TABLE `b_landing_repo` (
  `ID` int(18) NOT NULL AUTO_INCREMENT,
  `XML_ID` varchar(255) COLLATE utf8_unicode_ci NOT NULL,
  `APP_CODE` varchar(255) COLLATE utf8_unicode_ci DEFAULT NULL,
  `ACTIVE` char(1) COLLATE utf8_unicode_ci NOT NULL DEFAULT 'Y',
  `NAME` varchar(255) COLLATE utf8_unicode_ci NOT NULL,
  `DESCRIPTION` varchar(255) COLLATE utf8_unicode_ci DEFAULT NULL,
  `SECTIONS` varchar(255) COLLATE utf8_unicode_ci DEFAULT NULL,
  `PREVIEW` varchar(255) COLLATE utf8_unicode_ci DEFAULT NULL,
  `MANIFEST` text COLLATE utf8_unicode_ci DEFAULT NULL,
  `CONTENT` text COLLATE utf8_unicode_ci NOT NULL,
  `CREATED_BY_ID` int(18) NOT NULL,
  `MODIFIED_BY_ID` int(18) NOT NULL,
  `DATE_CREATE` timestamp NULL DEFAULT NULL,
  `DATE_MODIFY` timestamp NOT NULL DEFAULT '0000-00-00 00:00:00',
  PRIMARY KEY (`ID`),
  KEY `IX_B_REPO_ACTIVE` (`ACTIVE`),
  KEY `IX_B_REPO_XML_ID` (`XML_ID`),
  KEY `IX_B_REPO_APP_CODE` (`APP_CODE`)
) ENGINE=InnoDB DEFAULT CHARSET=utf8 COLLATE=utf8_unicode_ci;
/*!40101 SET character_set_client = @saved_cs_client */;

--
-- Dumping data for table `b_landing_repo`
--

LOCK TABLES `b_landing_repo` WRITE;
/*!40000 ALTER TABLE `b_landing_repo` DISABLE KEYS */;
/*!40000 ALTER TABLE `b_landing_repo` ENABLE KEYS */;
UNLOCK TABLES;

--
-- Table structure for table `b_landing_site`
--

DROP TABLE IF EXISTS `b_landing_site`;
/*!40101 SET @saved_cs_client     = @@character_set_client */;
/*!40101 SET character_set_client = utf8 */;
CREATE TABLE `b_landing_site` (
  `ID` int(18) NOT NULL AUTO_INCREMENT,
  `CODE` varchar(255) COLLATE utf8_unicode_ci NOT NULL,
  `ACTIVE` char(1) COLLATE utf8_unicode_ci NOT NULL DEFAULT 'Y',
  `DELETED` char(1) COLLATE utf8_unicode_ci NOT NULL DEFAULT 'N',
  `TITLE` varchar(255) COLLATE utf8_unicode_ci NOT NULL,
  `XML_ID` varchar(255) COLLATE utf8_unicode_ci DEFAULT NULL,
  `DESCRIPTION` varchar(255) COLLATE utf8_unicode_ci DEFAULT NULL,
  `TYPE` varchar(50) COLLATE utf8_unicode_ci NOT NULL DEFAULT 'PAGE',
  `TPL_ID` int(18) DEFAULT NULL,
  `DOMAIN_ID` int(18) NOT NULL,
  `SMN_SITE_ID` char(2) COLLATE utf8_unicode_ci DEFAULT NULL,
  `LANDING_ID_INDEX` int(18) DEFAULT NULL,
  `LANDING_ID_404` int(18) DEFAULT NULL,
  `LANDING_ID_503` int(18) DEFAULT NULL,
  `CREATED_BY_ID` int(18) NOT NULL,
  `MODIFIED_BY_ID` int(18) NOT NULL,
  `DATE_CREATE` timestamp NULL DEFAULT NULL,
  `DATE_MODIFY` timestamp NOT NULL DEFAULT '0000-00-00 00:00:00',
  PRIMARY KEY (`ID`),
  KEY `IX_B_SITE_CODE` (`CODE`),
  KEY `IX_B_SITE_ACTIVE` (`ACTIVE`),
  KEY `IX_B_SITE_DELETED` (`DELETED`),
  KEY `IX_B_SITE_XML_ID` (`XML_ID`)
) ENGINE=InnoDB DEFAULT CHARSET=utf8 COLLATE=utf8_unicode_ci;
/*!40101 SET character_set_client = @saved_cs_client */;

--
-- Dumping data for table `b_landing_site`
--

LOCK TABLES `b_landing_site` WRITE;
/*!40000 ALTER TABLE `b_landing_site` DISABLE KEYS */;
/*!40000 ALTER TABLE `b_landing_site` ENABLE KEYS */;
UNLOCK TABLES;

--
-- Table structure for table `b_landing_syspage`
--

DROP TABLE IF EXISTS `b_landing_syspage`;
/*!40101 SET @saved_cs_client     = @@character_set_client */;
/*!40101 SET character_set_client = utf8 */;
CREATE TABLE `b_landing_syspage` (
  `ID` int(18) NOT NULL AUTO_INCREMENT,
  `SITE_ID` int(18) NOT NULL,
  `TYPE` varchar(50) COLLATE utf8_unicode_ci NOT NULL,
  `LANDING_ID` int(18) NOT NULL,
  PRIMARY KEY (`ID`),
  KEY `IX_SITE_ID` (`SITE_ID`),
  KEY `IX_LANDING_ID` (`LANDING_ID`)
) ENGINE=InnoDB DEFAULT CHARSET=utf8 COLLATE=utf8_unicode_ci;
/*!40101 SET character_set_client = @saved_cs_client */;

--
-- Dumping data for table `b_landing_syspage`
--

LOCK TABLES `b_landing_syspage` WRITE;
/*!40000 ALTER TABLE `b_landing_syspage` DISABLE KEYS */;
/*!40000 ALTER TABLE `b_landing_syspage` ENABLE KEYS */;
UNLOCK TABLES;

--
-- Table structure for table `b_landing_template`
--

DROP TABLE IF EXISTS `b_landing_template`;
/*!40101 SET @saved_cs_client     = @@character_set_client */;
/*!40101 SET character_set_client = utf8 */;
CREATE TABLE `b_landing_template` (
  `ID` int(18) NOT NULL AUTO_INCREMENT,
  `ACTIVE` char(1) COLLATE utf8_unicode_ci NOT NULL DEFAULT 'Y',
  `TITLE` varchar(255) COLLATE utf8_unicode_ci NOT NULL,
  `SORT` int(18) DEFAULT 100,
  `XML_ID` varchar(255) COLLATE utf8_unicode_ci DEFAULT NULL,
  `CONTENT` text COLLATE utf8_unicode_ci NOT NULL,
  `AREA_COUNT` int(2) NOT NULL,
  `CREATED_BY_ID` int(18) NOT NULL,
  `MODIFIED_BY_ID` int(18) NOT NULL,
  `DATE_CREATE` timestamp NULL DEFAULT NULL,
  `DATE_MODIFY` timestamp NOT NULL DEFAULT '0000-00-00 00:00:00',
  PRIMARY KEY (`ID`)
) ENGINE=InnoDB AUTO_INCREMENT=7 DEFAULT CHARSET=utf8 COLLATE=utf8_unicode_ci;
/*!40101 SET character_set_client = @saved_cs_client */;

--
-- Dumping data for table `b_landing_template`
--

LOCK TABLES `b_landing_template` WRITE;
/*!40000 ALTER TABLE `b_landing_template` DISABLE KEYS */;
INSERT INTO `b_landing_template` VALUES (1,'Y','#EMPTY#',100,'empty','#CONTENT#',0,1,1,'2019-02-27 16:19:36','2019-02-27 16:19:36'),(2,'Y','#SIDEBAR_LEFT#',200,'sidebar_left','<div class=\"landing-layout-flex\">\n								<div class=\"g-width-25x--lg g-max-width-100x g-overflow-hidden landing-sidebar\">#AREA_1#</div> \n								<div class=\"g-width-75x--lg g-max-width-100x landing-main\">#CONTENT#</div> \n							</div>',1,1,1,'2019-02-27 16:19:36','2019-02-27 16:19:36'),(3,'Y','#SIDEBAR_RIGHT#',300,'sidebar_right','<div class=\"landing-layout-flex sidebar-right\">\n								<div class=\"g-width-25x--lg g-max-width-100x landing-sidebar\">#AREA_1#</div> \n								<div class=\"g-width-75x--lg  g-max-width-100x landing-main\">#CONTENT#</div> \n							</div>',1,1,1,'2019-02-27 16:19:36','2019-02-27 16:19:36'),(4,'Y','#HEADER_FOOTER#',400,'header_footer','<div class=\"landing-header\">#AREA_1#</div> \n								<div class=\"landing-main\">#CONTENT#</div> \n							<div class=\"landing-footer\">#AREA_2#</div>',2,1,1,'2019-02-27 16:19:36','2019-02-27 16:19:36'),(5,'Y','#WITHOUT_LEFT#',500,'without_left','<div class=\"landing-header\">#AREA_1#</div> \n								<div class=\"landing-layout-flex without-left\">\n									<div class=\"g-width-25x--lg g-max-width-100x landing-sidebar\">#AREA_2#</div>\n									<div class=\"g-width-75x--lg g-max-width-100x landing-main\">#CONTENT#</div> \n								</div> \n							<div class=\"landing-footer\">#AREA_3#</div>',3,1,1,'2019-02-27 16:19:36','2019-02-27 16:19:36'),(6,'Y','#WITHOUT_RIGHT#',600,'without_right','<div class=\"landing-header\">#AREA_1#</div>\n								<div class=\"landing-layout-flex\">\n									<div class=\"g-width-25x--lg g-max-width-100x landing-sidebar\">#AREA_2#</div>\n									<div class=\"g-width-75x--lg g-max-width-100x landing-main\">#CONTENT#</div>\n								</div>\n							<div class=\"landing-footer\">#AREA_3#</div>',3,1,1,'2019-02-27 16:19:36','2019-02-27 16:19:36');
/*!40000 ALTER TABLE `b_landing_template` ENABLE KEYS */;
UNLOCK TABLES;

--
-- Table structure for table `b_landing_template_ref`
--

DROP TABLE IF EXISTS `b_landing_template_ref`;
/*!40101 SET @saved_cs_client     = @@character_set_client */;
/*!40101 SET character_set_client = utf8 */;
CREATE TABLE `b_landing_template_ref` (
  `ID` int(18) NOT NULL AUTO_INCREMENT,
  `ENTITY_ID` int(18) NOT NULL,
  `ENTITY_TYPE` char(1) COLLATE utf8_unicode_ci NOT NULL,
  `AREA` int(2) NOT NULL,
  `LANDING_ID` int(18) NOT NULL,
  PRIMARY KEY (`ID`),
  KEY `K_LANDING_ID` (`LANDING_ID`),
  KEY `K_ENTITY` (`ENTITY_ID`,`ENTITY_TYPE`)
) ENGINE=InnoDB DEFAULT CHARSET=utf8 COLLATE=utf8_unicode_ci;
/*!40101 SET character_set_client = @saved_cs_client */;

--
-- Dumping data for table `b_landing_template_ref`
--

LOCK TABLES `b_landing_template_ref` WRITE;
/*!40000 ALTER TABLE `b_landing_template_ref` DISABLE KEYS */;
/*!40000 ALTER TABLE `b_landing_template_ref` ENABLE KEYS */;
UNLOCK TABLES;

--
-- Table structure for table `b_lang`
--

DROP TABLE IF EXISTS `b_lang`;
/*!40101 SET @saved_cs_client     = @@character_set_client */;
/*!40101 SET character_set_client = utf8 */;
CREATE TABLE `b_lang` (
  `LID` char(2) COLLATE utf8_unicode_ci NOT NULL,
  `SORT` int(18) NOT NULL DEFAULT 100,
  `DEF` char(1) COLLATE utf8_unicode_ci NOT NULL DEFAULT 'N',
  `ACTIVE` char(1) COLLATE utf8_unicode_ci NOT NULL DEFAULT 'Y',
  `NAME` varchar(50) COLLATE utf8_unicode_ci NOT NULL,
  `DIR` varchar(50) COLLATE utf8_unicode_ci NOT NULL,
  `FORMAT_DATE` varchar(50) COLLATE utf8_unicode_ci DEFAULT NULL,
  `FORMAT_DATETIME` varchar(50) COLLATE utf8_unicode_ci DEFAULT NULL,
  `FORMAT_NAME` varchar(255) COLLATE utf8_unicode_ci DEFAULT NULL,
  `WEEK_START` int(11) DEFAULT NULL,
  `CHARSET` varchar(255) COLLATE utf8_unicode_ci DEFAULT NULL,
  `LANGUAGE_ID` char(2) COLLATE utf8_unicode_ci NOT NULL,
  `DOC_ROOT` varchar(255) COLLATE utf8_unicode_ci DEFAULT NULL,
  `DOMAIN_LIMITED` char(1) COLLATE utf8_unicode_ci NOT NULL DEFAULT 'N',
  `SERVER_NAME` varchar(255) COLLATE utf8_unicode_ci DEFAULT NULL,
  `SITE_NAME` varchar(255) COLLATE utf8_unicode_ci DEFAULT NULL,
  `EMAIL` varchar(255) COLLATE utf8_unicode_ci DEFAULT NULL,
  `CULTURE_ID` int(11) DEFAULT NULL,
  PRIMARY KEY (`LID`)
) ENGINE=InnoDB DEFAULT CHARSET=utf8 COLLATE=utf8_unicode_ci;
/*!40101 SET character_set_client = @saved_cs_client */;

--
-- Dumping data for table `b_lang`
--

LOCK TABLES `b_lang` WRITE;
/*!40000 ALTER TABLE `b_lang` DISABLE KEYS */;
INSERT INTO `b_lang` VALUES ('s1',1,'Y','Y','Шоу-рум Genesis','/',NULL,NULL,NULL,NULL,NULL,'ru','','N','','','',1);
/*!40000 ALTER TABLE `b_lang` ENABLE KEYS */;
UNLOCK TABLES;

--
-- Table structure for table `b_lang_domain`
--

DROP TABLE IF EXISTS `b_lang_domain`;
/*!40101 SET @saved_cs_client     = @@character_set_client */;
/*!40101 SET character_set_client = utf8 */;
CREATE TABLE `b_lang_domain` (
  `LID` char(2) COLLATE utf8_unicode_ci NOT NULL,
  `DOMAIN` varchar(255) COLLATE utf8_unicode_ci NOT NULL,
  PRIMARY KEY (`LID`,`DOMAIN`)
) ENGINE=InnoDB DEFAULT CHARSET=utf8 COLLATE=utf8_unicode_ci;
/*!40101 SET character_set_client = @saved_cs_client */;

--
-- Dumping data for table `b_lang_domain`
--

LOCK TABLES `b_lang_domain` WRITE;
/*!40000 ALTER TABLE `b_lang_domain` DISABLE KEYS */;
/*!40000 ALTER TABLE `b_lang_domain` ENABLE KEYS */;
UNLOCK TABLES;

--
-- Table structure for table `b_language`
--

DROP TABLE IF EXISTS `b_language`;
/*!40101 SET @saved_cs_client     = @@character_set_client */;
/*!40101 SET character_set_client = utf8 */;
CREATE TABLE `b_language` (
  `LID` char(2) COLLATE utf8_unicode_ci NOT NULL,
  `SORT` int(11) NOT NULL DEFAULT 100,
  `DEF` char(1) COLLATE utf8_unicode_ci NOT NULL DEFAULT 'N',
  `ACTIVE` char(1) COLLATE utf8_unicode_ci NOT NULL DEFAULT 'Y',
  `NAME` varchar(50) COLLATE utf8_unicode_ci NOT NULL,
  `FORMAT_DATE` varchar(50) COLLATE utf8_unicode_ci DEFAULT NULL,
  `FORMAT_DATETIME` varchar(50) COLLATE utf8_unicode_ci DEFAULT NULL,
  `FORMAT_NAME` varchar(255) COLLATE utf8_unicode_ci DEFAULT NULL,
  `WEEK_START` int(11) DEFAULT NULL,
  `CHARSET` varchar(255) COLLATE utf8_unicode_ci DEFAULT NULL,
  `DIRECTION` char(1) COLLATE utf8_unicode_ci DEFAULT NULL,
  `CULTURE_ID` int(11) DEFAULT NULL,
  PRIMARY KEY (`LID`)
) ENGINE=InnoDB DEFAULT CHARSET=utf8 COLLATE=utf8_unicode_ci;
/*!40101 SET character_set_client = @saved_cs_client */;

--
-- Dumping data for table `b_language`
--

LOCK TABLES `b_language` WRITE;
/*!40000 ALTER TABLE `b_language` DISABLE KEYS */;
INSERT INTO `b_language` VALUES ('en',2,'N','Y','English',NULL,NULL,NULL,NULL,NULL,NULL,2),('ru',1,'Y','Y','Russian',NULL,NULL,NULL,NULL,NULL,NULL,1);
/*!40000 ALTER TABLE `b_language` ENABLE KEYS */;
UNLOCK TABLES;

--
-- Table structure for table `b_main_mail_blacklist`
--

DROP TABLE IF EXISTS `b_main_mail_blacklist`;
/*!40101 SET @saved_cs_client     = @@character_set_client */;
/*!40101 SET character_set_client = utf8 */;
CREATE TABLE `b_main_mail_blacklist` (
  `ID` int(11) NOT NULL AUTO_INCREMENT,
  `DATE_INSERT` datetime NOT NULL,
  `CODE` varchar(255) COLLATE utf8_unicode_ci DEFAULT NULL,
  PRIMARY KEY (`ID`),
  UNIQUE KEY `UK_B_MAIN_MAIL_BLACKLIST_CODE` (`CODE`)
) ENGINE=InnoDB DEFAULT CHARSET=utf8 COLLATE=utf8_unicode_ci;
/*!40101 SET character_set_client = @saved_cs_client */;

--
-- Dumping data for table `b_main_mail_blacklist`
--

LOCK TABLES `b_main_mail_blacklist` WRITE;
/*!40000 ALTER TABLE `b_main_mail_blacklist` DISABLE KEYS */;
/*!40000 ALTER TABLE `b_main_mail_blacklist` ENABLE KEYS */;
UNLOCK TABLES;

--
-- Table structure for table `b_main_mail_sender`
--

DROP TABLE IF EXISTS `b_main_mail_sender`;
/*!40101 SET @saved_cs_client     = @@character_set_client */;
/*!40101 SET character_set_client = utf8 */;
CREATE TABLE `b_main_mail_sender` (
  `ID` int(11) NOT NULL AUTO_INCREMENT,
  `NAME` varchar(255) COLLATE utf8_unicode_ci NOT NULL DEFAULT '',
  `EMAIL` varchar(255) COLLATE utf8_unicode_ci NOT NULL,
  `USER_ID` int(11) NOT NULL,
  `IS_CONFIRMED` tinyint(4) NOT NULL DEFAULT 0,
  `IS_PUBLIC` tinyint(4) NOT NULL DEFAULT 0,
  `OPTIONS` text COLLATE utf8_unicode_ci DEFAULT NULL,
  PRIMARY KEY (`ID`),
  KEY `IX_B_MAIN_MAIL_SENDER_USER_ID` (`USER_ID`,`IS_CONFIRMED`,`IS_PUBLIC`)
) ENGINE=InnoDB DEFAULT CHARSET=utf8 COLLATE=utf8_unicode_ci;
/*!40101 SET character_set_client = @saved_cs_client */;

--
-- Dumping data for table `b_main_mail_sender`
--

LOCK TABLES `b_main_mail_sender` WRITE;
/*!40000 ALTER TABLE `b_main_mail_sender` DISABLE KEYS */;
/*!40000 ALTER TABLE `b_main_mail_sender` ENABLE KEYS */;
UNLOCK TABLES;

--
-- Table structure for table `b_medialib_collection`
--

DROP TABLE IF EXISTS `b_medialib_collection`;
/*!40101 SET @saved_cs_client     = @@character_set_client */;
/*!40101 SET character_set_client = utf8 */;
CREATE TABLE `b_medialib_collection` (
  `ID` int(11) NOT NULL AUTO_INCREMENT,
  `NAME` varchar(255) COLLATE utf8_unicode_ci NOT NULL,
  `DESCRIPTION` text COLLATE utf8_unicode_ci DEFAULT NULL,
  `ACTIVE` char(1) COLLATE utf8_unicode_ci NOT NULL DEFAULT 'Y',
  `DATE_UPDATE` datetime NOT NULL,
  `OWNER_ID` int(11) DEFAULT NULL,
  `PARENT_ID` int(11) DEFAULT NULL,
  `SITE_ID` char(2) COLLATE utf8_unicode_ci DEFAULT NULL,
  `KEYWORDS` varchar(255) COLLATE utf8_unicode_ci DEFAULT NULL,
  `ITEMS_COUNT` int(11) DEFAULT NULL,
  `ML_TYPE` int(11) NOT NULL DEFAULT 0,
  PRIMARY KEY (`ID`)
) ENGINE=InnoDB DEFAULT CHARSET=utf8 COLLATE=utf8_unicode_ci;
/*!40101 SET character_set_client = @saved_cs_client */;

--
-- Dumping data for table `b_medialib_collection`
--

LOCK TABLES `b_medialib_collection` WRITE;
/*!40000 ALTER TABLE `b_medialib_collection` DISABLE KEYS */;
/*!40000 ALTER TABLE `b_medialib_collection` ENABLE KEYS */;
UNLOCK TABLES;

--
-- Table structure for table `b_medialib_collection_item`
--

DROP TABLE IF EXISTS `b_medialib_collection_item`;
/*!40101 SET @saved_cs_client     = @@character_set_client */;
/*!40101 SET character_set_client = utf8 */;
CREATE TABLE `b_medialib_collection_item` (
  `COLLECTION_ID` int(11) NOT NULL,
  `ITEM_ID` int(11) NOT NULL,
  PRIMARY KEY (`ITEM_ID`,`COLLECTION_ID`)
) ENGINE=InnoDB DEFAULT CHARSET=utf8 COLLATE=utf8_unicode_ci;
/*!40101 SET character_set_client = @saved_cs_client */;

--
-- Dumping data for table `b_medialib_collection_item`
--

LOCK TABLES `b_medialib_collection_item` WRITE;
/*!40000 ALTER TABLE `b_medialib_collection_item` DISABLE KEYS */;
/*!40000 ALTER TABLE `b_medialib_collection_item` ENABLE KEYS */;
UNLOCK TABLES;

--
-- Table structure for table `b_medialib_item`
--

DROP TABLE IF EXISTS `b_medialib_item`;
/*!40101 SET @saved_cs_client     = @@character_set_client */;
/*!40101 SET character_set_client = utf8 */;
CREATE TABLE `b_medialib_item` (
  `ID` int(11) NOT NULL AUTO_INCREMENT,
  `NAME` varchar(255) COLLATE utf8_unicode_ci NOT NULL,
  `ITEM_TYPE` char(30) COLLATE utf8_unicode_ci DEFAULT NULL,
  `DESCRIPTION` text COLLATE utf8_unicode_ci DEFAULT NULL,
  `DATE_CREATE` datetime NOT NULL,
  `DATE_UPDATE` datetime NOT NULL,
  `SOURCE_ID` int(11) NOT NULL,
  `KEYWORDS` varchar(255) COLLATE utf8_unicode_ci DEFAULT NULL,
  `SEARCHABLE_CONTENT` text COLLATE utf8_unicode_ci DEFAULT NULL,
  PRIMARY KEY (`ID`)
) ENGINE=InnoDB DEFAULT CHARSET=utf8 COLLATE=utf8_unicode_ci;
/*!40101 SET character_set_client = @saved_cs_client */;

--
-- Dumping data for table `b_medialib_item`
--

LOCK TABLES `b_medialib_item` WRITE;
/*!40000 ALTER TABLE `b_medialib_item` DISABLE KEYS */;
/*!40000 ALTER TABLE `b_medialib_item` ENABLE KEYS */;
UNLOCK TABLES;

--
-- Table structure for table `b_medialib_type`
--

DROP TABLE IF EXISTS `b_medialib_type`;
/*!40101 SET @saved_cs_client     = @@character_set_client */;
/*!40101 SET character_set_client = utf8 */;
CREATE TABLE `b_medialib_type` (
  `ID` int(11) NOT NULL AUTO_INCREMENT,
  `NAME` varchar(255) COLLATE utf8_unicode_ci DEFAULT NULL,
  `CODE` varchar(255) COLLATE utf8_unicode_ci NOT NULL,
  `EXT` varchar(255) COLLATE utf8_unicode_ci NOT NULL,
  `SYSTEM` char(1) COLLATE utf8_unicode_ci NOT NULL DEFAULT 'N',
  `DESCRIPTION` text COLLATE utf8_unicode_ci DEFAULT NULL,
  PRIMARY KEY (`ID`)
) ENGINE=InnoDB AUTO_INCREMENT=4 DEFAULT CHARSET=utf8 COLLATE=utf8_unicode_ci;
/*!40101 SET character_set_client = @saved_cs_client */;

--
-- Dumping data for table `b_medialib_type`
--

LOCK TABLES `b_medialib_type` WRITE;
/*!40000 ALTER TABLE `b_medialib_type` DISABLE KEYS */;
INSERT INTO `b_medialib_type` VALUES (1,'image_name','image','jpg,jpeg,gif,png','Y','image_desc'),(2,'video_name','video','flv,mp4,wmv','Y','video_desc'),(3,'sound_name','sound','mp3,wma,aac','Y','sound_desc');
/*!40000 ALTER TABLE `b_medialib_type` ENABLE KEYS */;
UNLOCK TABLES;

--
-- Table structure for table `b_messageservice_message`
--

DROP TABLE IF EXISTS `b_messageservice_message`;
/*!40101 SET @saved_cs_client     = @@character_set_client */;
/*!40101 SET character_set_client = utf8 */;
CREATE TABLE `b_messageservice_message` (
  `ID` int(18) NOT NULL AUTO_INCREMENT,
  `TYPE` varchar(30) COLLATE utf8_unicode_ci NOT NULL,
  `SENDER_ID` varchar(50) COLLATE utf8_unicode_ci NOT NULL,
  `AUTHOR_ID` int(18) NOT NULL DEFAULT 0,
  `MESSAGE_FROM` varchar(260) COLLATE utf8_unicode_ci DEFAULT NULL,
  `MESSAGE_TO` varchar(50) COLLATE utf8_unicode_ci NOT NULL,
  `MESSAGE_HEADERS` longtext COLLATE utf8_unicode_ci DEFAULT NULL,
  `MESSAGE_BODY` longtext COLLATE utf8_unicode_ci NOT NULL,
  `DATE_INSERT` datetime DEFAULT NULL,
  `DATE_EXEC` datetime DEFAULT NULL,
  `NEXT_EXEC` datetime DEFAULT NULL,
  `SUCCESS_EXEC` char(1) COLLATE utf8_unicode_ci NOT NULL DEFAULT 'N',
  `EXEC_ERROR` varchar(255) COLLATE utf8_unicode_ci DEFAULT NULL,
  `STATUS_ID` int(18) NOT NULL DEFAULT 0,
  `EXTERNAL_ID` varchar(128) COLLATE utf8_unicode_ci DEFAULT NULL,
  PRIMARY KEY (`ID`),
  KEY `B_MESSAGESERVICE_MESSAGE_1` (`DATE_EXEC`),
  KEY `B_MESSAGESERVICE_MESSAGE_2` (`SUCCESS_EXEC`),
  KEY `B_MESSAGESERVICE_MESSAGE_3` (`SENDER_ID`,`EXTERNAL_ID`)
) ENGINE=InnoDB DEFAULT CHARSET=utf8 COLLATE=utf8_unicode_ci;
/*!40101 SET character_set_client = @saved_cs_client */;

--
-- Dumping data for table `b_messageservice_message`
--

LOCK TABLES `b_messageservice_message` WRITE;
/*!40000 ALTER TABLE `b_messageservice_message` DISABLE KEYS */;
/*!40000 ALTER TABLE `b_messageservice_message` ENABLE KEYS */;
UNLOCK TABLES;

--
-- Table structure for table `b_messageservice_rest_app`
--

DROP TABLE IF EXISTS `b_messageservice_rest_app`;
/*!40101 SET @saved_cs_client     = @@character_set_client */;
/*!40101 SET character_set_client = utf8 */;
CREATE TABLE `b_messageservice_rest_app` (
  `ID` int(18) NOT NULL AUTO_INCREMENT,
  `APP_ID` varchar(128) COLLATE utf8_unicode_ci NOT NULL,
  `CODE` varchar(128) COLLATE utf8_unicode_ci NOT NULL,
  `TYPE` varchar(30) COLLATE utf8_unicode_ci NOT NULL,
  `HANDLER` varchar(1000) COLLATE utf8_unicode_ci NOT NULL,
  `DATE_ADD` datetime DEFAULT NULL,
  `AUTHOR_ID` int(18) NOT NULL DEFAULT 0,
  PRIMARY KEY (`ID`),
  UNIQUE KEY `B_MESSAGESERVICE_REST_APP_1` (`APP_ID`,`CODE`)
) ENGINE=InnoDB DEFAULT CHARSET=utf8 COLLATE=utf8_unicode_ci;
/*!40101 SET character_set_client = @saved_cs_client */;

--
-- Dumping data for table `b_messageservice_rest_app`
--

LOCK TABLES `b_messageservice_rest_app` WRITE;
/*!40000 ALTER TABLE `b_messageservice_rest_app` DISABLE KEYS */;
/*!40000 ALTER TABLE `b_messageservice_rest_app` ENABLE KEYS */;
UNLOCK TABLES;

--
-- Table structure for table `b_messageservice_rest_app_lang`
--

DROP TABLE IF EXISTS `b_messageservice_rest_app_lang`;
/*!40101 SET @saved_cs_client     = @@character_set_client */;
/*!40101 SET character_set_client = utf8 */;
CREATE TABLE `b_messageservice_rest_app_lang` (
  `ID` int(18) NOT NULL AUTO_INCREMENT,
  `APP_ID` int(18) NOT NULL,
  `LANGUAGE_ID` char(2) COLLATE utf8_unicode_ci NOT NULL,
  `NAME` varchar(500) COLLATE utf8_unicode_ci DEFAULT NULL,
  `APP_NAME` varchar(500) COLLATE utf8_unicode_ci DEFAULT NULL,
  `DESCRIPTION` varchar(1000) COLLATE utf8_unicode_ci DEFAULT NULL,
  PRIMARY KEY (`ID`)
) ENGINE=InnoDB DEFAULT CHARSET=utf8 COLLATE=utf8_unicode_ci;
/*!40101 SET character_set_client = @saved_cs_client */;

--
-- Dumping data for table `b_messageservice_rest_app_lang`
--

LOCK TABLES `b_messageservice_rest_app_lang` WRITE;
/*!40000 ALTER TABLE `b_messageservice_rest_app_lang` DISABLE KEYS */;
/*!40000 ALTER TABLE `b_messageservice_rest_app_lang` ENABLE KEYS */;
UNLOCK TABLES;

--
-- Table structure for table `b_module`
--

DROP TABLE IF EXISTS `b_module`;
/*!40101 SET @saved_cs_client     = @@character_set_client */;
/*!40101 SET character_set_client = utf8 */;
CREATE TABLE `b_module` (
  `ID` varchar(50) COLLATE utf8_unicode_ci NOT NULL,
  `DATE_ACTIVE` timestamp NOT NULL DEFAULT current_timestamp() ON UPDATE current_timestamp(),
  PRIMARY KEY (`ID`)
) ENGINE=InnoDB DEFAULT CHARSET=utf8 COLLATE=utf8_unicode_ci;
/*!40101 SET character_set_client = @saved_cs_client */;

--
-- Dumping data for table `b_module`
--

LOCK TABLES `b_module` WRITE;
/*!40000 ALTER TABLE `b_module` DISABLE KEYS */;
INSERT INTO `b_module` VALUES ('b24connector','2019-02-27 16:19:21'),('bitrix.sitecorporate','2019-02-27 16:19:22'),('bitrixcloud','2019-02-27 16:19:23'),('clouds','2019-02-27 16:19:23'),('compression','2019-02-27 16:19:24'),('fileman','2019-02-27 16:19:25'),('highloadblock','2019-02-27 16:19:27'),('iblock','2019-02-27 16:19:29'),('itpeople.site','2019-02-28 10:21:49'),('landing','2019-02-27 16:19:36'),('main','2019-02-27 16:19:11'),('messageservice','2019-02-27 16:19:43'),('perfmon','2019-02-27 16:19:44'),('rest','2019-02-27 16:19:44'),('search','2019-02-27 16:19:46'),('seo','2019-02-27 16:19:47'),('socialservices','2019-02-27 16:19:48'),('translate','2019-02-27 16:19:51'),('ui','2019-02-27 16:19:51'),('ws.reducemigrations','2019-02-28 12:08:26');
/*!40000 ALTER TABLE `b_module` ENABLE KEYS */;
UNLOCK TABLES;

--
-- Table structure for table `b_module_group`
--

DROP TABLE IF EXISTS `b_module_group`;
/*!40101 SET @saved_cs_client     = @@character_set_client */;
/*!40101 SET character_set_client = utf8 */;
CREATE TABLE `b_module_group` (
  `ID` int(11) NOT NULL AUTO_INCREMENT,
  `MODULE_ID` varchar(50) COLLATE utf8_unicode_ci NOT NULL,
  `GROUP_ID` int(11) NOT NULL,
  `G_ACCESS` varchar(255) COLLATE utf8_unicode_ci NOT NULL,
  `SITE_ID` char(2) COLLATE utf8_unicode_ci DEFAULT NULL,
  PRIMARY KEY (`ID`),
  UNIQUE KEY `UK_GROUP_MODULE` (`MODULE_ID`,`GROUP_ID`,`SITE_ID`)
) ENGINE=InnoDB DEFAULT CHARSET=utf8 COLLATE=utf8_unicode_ci;
/*!40101 SET character_set_client = @saved_cs_client */;

--
-- Dumping data for table `b_module_group`
--

LOCK TABLES `b_module_group` WRITE;
/*!40000 ALTER TABLE `b_module_group` DISABLE KEYS */;
/*!40000 ALTER TABLE `b_module_group` ENABLE KEYS */;
UNLOCK TABLES;

--
-- Table structure for table `b_module_to_module`
--

DROP TABLE IF EXISTS `b_module_to_module`;
/*!40101 SET @saved_cs_client     = @@character_set_client */;
/*!40101 SET character_set_client = utf8 */;
CREATE TABLE `b_module_to_module` (
  `ID` int(11) NOT NULL AUTO_INCREMENT,
  `TIMESTAMP_X` timestamp NOT NULL DEFAULT current_timestamp() ON UPDATE current_timestamp(),
  `SORT` int(18) NOT NULL DEFAULT 100,
  `FROM_MODULE_ID` varchar(50) COLLATE utf8_unicode_ci NOT NULL,
  `MESSAGE_ID` varchar(255) COLLATE utf8_unicode_ci NOT NULL,
  `TO_MODULE_ID` varchar(50) COLLATE utf8_unicode_ci NOT NULL,
  `TO_PATH` varchar(255) COLLATE utf8_unicode_ci DEFAULT NULL,
  `TO_CLASS` varchar(255) COLLATE utf8_unicode_ci DEFAULT NULL,
  `TO_METHOD` varchar(255) COLLATE utf8_unicode_ci DEFAULT NULL,
  `TO_METHOD_ARG` varchar(255) COLLATE utf8_unicode_ci DEFAULT NULL,
  `VERSION` int(18) DEFAULT NULL,
  PRIMARY KEY (`ID`),
  KEY `ix_module_to_module` (`FROM_MODULE_ID`(20),`MESSAGE_ID`(20),`TO_MODULE_ID`(20),`TO_CLASS`(20),`TO_METHOD`(20))
) ENGINE=InnoDB AUTO_INCREMENT=195 DEFAULT CHARSET=utf8 COLLATE=utf8_unicode_ci;
/*!40101 SET character_set_client = @saved_cs_client */;

--
-- Dumping data for table `b_module_to_module`
--

LOCK TABLES `b_module_to_module` WRITE;
/*!40000 ALTER TABLE `b_module_to_module` DISABLE KEYS */;
INSERT INTO `b_module_to_module` VALUES (1,'2019-02-27 16:19:11',100,'iblock','OnIBlockPropertyBuildList','main','/modules/main/tools/prop_userid.php','CIBlockPropertyUserID','GetUserTypeDescription','',1),(2,'2019-02-27 16:19:11',100,'main','OnUserDelete','main','/modules/main/classes/mysql/favorites.php','CFavorites','OnUserDelete','',1),(3,'2019-02-27 16:19:11',100,'main','OnLanguageDelete','main','/modules/main/classes/mysql/favorites.php','CFavorites','OnLanguageDelete','',1),(4,'2019-02-27 16:19:11',100,'main','OnUserDelete','main','','CUserOptions','OnUserDelete','',1),(5,'2019-02-27 16:19:11',100,'main','OnChangeFile','main','','CMain','OnChangeFileComponent','',1),(6,'2019-02-27 16:19:11',100,'main','OnUserTypeRightsCheck','main','','CUser','UserTypeRightsCheck','',1),(7,'2019-02-27 16:19:11',100,'main','OnUserLogin','main','','UpdateTools','CheckUpdates','',1),(8,'2019-02-27 16:19:11',100,'main','OnModuleUpdate','main','','UpdateTools','SetUpdateResult','',1),(9,'2019-02-27 16:19:11',100,'main','OnUpdateCheck','main','','UpdateTools','SetUpdateError','',1),(10,'2019-02-27 16:19:11',100,'main','OnPanelCreate','main','','CUndo','CheckNotifyMessage','',1),(11,'2019-02-27 16:19:11',100,'main','OnAfterAddRating','main','','CRatingsComponentsMain','OnAfterAddRating','',1),(12,'2019-02-27 16:19:11',100,'main','OnAfterUpdateRating','main','','CRatingsComponentsMain','OnAfterUpdateRating','',1),(13,'2019-02-27 16:19:11',100,'main','OnSetRatingsConfigs','main','','CRatingsComponentsMain','OnSetRatingConfigs','',1),(14,'2019-02-27 16:19:11',100,'main','OnGetRatingsConfigs','main','','CRatingsComponentsMain','OnGetRatingConfigs','',1),(15,'2019-02-27 16:19:11',100,'main','OnGetRatingsObjects','main','','CRatingsComponentsMain','OnGetRatingObject','',1),(16,'2019-02-27 16:19:11',100,'main','OnGetRatingContentOwner','main','','CRatingsComponentsMain','OnGetRatingContentOwner','',1),(17,'2019-02-27 16:19:11',100,'main','OnAfterAddRatingRule','main','','CRatingRulesMain','OnAfterAddRatingRule','',1),(18,'2019-02-27 16:19:11',100,'main','OnAfterUpdateRatingRule','main','','CRatingRulesMain','OnAfterUpdateRatingRule','',1),(19,'2019-02-27 16:19:11',100,'main','OnGetRatingRuleObjects','main','','CRatingRulesMain','OnGetRatingRuleObjects','',1),(20,'2019-02-27 16:19:11',100,'main','OnGetRatingRuleConfigs','main','','CRatingRulesMain','OnGetRatingRuleConfigs','',1),(21,'2019-02-27 16:19:11',100,'main','OnAfterUserAdd','main','','CRatings','OnAfterUserRegister','',1),(22,'2019-02-27 16:19:11',100,'main','OnUserDelete','main','','CRatings','OnUserDelete','',1),(23,'2019-02-27 16:19:11',100,'main','OnUserDelete','main','','CAccess','OnUserDelete','',1),(24,'2019-02-27 16:19:11',100,'main','OnAfterGroupAdd','main','','CGroupAuthProvider','OnAfterGroupAdd','',1),(25,'2019-02-27 16:19:11',100,'main','OnBeforeGroupUpdate','main','','CGroupAuthProvider','OnBeforeGroupUpdate','',1),(26,'2019-02-27 16:19:11',100,'main','OnBeforeGroupDelete','main','','CGroupAuthProvider','OnBeforeGroupDelete','',1),(27,'2019-02-27 16:19:11',100,'main','OnAfterSetUserGroup','main','','CGroupAuthProvider','OnAfterSetUserGroup','',1),(28,'2019-02-27 16:19:11',100,'main','OnUserLogin','main','','CGroupAuthProvider','OnUserLogin','',1),(29,'2019-02-27 16:19:11',100,'main','OnEventLogGetAuditTypes','main','','CEventMain','GetAuditTypes','',1),(30,'2019-02-27 16:19:11',100,'main','OnEventLogGetAuditHandlers','main','','CEventMain','MakeMainObject','',1),(31,'2019-02-27 16:19:11',100,'perfmon','OnGetTableSchema','main','','CTableSchema','OnGetTableSchema','',1),(32,'2019-02-27 16:19:11',100,'sender','OnConnectorList','main','','\\Bitrix\\Main\\SenderEventHandler','onConnectorListUser','',1),(33,'2019-02-27 16:19:11',110,'main','OnUserTypeBuildList','main','','CUserTypeString','GetUserTypeDescription','',1),(34,'2019-02-27 16:19:11',120,'main','OnUserTypeBuildList','main','','CUserTypeInteger','GetUserTypeDescription','',1),(35,'2019-02-27 16:19:11',130,'main','OnUserTypeBuildList','main','','CUserTypeDouble','GetUserTypeDescription','',1),(36,'2019-02-27 16:19:11',140,'main','OnUserTypeBuildList','main','','CUserTypeDateTime','GetUserTypeDescription','',1),(37,'2019-02-27 16:19:11',145,'main','OnUserTypeBuildList','main','','CUserTypeDate','GetUserTypeDescription','',1),(38,'2019-02-27 16:19:11',150,'main','OnUserTypeBuildList','main','','CUserTypeBoolean','GetUserTypeDescription','',1),(39,'2019-02-27 16:19:11',155,'main','OnUserTypeBuildList','main','','CUserTypeUrl','GetUserTypeDescription','',1),(40,'2019-02-27 16:19:11',160,'main','OnUserTypeBuildList','main','','CUserTypeFile','GetUserTypeDescription','',1),(41,'2019-02-27 16:19:11',170,'main','OnUserTypeBuildList','main','','CUserTypeEnum','GetUserTypeDescription','',1),(42,'2019-02-27 16:19:11',180,'main','OnUserTypeBuildList','main','','CUserTypeIBlockSection','GetUserTypeDescription','',1),(43,'2019-02-27 16:19:11',190,'main','OnUserTypeBuildList','main','','CUserTypeIBlockElement','GetUserTypeDescription','',1),(44,'2019-02-27 16:19:11',200,'main','OnUserTypeBuildList','main','','CUserTypeStringFormatted','GetUserTypeDescription','',1),(45,'2019-02-27 16:19:11',210,'main','OnUserTypeBuildList','main','','\\Bitrix\\Main\\UrlPreview\\UrlPreviewUserType','getUserTypeDescription','',1),(46,'2019-02-27 16:19:11',100,'main','OnBeforeEndBufferContent','main','','\\Bitrix\\Main\\Analytics\\Counter','onBeforeEndBufferContent','',1),(47,'2019-02-27 16:19:11',100,'main','OnBeforeRestartBuffer','main','','\\Bitrix\\Main\\Analytics\\Counter','onBeforeRestartBuffer','',1),(48,'2019-02-27 16:19:11',100,'disk','onAfterAjaxActionCreateFolderWithSharing','main','','\\Bitrix\\Main\\FinderDestTable','onAfterDiskAjaxAction','',1),(49,'2019-02-27 16:19:11',100,'disk','onAfterAjaxActionAppendSharing','main','','\\Bitrix\\Main\\FinderDestTable','onAfterDiskAjaxAction','',1),(50,'2019-02-27 16:19:11',100,'disk','onAfterAjaxActionChangeSharingAndRights','main','','\\Bitrix\\Main\\FinderDestTable','onAfterDiskAjaxAction','',1),(51,'2019-02-27 16:19:11',100,'socialnetwork','OnSocNetLogDelete','main','','CUserCounter','OnSocNetLogDelete','',1),(52,'2019-02-27 16:19:11',100,'socialnetwork','OnSocNetLogCommentDelete','main','','CUserCounter','OnSocNetLogCommentDelete','',1),(53,'2019-02-27 16:19:11',100,'main','OnAdminInformerInsertItems','main','','CMpNotifications','OnAdminInformerInsertItemsHandlerMP','',1),(54,'2019-02-27 16:19:11',100,'rest','OnRestServiceBuildDescription','main','','\\Bitrix\\Main\\Rest\\Handlers','onRestServiceBuildDescription','',1),(55,'2019-02-27 16:19:11',100,'sale','OnSaleBasketItemSaved','main','','\\Bitrix\\Main\\Analytics\\Catalog','catchCatalogBasket','',2),(56,'2019-02-27 16:19:11',100,'sale','OnSaleOrderSaved','main','','\\Bitrix\\Main\\Analytics\\Catalog','catchCatalogOrder','',2),(57,'2019-02-27 16:19:11',100,'sale','OnSaleOrderPaid','main','','\\Bitrix\\Main\\Analytics\\Catalog','catchCatalogOrderPayment','',2),(58,'2019-02-27 16:19:11',1000,'sale','onBuildDiscountConditionInterfaceControls','main','','\\Bitrix\\Main\\Discount\\UserConditionControl','onBuildDiscountConditionInterfaceControls','',1),(59,'2019-02-27 16:19:11',100,'main','OnBeforePhpMail','main','','\\Bitrix\\Main\\Mail\\Sender','applyCustomSmtp','',2),(60,'2019-02-27 16:19:21',100,'main','OnBuildGlobalMenu','b24connector','','\\Bitrix\\B24Connector\\Helper','onBuildGlobalMenu','',1),(61,'2019-02-27 16:19:21',100,'main','OnBeforeProlog','b24connector','','\\Bitrix\\B24Connector\\Helper','onBeforeProlog','',1),(62,'2019-02-27 16:19:22',100,'main','OnBeforeProlog','bitrix.sitecorporate','','CSiteCorporate','ShowPanel','',1),(63,'2019-02-27 16:19:23',100,'main','OnAdminInformerInsertItems','bitrixcloud','','CBitrixCloudBackup','OnAdminInformerInsertItems','',1),(64,'2019-02-27 16:19:23',100,'mobileapp','OnBeforeAdminMobileMenuBuild','bitrixcloud','','CBitrixCloudMobile','OnBeforeAdminMobileMenuBuild','',1),(65,'2019-02-27 16:19:23',100,'main','OnEventLogGetAuditTypes','clouds','','CCloudStorage','GetAuditTypes','',1),(66,'2019-02-27 16:19:23',90,'main','OnBeforeProlog','clouds','','CCloudStorage','OnBeforeProlog','',1),(67,'2019-02-27 16:19:23',100,'main','OnAdminListDisplay','clouds','','CCloudStorage','OnAdminListDisplay','',1),(68,'2019-02-27 16:19:23',100,'main','OnBuildGlobalMenu','clouds','','CCloudStorage','OnBuildGlobalMenu','',1),(69,'2019-02-27 16:19:23',100,'main','OnFileSave','clouds','','CCloudStorage','OnFileSave','',1),(70,'2019-02-27 16:19:23',100,'main','OnGetFileSRC','clouds','','CCloudStorage','OnGetFileSRC','',1),(71,'2019-02-27 16:19:23',100,'main','OnFileCopy','clouds','','CCloudStorage','OnFileCopy','',1),(72,'2019-02-27 16:19:23',100,'main','OnFileDelete','clouds','','CCloudStorage','OnFileDelete','',1),(73,'2019-02-27 16:19:23',100,'main','OnMakeFileArray','clouds','','CCloudStorage','OnMakeFileArray','',1),(74,'2019-02-27 16:19:23',100,'main','OnBeforeResizeImage','clouds','','CCloudStorage','OnBeforeResizeImage','',1),(75,'2019-02-27 16:19:23',100,'main','OnAfterResizeImage','clouds','','CCloudStorage','OnAfterResizeImage','',1),(76,'2019-02-27 16:19:23',100,'clouds','OnGetStorageService','clouds','','CCloudStorageService_AmazonS3','GetObjectInstance','',1),(77,'2019-02-27 16:19:23',100,'clouds','OnGetStorageService','clouds','','CCloudStorageService_GoogleStorage','GetObjectInstance','',1),(78,'2019-02-27 16:19:23',100,'clouds','OnGetStorageService','clouds','','CCloudStorageService_OpenStackStorage','GetObjectInstance','',1),(79,'2019-02-27 16:19:23',100,'clouds','OnGetStorageService','clouds','','CCloudStorageService_RackSpaceCloudFiles','GetObjectInstance','',1),(80,'2019-02-27 16:19:23',100,'clouds','OnGetStorageService','clouds','','CCloudStorageService_ClodoRU','GetObjectInstance','',1),(81,'2019-02-27 16:19:23',100,'clouds','OnGetStorageService','clouds','','CCloudStorageService_Selectel','GetObjectInstance','',1),(82,'2019-02-27 16:19:23',100,'clouds','OnGetStorageService','clouds','','CCloudStorageService_HotBox','GetObjectInstance','',1),(83,'2019-02-27 16:19:24',1,'main','OnPageStart','compression','','CCompress','OnPageStart','',1),(84,'2019-02-27 16:19:24',10000,'main','OnAfterEpilog','compression','','CCompress','OnAfterEpilog','',1),(85,'2019-02-27 16:19:25',100,'main','OnGroupDelete','fileman','','CFileman','OnGroupDelete','',1),(86,'2019-02-27 16:19:25',100,'main','OnPanelCreate','fileman','','CFileman','OnPanelCreate','',1),(87,'2019-02-27 16:19:25',100,'main','OnModuleUpdate','fileman','','CFileman','OnModuleUpdate','',1),(88,'2019-02-27 16:19:25',100,'main','OnModuleInstalled','fileman','','CFileman','ClearComponentsListCache','',1),(89,'2019-02-27 16:19:25',100,'iblock','OnIBlockPropertyBuildList','fileman','','CIBlockPropertyMapGoogle','GetUserTypeDescription','',1),(90,'2019-02-27 16:19:25',100,'iblock','OnIBlockPropertyBuildList','fileman','','CIBlockPropertyMapYandex','GetUserTypeDescription','',1),(91,'2019-02-27 16:19:25',100,'iblock','OnIBlockPropertyBuildList','fileman','','CIBlockPropertyVideo','GetUserTypeDescription','',1),(92,'2019-02-27 16:19:25',100,'main','OnUserTypeBuildList','fileman','','CUserTypeVideo','GetUserTypeDescription','',1),(93,'2019-02-27 16:19:25',100,'main','OnEventLogGetAuditTypes','fileman','','CEventFileman','GetAuditTypes','',1),(94,'2019-02-27 16:19:25',100,'main','OnEventLogGetAuditHandlers','fileman','','CEventFileman','MakeFilemanObject','',1),(95,'2019-02-27 16:19:25',154,'main','OnUserTypeBuildList','fileman','','\\Bitrix\\Fileman\\UserField\\Address','getUserTypeDescription','',1),(96,'2019-02-27 16:19:27',100,'main','OnBeforeUserTypeAdd','highloadblock','','\\Bitrix\\Highloadblock\\HighloadBlockTable','OnBeforeUserTypeAdd','',1),(97,'2019-02-27 16:19:27',100,'main','OnAfterUserTypeAdd','highloadblock','','\\Bitrix\\Highloadblock\\HighloadBlockTable','onAfterUserTypeAdd','',1),(98,'2019-02-27 16:19:27',100,'main','OnBeforeUserTypeDelete','highloadblock','','\\Bitrix\\Highloadblock\\HighloadBlockTable','OnBeforeUserTypeDelete','',1),(99,'2019-02-27 16:19:27',100,'main','OnUserTypeBuildList','highloadblock','','CUserTypeHlblock','GetUserTypeDescription','',1),(100,'2019-02-27 16:19:27',100,'iblock','OnIBlockPropertyBuildList','highloadblock','','CIBlockPropertyDirectory','GetUserTypeDescription','',1),(101,'2019-02-27 16:19:29',100,'main','OnGroupDelete','iblock','','CIBlock','OnGroupDelete','',1),(102,'2019-02-27 16:19:29',100,'main','OnBeforeLangDelete','iblock','','CIBlock','OnBeforeLangDelete','',1),(103,'2019-02-27 16:19:29',100,'main','OnLangDelete','iblock','','CIBlock','OnLangDelete','',1),(104,'2019-02-27 16:19:29',100,'main','OnUserTypeRightsCheck','iblock','','CIBlockSection','UserTypeRightsCheck','',1),(105,'2019-02-27 16:19:29',100,'search','OnReindex','iblock','','CIBlock','OnSearchReindex','',1),(106,'2019-02-27 16:19:29',100,'search','OnSearchGetURL','iblock','','CIBlock','OnSearchGetURL','',1),(107,'2019-02-27 16:19:29',100,'main','OnEventLogGetAuditTypes','iblock','','CIBlock','GetAuditTypes','',1),(108,'2019-02-27 16:19:29',100,'main','OnEventLogGetAuditHandlers','iblock','','CEventIBlock','MakeIBlockObject','',1),(109,'2019-02-27 16:19:29',200,'main','OnGetRatingContentOwner','iblock','','CRatingsComponentsIBlock','OnGetRatingContentOwner','',1),(110,'2019-02-27 16:19:29',100,'main','OnTaskOperationsChanged','iblock','','CIBlockRightsStorage','OnTaskOperationsChanged','',1),(111,'2019-02-27 16:19:29',100,'main','OnGroupDelete','iblock','','CIBlockRightsStorage','OnGroupDelete','',1),(112,'2019-02-27 16:19:29',100,'main','OnUserDelete','iblock','','CIBlockRightsStorage','OnUserDelete','',1),(113,'2019-02-27 16:19:29',100,'perfmon','OnGetTableSchema','iblock','','iblock','OnGetTableSchema','',1),(114,'2019-02-27 16:19:29',100,'sender','OnConnectorList','iblock','','\\Bitrix\\Iblock\\SenderEventHandler','onConnectorListIblock','',1),(115,'2019-02-27 16:19:29',10,'iblock','OnIBlockPropertyBuildList','iblock','','CIBlockPropertyDate','GetUserTypeDescription','',1),(116,'2019-02-27 16:19:29',20,'iblock','OnIBlockPropertyBuildList','iblock','','CIBlockPropertyDateTime','GetUserTypeDescription','',1),(117,'2019-02-27 16:19:29',30,'iblock','OnIBlockPropertyBuildList','iblock','','CIBlockPropertyXmlID','GetUserTypeDescription','',1),(118,'2019-02-27 16:19:29',40,'iblock','OnIBlockPropertyBuildList','iblock','','CIBlockPropertyFileMan','GetUserTypeDescription','',1),(119,'2019-02-27 16:19:29',50,'iblock','OnIBlockPropertyBuildList','iblock','','CIBlockPropertyHTML','GetUserTypeDescription','',1),(120,'2019-02-27 16:19:29',60,'iblock','OnIBlockPropertyBuildList','iblock','','CIBlockPropertyElementList','GetUserTypeDescription','',1),(121,'2019-02-27 16:19:29',70,'iblock','OnIBlockPropertyBuildList','iblock','','CIBlockPropertySequence','GetUserTypeDescription','',1),(122,'2019-02-27 16:19:29',80,'iblock','OnIBlockPropertyBuildList','iblock','','CIBlockPropertyElementAutoComplete','GetUserTypeDescription','',1),(123,'2019-02-27 16:19:29',90,'iblock','OnIBlockPropertyBuildList','iblock','','CIBlockPropertySKU','GetUserTypeDescription','',1),(124,'2019-02-27 16:19:29',100,'iblock','OnIBlockPropertyBuildList','iblock','','CIBlockPropertySectionAutoComplete','GetUserTypeDescription','',1),(125,'2019-02-27 16:19:36',100,'rest','OnRestServiceBuildDescription','landing','','\\Bitrix\\Landing\\Publicaction','restBase','',2),(126,'2019-02-27 16:19:36',100,'rest','OnRestAppDelete','landing','','\\Bitrix\\Landing\\Publicaction','restApplicationDelete','',2),(127,'2019-02-27 16:19:36',100,'main','OnPanelCreate','landing','','\\Bitrix\\Landing\\Manager','addPanelButtons','',2),(128,'2019-02-27 16:19:36',100,'main','OnBeforeSiteDelete','landing','','\\Bitrix\\Landing\\Site','onBeforeMainSiteDelete','',2),(129,'2019-02-27 16:19:36',100,'main','OnSiteDelete','landing','','\\Bitrix\\Landing\\Site','onMainSiteDelete','',2),(130,'2019-02-27 16:19:43',100,'main','OnAfterEpilog','messageservice','','\\Bitrix\\MessageService\\Queue','run','',1),(131,'2019-02-27 16:19:43',100,'rest','OnRestServiceBuildDescription','messageservice','','\\Bitrix\\MessageService\\RestService','onRestServiceBuildDescription','',1),(132,'2019-02-27 16:19:43',100,'rest','OnRestAppDelete','messageservice','','\\Bitrix\\MessageService\\RestService','onRestAppDelete','',1),(133,'2019-02-27 16:19:43',100,'rest','OnRestAppUpdate','messageservice','','\\Bitrix\\MessageService\\RestService','onRestAppUpdate','',1),(134,'2019-02-27 16:19:44',100,'perfmon','OnGetTableSchema','perfmon','','perfmon','OnGetTableSchema','',1),(135,'2019-02-27 16:19:44',49,'main','OnBeforeProlog','rest','','CRestEventHandlers','OnBeforeProlog','',2),(136,'2019-02-27 16:19:44',100,'rest','OnRestServiceBuildDescription','rest','','CBitrixRestEntity','OnRestServiceBuildDescription','',2),(137,'2019-02-27 16:19:44',100,'rest','OnRestServiceBuildDescription','rest','','\\Bitrix\\Rest\\Api\\User','onRestServiceBuildDescription','',2),(138,'2019-02-27 16:19:44',100,'rest','OnRestServiceBuildDescription','rest','','\\Bitrix\\Rest\\Api\\Placement','onRestServiceBuildDescription','',2),(139,'2019-02-27 16:19:44',100,'rest','OnRestServiceBuildDescription','rest','','\\Bitrix\\Rest\\Api\\Event','onRestServiceBuildDescription','',2),(140,'2019-02-27 16:19:44',100,'rest','OnRestServiceBuildDescription','rest','','\\Bitrix\\Rest\\Api\\UserFieldType','onRestServiceBuildDescription','',2),(141,'2019-02-27 16:19:44',100,'main','OnApplicationsBuildList','main','modules/rest/lib/apauth/application.php','\\Bitrix\\Rest\\APAuth\\Application','onApplicationsBuildList','',2),(142,'2019-02-27 16:19:44',100,'im','OnAfterConfirmNotify','rest','','\\Bitrix\\Rest\\NotifyIm','receive','',2),(143,'2019-02-27 16:19:44',100,'rest','\\Bitrix\\Rest\\APAuth\\Password::OnDelete','rest','','\\Bitrix\\Rest\\APAuth\\PermissionTable','onPasswordDelete','',2),(144,'2019-02-27 16:19:44',100,'rest','OnRestServiceBuildDescription','rest','','\\Bitrix\\Rest\\Engine\\RestManager','OnRestServiceBuildDescription','',2),(145,'2019-02-27 16:19:44',100,'rest','onRestCheckAuth','rest','','\\Bitrix\\Rest\\OAuth\\Auth','onRestCheckAuth','',2),(146,'2019-02-27 16:19:44',100,'rest','onRestCheckAuth','rest','','\\Bitrix\\Rest\\APAuth\\Auth','onRestCheckAuth','',2),(147,'2019-02-27 16:19:44',100,'rest','onRestCheckAuth','rest','','\\Bitrix\\Rest\\SessionAuth\\Auth','onRestCheckAuth','',2),(148,'2019-02-27 16:19:46',100,'main','OnChangePermissions','search','','CSearch','OnChangeFilePermissions','',1),(149,'2019-02-27 16:19:46',100,'main','OnChangeFile','search','','CSearch','OnChangeFile','',1),(150,'2019-02-27 16:19:46',100,'main','OnGroupDelete','search','','CSearch','OnGroupDelete','',1),(151,'2019-02-27 16:19:46',100,'main','OnLangDelete','search','','CSearch','OnLangDelete','',1),(152,'2019-02-27 16:19:46',100,'main','OnAfterUserUpdate','search','','CSearchUser','OnAfterUserUpdate','',1),(153,'2019-02-27 16:19:46',100,'main','OnUserDelete','search','','CSearchUser','DeleteByUserID','',1),(154,'2019-02-27 16:19:46',100,'cluster','OnGetTableList','search','','search','OnGetTableList','',1),(155,'2019-02-27 16:19:46',100,'perfmon','OnGetTableSchema','search','','search','OnGetTableSchema','',1),(156,'2019-02-27 16:19:46',90,'main','OnEpilog','search','','CSearchStatistic','OnEpilog','',1),(157,'2019-02-27 16:19:47',100,'main','OnPanelCreate','seo','','CSeoEventHandlers','SeoOnPanelCreate','',2),(158,'2019-02-27 16:19:47',100,'fileman','OnIncludeHTMLEditorScript','seo','','CSeoEventHandlers','OnIncludeHTMLEditorScript','',2),(159,'2019-02-27 16:19:47',100,'fileman','OnBeforeHTMLEditorScriptRuns','seo','','CSeoEventHandlers','OnBeforeHTMLEditorScriptRuns','',2),(160,'2019-02-27 16:19:47',100,'iblock','OnAfterIBlockSectionAdd','seo','','\\Bitrix\\Seo\\SitemapIblock','addSection','',2),(161,'2019-02-27 16:19:47',100,'iblock','OnAfterIBlockElementAdd','seo','','\\Bitrix\\Seo\\SitemapIblock','addElement','',2),(162,'2019-02-27 16:19:47',100,'iblock','OnBeforeIBlockSectionDelete','seo','','\\Bitrix\\Seo\\SitemapIblock','beforeDeleteSection','',2),(163,'2019-02-27 16:19:47',100,'iblock','OnBeforeIBlockElementDelete','seo','','\\Bitrix\\Seo\\SitemapIblock','beforeDeleteElement','',2),(164,'2019-02-27 16:19:47',100,'iblock','OnAfterIBlockSectionDelete','seo','','\\Bitrix\\Seo\\SitemapIblock','deleteSection','',2),(165,'2019-02-27 16:19:47',100,'iblock','OnAfterIBlockElementDelete','seo','','\\Bitrix\\Seo\\SitemapIblock','deleteElement','',2),(166,'2019-02-27 16:19:47',100,'iblock','OnBeforeIBlockSectionUpdate','seo','','\\Bitrix\\Seo\\SitemapIblock','beforeUpdateSection','',2),(167,'2019-02-27 16:19:47',100,'iblock','OnBeforeIBlockElementUpdate','seo','','\\Bitrix\\Seo\\SitemapIblock','beforeUpdateElement','',2),(168,'2019-02-27 16:19:47',100,'iblock','OnAfterIBlockSectionUpdate','seo','','\\Bitrix\\Seo\\SitemapIblock','updateSection','',2),(169,'2019-02-27 16:19:47',100,'iblock','OnAfterIBlockElementUpdate','seo','','\\Bitrix\\Seo\\SitemapIblock','updateElement','',2),(170,'2019-02-27 16:19:47',100,'forum','onAfterTopicAdd','seo','','\\Bitrix\\Seo\\SitemapForum','addTopic','',2),(171,'2019-02-27 16:19:47',100,'forum','onAfterTopicUpdate','seo','','\\Bitrix\\Seo\\SitemapForum','updateTopic','',2),(172,'2019-02-27 16:19:47',100,'forum','onAfterTopicDelete','seo','','\\Bitrix\\Seo\\SitemapForum','deleteTopic','',2),(173,'2019-02-27 16:19:47',100,'main','OnAdminIBlockElementEdit','seo','','\\Bitrix\\Seo\\AdvTabEngine','eventHandler','',2),(174,'2019-02-27 16:19:47',100,'main','OnBeforeProlog','seo','','\\Bitrix\\Seo\\AdvSession','checkSession','',2),(175,'2019-02-27 16:19:47',100,'sale','OnOrderSave','seo','','\\Bitrix\\Seo\\AdvSession','onOrderSave','',2),(176,'2019-02-27 16:19:47',100,'sale','OnBasketOrder','seo','','\\Bitrix\\Seo\\AdvSession','onBasketOrder','',2),(177,'2019-02-27 16:19:47',100,'sale','onSalePayOrder','seo','','\\Bitrix\\Seo\\AdvSession','onSalePayOrder','',2),(178,'2019-02-27 16:19:47',100,'sale','onSaleDeductOrder','seo','','\\Bitrix\\Seo\\AdvSession','onSaleDeductOrder','',2),(179,'2019-02-27 16:19:47',100,'sale','onSaleDeliveryOrder','seo','','\\Bitrix\\Seo\\AdvSession','onSaleDeliveryOrder','',2),(180,'2019-02-27 16:19:47',100,'sale','onSaleStatusOrder','seo','','\\Bitrix\\Seo\\AdvSession','onSaleStatusOrder','',2),(181,'2019-02-27 16:19:47',100,'conversion','OnSetDayContextAttributes','seo','','\\Bitrix\\Seo\\ConversionHandler','onSetDayContextAttributes','',2),(182,'2019-02-27 16:19:47',100,'conversion','OnGetAttributeTypes','seo','','\\Bitrix\\Seo\\ConversionHandler','onGetAttributeTypes','',2),(183,'2019-02-27 16:19:47',100,'catalog','OnProductUpdate','seo','','\\Bitrix\\Seo\\Adv\\Auto','checkQuantity','',2),(184,'2019-02-27 16:19:47',100,'catalog','OnProductSetAvailableUpdate','seo','','\\Bitrix\\Seo\\Adv\\Auto','checkQuantity','',2),(185,'2019-02-27 16:19:48',100,'main','OnUserDelete','socialservices','','CSocServAuthDB','OnUserDelete','',1),(186,'2019-02-27 16:19:48',100,'timeman','OnAfterTMReportDailyAdd','socialservices','','CSocServAuthDB','OnAfterTMReportDailyAdd','',1),(187,'2019-02-27 16:19:48',100,'timeman','OnAfterTMDayStart','socialservices','','CSocServAuthDB','OnAfterTMDayStart','',1),(188,'2019-02-27 16:19:48',100,'timeman','OnTimeManShow','socialservices','','CSocServEventHandlers','OnTimeManShow','',1),(189,'2019-02-27 16:19:48',100,'main','OnFindExternalUser','socialservices','','CSocServAuthDB','OnFindExternalUser','',1),(190,'2019-02-27 16:19:48',100,'socialservices','OnFindSocialservicesUser','socialservices','','CSocServAuthManager','checkOldUser','',1),(191,'2019-02-27 16:19:48',100,'socialservices','OnFindSocialservicesUser','socialservices','','CSocServAuthManager','checkAbandonedUser','',1),(192,'2019-02-27 16:19:51',100,'main','OnPanelCreate','translate','','CTranslateEventHandlers','TranslatOnPanelCreate','',1),(193,'2019-02-27 16:20:07',100,'main','OnBeforeProlog','main','/modules/main/install/wizard_sol/panel_button.php','CWizardSolPanel','ShowPanel','',1),(194,'2019-02-28 12:08:26',100,'main','OnCheckListGet','ws.reducemigrations','','WS\\ReduceMigrations\\Tests\\Starter','items','',1);
/*!40000 ALTER TABLE `b_module_to_module` ENABLE KEYS */;
UNLOCK TABLES;

--
-- Table structure for table `b_numerator`
--

DROP TABLE IF EXISTS `b_numerator`;
/*!40101 SET @saved_cs_client     = @@character_set_client */;
/*!40101 SET character_set_client = utf8 */;
CREATE TABLE `b_numerator` (
  `ID` int(10) unsigned NOT NULL AUTO_INCREMENT,
  `NAME` varchar(255) COLLATE utf8_unicode_ci DEFAULT NULL,
  `TEMPLATE` varchar(255) COLLATE utf8_unicode_ci DEFAULT NULL,
  `TYPE` varchar(50) COLLATE utf8_unicode_ci DEFAULT NULL,
  `SETTINGS` text COLLATE utf8_unicode_ci DEFAULT NULL,
  `CREATED_AT` datetime DEFAULT NULL,
  `CREATED_BY` int(11) DEFAULT NULL,
  `UPDATED_AT` datetime DEFAULT NULL,
  `UPDATED_BY` int(11) DEFAULT NULL,
  PRIMARY KEY (`ID`)
) ENGINE=InnoDB DEFAULT CHARSET=utf8 COLLATE=utf8_unicode_ci;
/*!40101 SET character_set_client = @saved_cs_client */;

--
-- Dumping data for table `b_numerator`
--

LOCK TABLES `b_numerator` WRITE;
/*!40000 ALTER TABLE `b_numerator` DISABLE KEYS */;
/*!40000 ALTER TABLE `b_numerator` ENABLE KEYS */;
UNLOCK TABLES;

--
-- Table structure for table `b_numerator_sequence`
--

DROP TABLE IF EXISTS `b_numerator_sequence`;
/*!40101 SET @saved_cs_client     = @@character_set_client */;
/*!40101 SET character_set_client = utf8 */;
CREATE TABLE `b_numerator_sequence` (
  `NUMERATOR_ID` int(11) NOT NULL DEFAULT 0,
  `KEY` varchar(32) COLLATE utf8_unicode_ci NOT NULL DEFAULT '0',
  `TEXT_KEY` varchar(50) COLLATE utf8_unicode_ci DEFAULT NULL,
  `NEXT_NUMBER` int(11) DEFAULT NULL,
  `LAST_INVOCATION_TIME` int(11) DEFAULT NULL,
  PRIMARY KEY (`NUMERATOR_ID`,`KEY`)
) ENGINE=InnoDB DEFAULT CHARSET=utf8 COLLATE=utf8_unicode_ci;
/*!40101 SET character_set_client = @saved_cs_client */;

--
-- Dumping data for table `b_numerator_sequence`
--

LOCK TABLES `b_numerator_sequence` WRITE;
/*!40000 ALTER TABLE `b_numerator_sequence` DISABLE KEYS */;
/*!40000 ALTER TABLE `b_numerator_sequence` ENABLE KEYS */;
UNLOCK TABLES;

--
-- Table structure for table `b_operation`
--

DROP TABLE IF EXISTS `b_operation`;
/*!40101 SET @saved_cs_client     = @@character_set_client */;
/*!40101 SET character_set_client = utf8 */;
CREATE TABLE `b_operation` (
  `ID` int(18) NOT NULL AUTO_INCREMENT,
  `NAME` varchar(50) COLLATE utf8_unicode_ci NOT NULL,
  `MODULE_ID` varchar(50) COLLATE utf8_unicode_ci NOT NULL,
  `DESCRIPTION` varchar(255) COLLATE utf8_unicode_ci DEFAULT NULL,
  `BINDING` varchar(50) COLLATE utf8_unicode_ci DEFAULT 'module',
  PRIMARY KEY (`ID`)
) ENGINE=InnoDB AUTO_INCREMENT=90 DEFAULT CHARSET=utf8 COLLATE=utf8_unicode_ci;
/*!40101 SET character_set_client = @saved_cs_client */;

--
-- Dumping data for table `b_operation`
--

LOCK TABLES `b_operation` WRITE;
/*!40000 ALTER TABLE `b_operation` DISABLE KEYS */;
INSERT INTO `b_operation` VALUES (1,'edit_php','main',NULL,'module'),(2,'view_own_profile','main',NULL,'module'),(3,'edit_own_profile','main',NULL,'module'),(4,'view_all_users','main',NULL,'module'),(5,'view_groups','main',NULL,'module'),(6,'view_tasks','main',NULL,'module'),(7,'view_other_settings','main',NULL,'module'),(8,'view_subordinate_users','main',NULL,'module'),(9,'edit_subordinate_users','main',NULL,'module'),(10,'edit_all_users','main',NULL,'module'),(11,'edit_groups','main',NULL,'module'),(12,'edit_tasks','main',NULL,'module'),(13,'edit_other_settings','main',NULL,'module'),(14,'cache_control','main',NULL,'module'),(15,'lpa_template_edit','main',NULL,'module'),(16,'view_event_log','main',NULL,'module'),(17,'edit_ratings','main',NULL,'module'),(18,'manage_short_uri','main',NULL,'module'),(19,'fm_view_permission','main',NULL,'file'),(20,'fm_view_file','main',NULL,'file'),(21,'fm_view_listing','main',NULL,'file'),(22,'fm_edit_existent_folder','main',NULL,'file'),(23,'fm_create_new_file','main',NULL,'file'),(24,'fm_edit_existent_file','main',NULL,'file'),(25,'fm_create_new_folder','main',NULL,'file'),(26,'fm_delete_file','main',NULL,'file'),(27,'fm_delete_folder','main',NULL,'file'),(28,'fm_edit_in_workflow','main',NULL,'file'),(29,'fm_rename_file','main',NULL,'file'),(30,'fm_rename_folder','main',NULL,'file'),(31,'fm_upload_file','main',NULL,'file'),(32,'fm_add_to_menu','main',NULL,'file'),(33,'fm_download_file','main',NULL,'file'),(34,'fm_lpa','main',NULL,'file'),(35,'fm_edit_permission','main',NULL,'file'),(36,'bitrixcloud_monitoring','bitrixcloud',NULL,'module'),(37,'bitrixcloud_backup','bitrixcloud',NULL,'module'),(38,'bitrixcloud_cdn','bitrixcloud',NULL,'module'),(39,'clouds_browse','clouds',NULL,'module'),(40,'clouds_upload','clouds',NULL,'module'),(41,'clouds_config','clouds',NULL,'module'),(42,'fileman_view_all_settings','fileman','','module'),(43,'fileman_edit_menu_types','fileman','','module'),(44,'fileman_add_element_to_menu','fileman','','module'),(45,'fileman_edit_menu_elements','fileman','','module'),(46,'fileman_edit_existent_files','fileman','','module'),(47,'fileman_edit_existent_folders','fileman','','module'),(48,'fileman_admin_files','fileman','','module'),(49,'fileman_admin_folders','fileman','','module'),(50,'fileman_view_permissions','fileman','','module'),(51,'fileman_edit_all_settings','fileman','','module'),(52,'fileman_upload_files','fileman','','module'),(53,'fileman_view_file_structure','fileman','','module'),(54,'fileman_install_control','fileman','','module'),(55,'medialib_view_collection','fileman','','medialib'),(56,'medialib_new_collection','fileman','','medialib'),(57,'medialib_edit_collection','fileman','','medialib'),(58,'medialib_del_collection','fileman','','medialib'),(59,'medialib_access','fileman','','medialib'),(60,'medialib_new_item','fileman','','medialib'),(61,'medialib_edit_item','fileman','','medialib'),(62,'medialib_del_item','fileman','','medialib'),(63,'sticker_view','fileman','','stickers'),(64,'sticker_edit','fileman','','stickers'),(65,'sticker_new','fileman','','stickers'),(66,'sticker_del','fileman','','stickers'),(67,'hl_element_read','highloadblock',NULL,'module'),(68,'hl_element_write','highloadblock',NULL,'module'),(69,'hl_element_delete','highloadblock',NULL,'module'),(70,'section_read','iblock',NULL,'iblock'),(71,'element_read','iblock',NULL,'iblock'),(72,'section_element_bind','iblock',NULL,'iblock'),(73,'iblock_admin_display','iblock',NULL,'iblock'),(74,'element_edit','iblock',NULL,'iblock'),(75,'element_edit_price','iblock',NULL,'iblock'),(76,'element_delete','iblock',NULL,'iblock'),(77,'element_bizproc_start','iblock',NULL,'iblock'),(78,'section_edit','iblock',NULL,'iblock'),(79,'section_delete','iblock',NULL,'iblock'),(80,'section_section_bind','iblock',NULL,'iblock'),(81,'element_edit_any_wf_status','iblock',NULL,'iblock'),(82,'iblock_edit','iblock',NULL,'iblock'),(83,'iblock_delete','iblock',NULL,'iblock'),(84,'iblock_rights_edit','iblock',NULL,'iblock'),(85,'iblock_export','iblock',NULL,'iblock'),(86,'section_rights_edit','iblock',NULL,'iblock'),(87,'element_rights_edit','iblock',NULL,'iblock'),(88,'seo_settings','seo','','module'),(89,'seo_tools','seo','','module');
/*!40000 ALTER TABLE `b_operation` ENABLE KEYS */;
UNLOCK TABLES;

--
-- Table structure for table `b_option`
--

DROP TABLE IF EXISTS `b_option`;
/*!40101 SET @saved_cs_client     = @@character_set_client */;
/*!40101 SET character_set_client = utf8 */;
CREATE TABLE `b_option` (
  `MODULE_ID` varchar(50) COLLATE utf8_unicode_ci DEFAULT NULL,
  `NAME` varchar(50) COLLATE utf8_unicode_ci NOT NULL,
  `VALUE` text COLLATE utf8_unicode_ci DEFAULT NULL,
  `DESCRIPTION` varchar(255) COLLATE utf8_unicode_ci DEFAULT NULL,
  `SITE_ID` char(2) COLLATE utf8_unicode_ci DEFAULT NULL,
  UNIQUE KEY `ix_option` (`MODULE_ID`,`NAME`,`SITE_ID`),
  KEY `ix_option_name` (`NAME`)
) ENGINE=InnoDB DEFAULT CHARSET=utf8 COLLATE=utf8_unicode_ci;
/*!40101 SET character_set_client = @saved_cs_client */;

--
-- Dumping data for table `b_option`
--

LOCK TABLES `b_option` WRITE;
/*!40000 ALTER TABLE `b_option` DISABLE KEYS */;
INSERT INTO `b_option` VALUES ('main','~ft_b_user','a:3:{s:19:\"SEARCH_USER_CONTENT\";b:1;s:25:\"SEARCH_DEPARTMENT_CONTENT\";b:1;s:20:\"SEARCH_ADMIN_CONTENT\";b:1;}',NULL,NULL),('main','rating_authority_rating','2',NULL,NULL),('main','rating_assign_rating_group_add','1',NULL,NULL),('main','rating_assign_rating_group_delete','1',NULL,NULL),('main','rating_assign_rating_group','3',NULL,NULL),('main','rating_assign_authority_group_add','2',NULL,NULL),('main','rating_assign_authority_group_delete','2',NULL,NULL),('main','rating_assign_authority_group','4',NULL,NULL),('main','rating_community_size','1',NULL,NULL),('main','rating_community_authority','30',NULL,NULL),('main','rating_vote_weight','10',NULL,NULL),('main','rating_normalization_type','auto',NULL,NULL),('main','rating_normalization','10',NULL,NULL),('main','rating_count_vote','10',NULL,NULL),('main','rating_authority_weight_formula','Y',NULL,NULL),('main','rating_community_last_visit','90',NULL,NULL),('main','rating_text_like_y','Нравится',NULL,NULL),('main','rating_text_like_n','Не нравится',NULL,NULL),('main','rating_text_like_d','Это нравится',NULL,NULL),('main','rating_assign_type','auto',NULL,NULL),('main','rating_vote_type','like',NULL,NULL),('main','rating_self_vote','Y',NULL,NULL),('main','rating_vote_show','Y',NULL,NULL),('main','rating_vote_template','like',NULL,NULL),('main','rating_start_authority','3',NULL,NULL),('main','PARAM_MAX_SITES','2',NULL,NULL),('main','PARAM_MAX_USERS','0',NULL,NULL),('main','distributive6','Y',NULL,NULL),('main','~new_license11_sign','Y',NULL,NULL),('main','GROUP_DEFAULT_TASK','1',NULL,NULL),('main','vendor','1c_bitrix',NULL,NULL),('main','admin_lid','ru',NULL,NULL),('main','update_site','www.bitrixsoft.com',NULL,NULL),('main','update_site_ns','Y',NULL,NULL),('main','optimize_css_files','N',NULL,NULL),('main','optimize_js_files','N',NULL,NULL),('main','admin_passwordh','FVoQe2YUBgYtCUVcDhcOCgsTAQ==',NULL,NULL),('main','server_uniq_id','6a5ad60a0b40a647a213d1c6c2fb5f8c',NULL,NULL),('fileman','use_editor_3','Y',NULL,NULL),('landing','disabled_namespaces','bitrix',NULL,NULL),('landing','block_vendor_bitrix','https://repo.bitrix24.site/rest/1/w1uqy3swvyp50bso/',NULL,NULL),('landing','pub_path_s1','/lp/',NULL,NULL),('messageservice','clean_up_period','14',NULL,NULL),('rest','server_path','/rest',NULL,NULL),('rest','entity_iblock_type','rest_entity',NULL,NULL),('search','version','v2.0',NULL,NULL),('search','dbnode_id','N',NULL,NULL),('search','dbnode_status','ok',NULL,NULL),('socialservices','bitrix24net_domain','http://showroom-backend.localhost',NULL,NULL),('socialservices','bitrix24net_id','ext.5c76b8a6b6c3e5.28657793',NULL,NULL),('socialservices','bitrix24net_secret','W3nydMK8I2eNpiHRO5YIfE9DfISCaii2yfVRbi3yEUGdy28fbE',NULL,NULL),('main','email_from','desin@itpeople.ru',NULL,NULL),('fileman','stickers_use_hotkeys','N',NULL,NULL),('main','last_mp_modules_result','a:4:{s:10:\"check_date\";i:1551529403;s:13:\"update_module\";a:0:{}s:10:\"end_update\";a:0:{}s:10:\"new_module\";a:0:{}}',NULL,NULL),('main','mp_modules_date','a:2:{i:0;a:3:{s:2:\"ID\";s:13:\"itpeople.site\";s:4:\"NAME\";s:40:\"IT People: Настройки сайта\";s:3:\"TMS\";i:1551349309;}i:1;a:3:{s:2:\"ID\";s:19:\"ws.reducemigrations\";s:4:\"NAME\";s:17:\"Reduce Migrations\";s:3:\"TMS\";i:1551355706;}}',NULL,NULL),('main','signer_default_key','ad29ac7121750000342779cab755689bfbd69804ea19785d7ab101c4de7fea392da0c315c3186172a5f3aef56e47c4f0cad5685f1877ec1403e8722f92562b7d',NULL,NULL),('main','update_system_check','28.02.2019 15:07:28',NULL,NULL),('main','update_system_update','28.02.2019 15:07:47',NULL,NULL),('main','~update_autocheck_result','a:4:{s:10:\"check_date\";i:1551355667;s:6:\"result\";b:0;s:5:\"error\";s:0:\"\";s:7:\"modules\";a:0:{}}',NULL,NULL),('ws.reducemigrations','catalogPath','s:17:\"/reducemigrations\";',NULL,NULL),('main','site_name','showroom-backend.localhost',NULL,NULL),('main','server_name','showroom-backend.localhost',NULL,NULL),('main','cookie_name','BITRIX_SM',NULL,NULL),('main','ALLOW_SPREAD_COOKIE','Y',NULL,NULL),('main','header_200','N',NULL,NULL),('main','error_reporting','85',NULL,NULL),('main','use_hot_keys','Y',NULL,NULL),('main','smile_gallery_id','1',NULL,NULL),('main','all_bcc','',NULL,NULL),('main','send_mid','N',NULL,NULL),('main','fill_to_mail','N',NULL,NULL),('main','CONVERT_UNIX_NEWLINE_2_WINDOWS','N',NULL,NULL),('main','convert_mail_header','Y',NULL,NULL),('main','attach_images','N',NULL,NULL),('main','mail_gen_text_version','Y',NULL,NULL),('main','max_file_size','0',NULL,NULL),('main','mail_event_period','14',NULL,NULL),('main','mail_event_bulk','5',NULL,NULL),('main','mail_additional_parameters','',NULL,NULL),('main','mail_link_protocol','',NULL,NULL),('main','disk_space','',NULL,NULL),('main','upload_dir','upload',NULL,NULL),('main','save_original_file_name','N',NULL,NULL),('main','translit_original_file_name','N',NULL,NULL),('main','convert_original_file_name','Y',NULL,NULL),('main','image_resize_quality','95',NULL,NULL),('main','bx_fast_download','N',NULL,NULL),('main','profile_image_width','',NULL,NULL),('main','profile_image_height','',NULL,NULL),('main','profile_image_size','',NULL,NULL),('main','use_minified_assets','N',NULL,NULL),('main','move_js_to_body','N',NULL,NULL),('main','compres_css_js_files','N',NULL,NULL),('main','translate_key_yandex','',NULL,NULL),('main','use_time_zones','N',NULL,NULL),('main','auto_time_zone','N',NULL,NULL),('main','phone_number_default_country','16',NULL,NULL),('main','gather_catalog_stat','Y',NULL,NULL),('main','map_top_menu_type','top',NULL,NULL),('main','map_left_menu_type','left',NULL,NULL),('main','url_preview_enable','N',NULL,NULL),('main','url_preview_save_images','N',NULL,NULL),('main','imageeditor_proxy_enabled','N',NULL,NULL),('main','update_devsrv','N',NULL,NULL),('main','update_site_proxy_addr','',NULL,NULL),('main','update_site_proxy_port','',NULL,NULL),('main','update_site_proxy_user','',NULL,NULL),('main','update_site_proxy_pass','',NULL,NULL),('main','strong_update_check','Y',NULL,NULL),('main','stable_versions_only','Y',NULL,NULL),('main','update_autocheck','',NULL,NULL),('main','update_stop_autocheck','N',NULL,NULL),('main','update_is_gzip_installed','Y',NULL,NULL),('main','update_load_timeout','30',NULL,NULL),('main','store_password','Y',NULL,NULL),('main','use_secure_password_cookies','N',NULL,NULL),('main','auth_multisite','N',NULL,NULL),('main','allow_socserv_authorization','Y',NULL,NULL),('main','use_digest_auth','N',NULL,NULL),('main','custom_register_page','',NULL,NULL),('main','auth_components_template','',NULL,NULL),('main','captcha_restoring_password','N',NULL,NULL),('main','use_encrypted_auth','N',NULL,NULL),('main','new_user_registration','Y',NULL,NULL),('main','captcha_registration','N',NULL,NULL),('main','new_user_email_required','Y',NULL,NULL),('main','new_user_registration_email_confirmation','N',NULL,NULL),('main','new_user_registration_cleanup_days','7',NULL,NULL),('main','new_user_email_uniq_check','N',NULL,NULL),('main','session_expand','Y',NULL,NULL),('main','session_auth_only','Y',NULL,NULL),('main','session_show_message','Y',NULL,NULL),('main','event_log_cleanup_days','7',NULL,NULL),('main','event_log_logout','N',NULL,NULL),('main','event_log_login_success','N',NULL,NULL),('main','event_log_login_fail','N',NULL,NULL),('main','event_log_register','N',NULL,NULL),('main','event_log_register_fail','N',NULL,NULL),('main','event_log_password_request','N',NULL,NULL),('main','event_log_password_change','N',NULL,NULL),('main','event_log_user_edit','N',NULL,NULL),('main','event_log_user_delete','N',NULL,NULL),('main','event_log_user_groups','N',NULL,NULL),('main','event_log_group_policy','N',NULL,NULL),('main','event_log_module_access','N',NULL,NULL),('main','event_log_file_access','N',NULL,NULL),('main','event_log_task','N',NULL,NULL),('main','event_log_marketplace','Y',NULL,NULL),('main','user_profile_history','N',NULL,NULL),('main','auth_controller_sso','N',NULL,NULL),('main','show_panel_for_users','N;',NULL,NULL),('main','hide_panel_for_users','N;',NULL,NULL),('main','imageeditor_proxy_white_list','N;',NULL,NULL),('main','GROUP_DEFAULT_RIGHT','D',NULL,NULL),('main','dump_bucket_id','0',NULL,NULL),('main','dump_encrypt','0',NULL,NULL),('main','dump_use_compression','1',NULL,NULL),('main','dump_max_exec_time','20',NULL,NULL),('main','dump_max_exec_time_sleep','1',NULL,NULL),('main','dump_archive_size_limit','104857600',NULL,NULL),('main','dump_integrity_check','1',NULL,NULL),('main','dump_max_file_size','0',NULL,NULL),('main','dump_file_public','1',NULL,NULL),('main','dump_file_kernel','1',NULL,NULL),('main','dump_base','1',NULL,NULL),('main','dump_base_skip_stat','0',NULL,NULL),('main','dump_base_skip_search','0',NULL,NULL),('main','dump_base_skip_log','0',NULL,NULL),('main','skip_symlinks','0',NULL,NULL),('main','skip_mask','1',NULL,NULL),('main','dump_site_id','a:0:{}',NULL,NULL),('main','dump_do_clouds','0',NULL,NULL),('main','skip_mask_array','a:2:{i:0;s:5:\"/.git\";i:1;s:7:\"/static\";}',NULL,NULL),('main','last_files_count','37480',NULL,NULL),('main','site_checker_success','N',NULL,NULL),('perfmon','bitrix_optimal','N',NULL,NULL),('perfmon','mark_php_page_rate','6.52',NULL,NULL),('perfmon','mark_php_page_time','0.1534',NULL,NULL),('perfmon','mark_php_cpu_value','19.0',NULL,NULL),('perfmon','mark_php_files_value','169.7',NULL,NULL),('perfmon','mark_php_mail_value','0.0256',NULL,NULL),('perfmon','mark_php_session_time_value','0.0001',NULL,NULL),('perfmon','mark_php_is_good','Y',NULL,NULL),('perfmon','mark_db_insert_value','755',NULL,NULL),('perfmon','mark_db_read_value','2 068',NULL,NULL),('perfmon','mark_db_update_value','2 163',NULL,NULL),('perfmon','mark_php_page_date','30.10.2019 18:39:51',NULL,NULL),('main','~ft_b_user_index','a:3:{s:19:\"SEARCH_USER_CONTENT\";b:1;s:25:\"SEARCH_DEPARTMENT_CONTENT\";b:1;s:20:\"SEARCH_ADMIN_CONTENT\";b:1;}',NULL,NULL),('itpeople.site','ib_dealer','3',NULL,NULL),('itpeople.site','ib_events','4',NULL,NULL),('itpeople.site','ib_guests','9',NULL,NULL);
/*!40000 ALTER TABLE `b_option` ENABLE KEYS */;
UNLOCK TABLES;

--
-- Table structure for table `b_perf_cache`
--

DROP TABLE IF EXISTS `b_perf_cache`;
/*!40101 SET @saved_cs_client     = @@character_set_client */;
/*!40101 SET character_set_client = utf8 */;
CREATE TABLE `b_perf_cache` (
  `ID` int(18) NOT NULL AUTO_INCREMENT,
  `HIT_ID` int(18) DEFAULT NULL,
  `COMPONENT_ID` int(18) DEFAULT NULL,
  `NN` int(18) DEFAULT NULL,
  `CACHE_SIZE` float DEFAULT NULL,
  `OP_MODE` char(1) COLLATE utf8_unicode_ci DEFAULT NULL,
  `MODULE_NAME` text COLLATE utf8_unicode_ci DEFAULT NULL,
  `COMPONENT_NAME` text COLLATE utf8_unicode_ci DEFAULT NULL,
  `BASE_DIR` text COLLATE utf8_unicode_ci DEFAULT NULL,
  `INIT_DIR` text COLLATE utf8_unicode_ci DEFAULT NULL,
  `FILE_NAME` text COLLATE utf8_unicode_ci DEFAULT NULL,
  `FILE_PATH` text COLLATE utf8_unicode_ci DEFAULT NULL,
  PRIMARY KEY (`ID`),
  UNIQUE KEY `IX_B_PERF_CACHE_0` (`HIT_ID`,`NN`),
  KEY `IX_B_PERF_CACHE_1` (`COMPONENT_ID`)
) ENGINE=InnoDB DEFAULT CHARSET=utf8 COLLATE=utf8_unicode_ci;
/*!40101 SET character_set_client = @saved_cs_client */;

--
-- Dumping data for table `b_perf_cache`
--

LOCK TABLES `b_perf_cache` WRITE;
/*!40000 ALTER TABLE `b_perf_cache` DISABLE KEYS */;
/*!40000 ALTER TABLE `b_perf_cache` ENABLE KEYS */;
UNLOCK TABLES;

--
-- Table structure for table `b_perf_cluster`
--

DROP TABLE IF EXISTS `b_perf_cluster`;
/*!40101 SET @saved_cs_client     = @@character_set_client */;
/*!40101 SET character_set_client = utf8 */;
CREATE TABLE `b_perf_cluster` (
  `ID` int(11) NOT NULL AUTO_INCREMENT,
  `TIMESTAMP_X` timestamp NOT NULL DEFAULT current_timestamp() ON UPDATE current_timestamp(),
  `THREADS` int(11) DEFAULT NULL,
  `HITS` int(11) DEFAULT NULL,
  `ERRORS` int(11) DEFAULT NULL,
  `PAGES_PER_SECOND` float DEFAULT NULL,
  `PAGE_EXEC_TIME` float DEFAULT NULL,
  `PAGE_RESP_TIME` float DEFAULT NULL,
  PRIMARY KEY (`ID`)
) ENGINE=InnoDB DEFAULT CHARSET=utf8 COLLATE=utf8_unicode_ci;
/*!40101 SET character_set_client = @saved_cs_client */;

--
-- Dumping data for table `b_perf_cluster`
--

LOCK TABLES `b_perf_cluster` WRITE;
/*!40000 ALTER TABLE `b_perf_cluster` DISABLE KEYS */;
/*!40000 ALTER TABLE `b_perf_cluster` ENABLE KEYS */;
UNLOCK TABLES;

--
-- Table structure for table `b_perf_component`
--

DROP TABLE IF EXISTS `b_perf_component`;
/*!40101 SET @saved_cs_client     = @@character_set_client */;
/*!40101 SET character_set_client = utf8 */;
CREATE TABLE `b_perf_component` (
  `ID` int(18) NOT NULL AUTO_INCREMENT,
  `HIT_ID` int(18) DEFAULT NULL,
  `NN` int(18) DEFAULT NULL,
  `CACHE_TYPE` char(1) COLLATE utf8_unicode_ci DEFAULT NULL,
  `CACHE_SIZE` int(11) DEFAULT NULL,
  `CACHE_COUNT_R` int(11) DEFAULT NULL,
  `CACHE_COUNT_W` int(11) DEFAULT NULL,
  `CACHE_COUNT_C` int(11) DEFAULT NULL,
  `COMPONENT_TIME` float DEFAULT NULL,
  `QUERIES` int(11) DEFAULT NULL,
  `QUERIES_TIME` float DEFAULT NULL,
  `COMPONENT_NAME` text COLLATE utf8_unicode_ci DEFAULT NULL,
  PRIMARY KEY (`ID`),
  UNIQUE KEY `IX_B_PERF_COMPONENT_0` (`HIT_ID`,`NN`)
) ENGINE=InnoDB DEFAULT CHARSET=utf8 COLLATE=utf8_unicode_ci;
/*!40101 SET character_set_client = @saved_cs_client */;

--
-- Dumping data for table `b_perf_component`
--

LOCK TABLES `b_perf_component` WRITE;
/*!40000 ALTER TABLE `b_perf_component` DISABLE KEYS */;
/*!40000 ALTER TABLE `b_perf_component` ENABLE KEYS */;
UNLOCK TABLES;

--
-- Table structure for table `b_perf_error`
--

DROP TABLE IF EXISTS `b_perf_error`;
/*!40101 SET @saved_cs_client     = @@character_set_client */;
/*!40101 SET character_set_client = utf8 */;
CREATE TABLE `b_perf_error` (
  `ID` int(18) NOT NULL AUTO_INCREMENT,
  `HIT_ID` int(18) DEFAULT NULL,
  `ERRNO` int(18) DEFAULT NULL,
  `ERRSTR` text COLLATE utf8_unicode_ci DEFAULT NULL,
  `ERRFILE` text COLLATE utf8_unicode_ci DEFAULT NULL,
  `ERRLINE` int(18) DEFAULT NULL,
  PRIMARY KEY (`ID`),
  KEY `IX_B_PERF_ERROR_0` (`HIT_ID`)
) ENGINE=InnoDB DEFAULT CHARSET=utf8 COLLATE=utf8_unicode_ci;
/*!40101 SET character_set_client = @saved_cs_client */;

--
-- Dumping data for table `b_perf_error`
--

LOCK TABLES `b_perf_error` WRITE;
/*!40000 ALTER TABLE `b_perf_error` DISABLE KEYS */;
/*!40000 ALTER TABLE `b_perf_error` ENABLE KEYS */;
UNLOCK TABLES;

--
-- Table structure for table `b_perf_history`
--

DROP TABLE IF EXISTS `b_perf_history`;
/*!40101 SET @saved_cs_client     = @@character_set_client */;
/*!40101 SET character_set_client = utf8 */;
CREATE TABLE `b_perf_history` (
  `ID` int(18) NOT NULL AUTO_INCREMENT,
  `TIMESTAMP_X` timestamp NOT NULL DEFAULT current_timestamp() ON UPDATE current_timestamp(),
  `TOTAL_MARK` float DEFAULT NULL,
  `ACCELERATOR_ENABLED` char(1) COLLATE utf8_unicode_ci DEFAULT NULL,
  PRIMARY KEY (`ID`)
) ENGINE=InnoDB AUTO_INCREMENT=2 DEFAULT CHARSET=utf8 COLLATE=utf8_unicode_ci;
/*!40101 SET character_set_client = @saved_cs_client */;

--
-- Dumping data for table `b_perf_history`
--

LOCK TABLES `b_perf_history` WRITE;
/*!40000 ALTER TABLE `b_perf_history` DISABLE KEYS */;
INSERT INTO `b_perf_history` VALUES (1,'2019-10-30 18:39:51',6.52,'Y');
/*!40000 ALTER TABLE `b_perf_history` ENABLE KEYS */;
UNLOCK TABLES;

--
-- Table structure for table `b_perf_hit`
--

DROP TABLE IF EXISTS `b_perf_hit`;
/*!40101 SET @saved_cs_client     = @@character_set_client */;
/*!40101 SET character_set_client = utf8 */;
CREATE TABLE `b_perf_hit` (
  `ID` int(11) NOT NULL AUTO_INCREMENT,
  `DATE_HIT` datetime DEFAULT NULL,
  `IS_ADMIN` char(1) COLLATE utf8_unicode_ci DEFAULT NULL,
  `REQUEST_METHOD` varchar(50) COLLATE utf8_unicode_ci DEFAULT NULL,
  `SERVER_NAME` varchar(50) COLLATE utf8_unicode_ci DEFAULT NULL,
  `SERVER_PORT` int(11) DEFAULT NULL,
  `SCRIPT_NAME` text COLLATE utf8_unicode_ci DEFAULT NULL,
  `REQUEST_URI` text COLLATE utf8_unicode_ci DEFAULT NULL,
  `INCLUDED_FILES` int(11) DEFAULT NULL,
  `MEMORY_PEAK_USAGE` int(11) DEFAULT NULL,
  `CACHE_TYPE` char(1) COLLATE utf8_unicode_ci DEFAULT NULL,
  `CACHE_SIZE` int(11) DEFAULT NULL,
  `CACHE_COUNT_R` int(11) DEFAULT NULL,
  `CACHE_COUNT_W` int(11) DEFAULT NULL,
  `CACHE_COUNT_C` int(11) DEFAULT NULL,
  `QUERIES` int(11) DEFAULT NULL,
  `QUERIES_TIME` float DEFAULT NULL,
  `COMPONENTS` int(11) DEFAULT NULL,
  `COMPONENTS_TIME` float DEFAULT NULL,
  `SQL_LOG` char(1) COLLATE utf8_unicode_ci DEFAULT NULL,
  `PAGE_TIME` float DEFAULT NULL,
  `PROLOG_TIME` float DEFAULT NULL,
  `PROLOG_BEFORE_TIME` float DEFAULT NULL,
  `AGENTS_TIME` float DEFAULT NULL,
  `PROLOG_AFTER_TIME` float DEFAULT NULL,
  `WORK_AREA_TIME` float DEFAULT NULL,
  `EPILOG_TIME` float DEFAULT NULL,
  `EPILOG_BEFORE_TIME` float DEFAULT NULL,
  `EVENTS_TIME` float DEFAULT NULL,
  `EPILOG_AFTER_TIME` float DEFAULT NULL,
  `MENU_RECALC` int(11) DEFAULT NULL,
  PRIMARY KEY (`ID`),
  KEY `IX_B_PERF_HIT_0` (`DATE_HIT`)
) ENGINE=InnoDB DEFAULT CHARSET=utf8 COLLATE=utf8_unicode_ci;
/*!40101 SET character_set_client = @saved_cs_client */;

--
-- Dumping data for table `b_perf_hit`
--

LOCK TABLES `b_perf_hit` WRITE;
/*!40000 ALTER TABLE `b_perf_hit` DISABLE KEYS */;
/*!40000 ALTER TABLE `b_perf_hit` ENABLE KEYS */;
UNLOCK TABLES;

--
-- Table structure for table `b_perf_index_ban`
--

DROP TABLE IF EXISTS `b_perf_index_ban`;
/*!40101 SET @saved_cs_client     = @@character_set_client */;
/*!40101 SET character_set_client = utf8 */;
CREATE TABLE `b_perf_index_ban` (
  `ID` int(11) NOT NULL AUTO_INCREMENT,
  `BAN_TYPE` char(1) COLLATE utf8_unicode_ci DEFAULT NULL,
  `TABLE_NAME` varchar(50) COLLATE utf8_unicode_ci DEFAULT NULL,
  `COLUMN_NAMES` varchar(250) COLLATE utf8_unicode_ci DEFAULT NULL,
  PRIMARY KEY (`ID`)
) ENGINE=InnoDB DEFAULT CHARSET=utf8 COLLATE=utf8_unicode_ci;
/*!40101 SET character_set_client = @saved_cs_client */;

--
-- Dumping data for table `b_perf_index_ban`
--

LOCK TABLES `b_perf_index_ban` WRITE;
/*!40000 ALTER TABLE `b_perf_index_ban` DISABLE KEYS */;
/*!40000 ALTER TABLE `b_perf_index_ban` ENABLE KEYS */;
UNLOCK TABLES;

--
-- Table structure for table `b_perf_index_complete`
--

DROP TABLE IF EXISTS `b_perf_index_complete`;
/*!40101 SET @saved_cs_client     = @@character_set_client */;
/*!40101 SET character_set_client = utf8 */;
CREATE TABLE `b_perf_index_complete` (
  `ID` int(11) NOT NULL AUTO_INCREMENT,
  `BANNED` char(1) COLLATE utf8_unicode_ci DEFAULT NULL,
  `TABLE_NAME` varchar(50) COLLATE utf8_unicode_ci DEFAULT NULL,
  `COLUMN_NAMES` varchar(250) COLLATE utf8_unicode_ci DEFAULT NULL,
  `INDEX_NAME` varchar(50) COLLATE utf8_unicode_ci DEFAULT NULL,
  PRIMARY KEY (`ID`),
  KEY `ix_b_perf_index_complete_0` (`TABLE_NAME`)
) ENGINE=InnoDB DEFAULT CHARSET=utf8 COLLATE=utf8_unicode_ci;
/*!40101 SET character_set_client = @saved_cs_client */;

--
-- Dumping data for table `b_perf_index_complete`
--

LOCK TABLES `b_perf_index_complete` WRITE;
/*!40000 ALTER TABLE `b_perf_index_complete` DISABLE KEYS */;
/*!40000 ALTER TABLE `b_perf_index_complete` ENABLE KEYS */;
UNLOCK TABLES;

--
-- Table structure for table `b_perf_index_suggest`
--

DROP TABLE IF EXISTS `b_perf_index_suggest`;
/*!40101 SET @saved_cs_client     = @@character_set_client */;
/*!40101 SET character_set_client = utf8 */;
CREATE TABLE `b_perf_index_suggest` (
  `ID` int(11) NOT NULL AUTO_INCREMENT,
  `SQL_MD5` char(32) COLLATE utf8_unicode_ci DEFAULT NULL,
  `SQL_COUNT` int(11) DEFAULT NULL,
  `SQL_TIME` float DEFAULT NULL,
  `TABLE_NAME` varchar(50) COLLATE utf8_unicode_ci DEFAULT NULL,
  `TABLE_ALIAS` varchar(50) COLLATE utf8_unicode_ci DEFAULT NULL,
  `COLUMN_NAMES` varchar(250) COLLATE utf8_unicode_ci DEFAULT NULL,
  `SQL_TEXT` text COLLATE utf8_unicode_ci DEFAULT NULL,
  `SQL_EXPLAIN` longtext COLLATE utf8_unicode_ci DEFAULT NULL,
  PRIMARY KEY (`ID`),
  KEY `ix_b_perf_index_suggest_0` (`SQL_MD5`)
) ENGINE=InnoDB DEFAULT CHARSET=utf8 COLLATE=utf8_unicode_ci;
/*!40101 SET character_set_client = @saved_cs_client */;

--
-- Dumping data for table `b_perf_index_suggest`
--

LOCK TABLES `b_perf_index_suggest` WRITE;
/*!40000 ALTER TABLE `b_perf_index_suggest` DISABLE KEYS */;
/*!40000 ALTER TABLE `b_perf_index_suggest` ENABLE KEYS */;
UNLOCK TABLES;

--
-- Table structure for table `b_perf_index_suggest_sql`
--

DROP TABLE IF EXISTS `b_perf_index_suggest_sql`;
/*!40101 SET @saved_cs_client     = @@character_set_client */;
/*!40101 SET character_set_client = utf8 */;
CREATE TABLE `b_perf_index_suggest_sql` (
  `SUGGEST_ID` int(11) NOT NULL,
  `SQL_ID` int(11) NOT NULL,
  PRIMARY KEY (`SUGGEST_ID`,`SQL_ID`),
  KEY `ix_b_perf_index_suggest_sql_0` (`SQL_ID`,`SUGGEST_ID`)
) ENGINE=InnoDB DEFAULT CHARSET=utf8 COLLATE=utf8_unicode_ci;
/*!40101 SET character_set_client = @saved_cs_client */;

--
-- Dumping data for table `b_perf_index_suggest_sql`
--

LOCK TABLES `b_perf_index_suggest_sql` WRITE;
/*!40000 ALTER TABLE `b_perf_index_suggest_sql` DISABLE KEYS */;
/*!40000 ALTER TABLE `b_perf_index_suggest_sql` ENABLE KEYS */;
UNLOCK TABLES;

--
-- Table structure for table `b_perf_sql`
--

DROP TABLE IF EXISTS `b_perf_sql`;
/*!40101 SET @saved_cs_client     = @@character_set_client */;
/*!40101 SET character_set_client = utf8 */;
CREATE TABLE `b_perf_sql` (
  `ID` int(18) NOT NULL AUTO_INCREMENT,
  `HIT_ID` int(18) DEFAULT NULL,
  `COMPONENT_ID` int(18) DEFAULT NULL,
  `NN` int(18) DEFAULT NULL,
  `QUERY_TIME` float DEFAULT NULL,
  `NODE_ID` int(18) DEFAULT NULL,
  `MODULE_NAME` text COLLATE utf8_unicode_ci DEFAULT NULL,
  `COMPONENT_NAME` text COLLATE utf8_unicode_ci DEFAULT NULL,
  `SQL_TEXT` text COLLATE utf8_unicode_ci DEFAULT NULL,
  PRIMARY KEY (`ID`),
  UNIQUE KEY `IX_B_PERF_SQL_0` (`HIT_ID`,`NN`),
  KEY `IX_B_PERF_SQL_1` (`COMPONENT_ID`)
) ENGINE=InnoDB DEFAULT CHARSET=utf8 COLLATE=utf8_unicode_ci;
/*!40101 SET character_set_client = @saved_cs_client */;

--
-- Dumping data for table `b_perf_sql`
--

LOCK TABLES `b_perf_sql` WRITE;
/*!40000 ALTER TABLE `b_perf_sql` DISABLE KEYS */;
/*!40000 ALTER TABLE `b_perf_sql` ENABLE KEYS */;
UNLOCK TABLES;

--
-- Table structure for table `b_perf_sql_backtrace`
--

DROP TABLE IF EXISTS `b_perf_sql_backtrace`;
/*!40101 SET @saved_cs_client     = @@character_set_client */;
/*!40101 SET character_set_client = utf8 */;
CREATE TABLE `b_perf_sql_backtrace` (
  `SQL_ID` int(18) NOT NULL,
  `NN` int(18) NOT NULL,
  `FILE_NAME` varchar(500) COLLATE utf8_unicode_ci DEFAULT NULL,
  `LINE_NO` int(18) DEFAULT NULL,
  `CLASS_NAME` varchar(500) COLLATE utf8_unicode_ci DEFAULT NULL,
  `FUNCTION_NAME` varchar(500) COLLATE utf8_unicode_ci DEFAULT NULL,
  PRIMARY KEY (`SQL_ID`,`NN`)
) ENGINE=InnoDB DEFAULT CHARSET=utf8 COLLATE=utf8_unicode_ci;
/*!40101 SET character_set_client = @saved_cs_client */;

--
-- Dumping data for table `b_perf_sql_backtrace`
--

LOCK TABLES `b_perf_sql_backtrace` WRITE;
/*!40000 ALTER TABLE `b_perf_sql_backtrace` DISABLE KEYS */;
/*!40000 ALTER TABLE `b_perf_sql_backtrace` ENABLE KEYS */;
UNLOCK TABLES;

--
-- Table structure for table `b_perf_tab_column_stat`
--

DROP TABLE IF EXISTS `b_perf_tab_column_stat`;
/*!40101 SET @saved_cs_client     = @@character_set_client */;
/*!40101 SET character_set_client = utf8 */;
CREATE TABLE `b_perf_tab_column_stat` (
  `ID` int(11) NOT NULL AUTO_INCREMENT,
  `TABLE_NAME` varchar(50) COLLATE utf8_unicode_ci DEFAULT NULL,
  `COLUMN_NAME` varchar(50) COLLATE utf8_unicode_ci DEFAULT NULL,
  `TABLE_ROWS` float DEFAULT NULL,
  `COLUMN_ROWS` float DEFAULT NULL,
  `VALUE` varchar(100) COLLATE utf8_unicode_ci DEFAULT NULL,
  PRIMARY KEY (`ID`),
  KEY `ix_b_perf_tab_column_stat` (`TABLE_NAME`,`COLUMN_NAME`)
) ENGINE=InnoDB DEFAULT CHARSET=utf8 COLLATE=utf8_unicode_ci;
/*!40101 SET character_set_client = @saved_cs_client */;

--
-- Dumping data for table `b_perf_tab_column_stat`
--

LOCK TABLES `b_perf_tab_column_stat` WRITE;
/*!40000 ALTER TABLE `b_perf_tab_column_stat` DISABLE KEYS */;
/*!40000 ALTER TABLE `b_perf_tab_column_stat` ENABLE KEYS */;
UNLOCK TABLES;

--
-- Table structure for table `b_perf_tab_stat`
--

DROP TABLE IF EXISTS `b_perf_tab_stat`;
/*!40101 SET @saved_cs_client     = @@character_set_client */;
/*!40101 SET character_set_client = utf8 */;
CREATE TABLE `b_perf_tab_stat` (
  `TABLE_NAME` varchar(50) COLLATE utf8_unicode_ci NOT NULL,
  `TABLE_SIZE` float DEFAULT NULL,
  `TABLE_ROWS` float DEFAULT NULL,
  PRIMARY KEY (`TABLE_NAME`)
) ENGINE=InnoDB DEFAULT CHARSET=utf8 COLLATE=utf8_unicode_ci;
/*!40101 SET character_set_client = @saved_cs_client */;

--
-- Dumping data for table `b_perf_tab_stat`
--

LOCK TABLES `b_perf_tab_stat` WRITE;
/*!40000 ALTER TABLE `b_perf_tab_stat` DISABLE KEYS */;
/*!40000 ALTER TABLE `b_perf_tab_stat` ENABLE KEYS */;
UNLOCK TABLES;

--
-- Table structure for table `b_perf_test`
--

DROP TABLE IF EXISTS `b_perf_test`;
/*!40101 SET @saved_cs_client     = @@character_set_client */;
/*!40101 SET character_set_client = utf8 */;
CREATE TABLE `b_perf_test` (
  `ID` int(18) NOT NULL AUTO_INCREMENT,
  `REFERENCE_ID` int(18) DEFAULT NULL,
  `NAME` varchar(200) COLLATE utf8_unicode_ci DEFAULT NULL,
  PRIMARY KEY (`ID`),
  KEY `IX_B_PERF_TEST_0` (`REFERENCE_ID`)
) ENGINE=InnoDB AUTO_INCREMENT=401 DEFAULT CHARSET=utf8 COLLATE=utf8_unicode_ci;
/*!40101 SET character_set_client = @saved_cs_client */;

--
-- Dumping data for table `b_perf_test`
--

LOCK TABLES `b_perf_test` WRITE;
/*!40000 ALTER TABLE `b_perf_test` DISABLE KEYS */;
INSERT INTO `b_perf_test` VALUES (1,2,'yyyyyyyyyyyyyyyyyyyyyyyyyyyyyyyyyyyyyyyyyyyyyyyyyyyyyyyyyyyyyyyyyyyyyyyyyyyyyyyyyyyyyyyyyyyyyyyyyyyyyyyyyyyyyyyyyyyyyyyyyyyyyyyyyyyyyyyyyyyyyyyyyyyyyyyyyyyyyyyyyyyyyyyyyyyyyyyyyyyyyyyyyyyyyyyyyyyyyyyy'),(2,3,'yyyyyyyyyyyyyyyyyyyyyyyyyyyyyyyyyyyyyyyyyyyyyyyyyyyyyyyyyyyyyyyyyyyyyyyyyyyyyyyyyyyyyyyyyyyyyyyyyyyyyyyyyyyyyyyyyyyyyyyyyyyyyyyyyyyyyyyyyyyyyyyyyyyyyyyyyyyyyyyyyyyyyyyyyyyyyyyyyyyyyyyyyyyyyyyyyyyyyyyy'),(3,4,'yyyyyyyyyyyyyyyyyyyyyyyyyyyyyyyyyyyyyyyyyyyyyyyyyyyyyyyyyyyyyyyyyyyyyyyyyyyyyyyyyyyyyyyyyyyyyyyyyyyyyyyyyyyyyyyyyyyyyyyyyyyyyyyyyyyyyyyyyyyyyyyyyyyyyyyyyyyyyyyyyyyyyyyyyyyyyyyyyyyyyyyyyyyyyyyyyyyyyyyy'),(4,5,'yyyyyyyyyyyyyyyyyyyyyyyyyyyyyyyyyyyyyyyyyyyyyyyyyyyyyyyyyyyyyyyyyyyyyyyyyyyyyyyyyyyyyyyyyyyyyyyyyyyyyyyyyyyyyyyyyyyyyyyyyyyyyyyyyyyyyyyyyyyyyyyyyyyyyyyyyyyyyyyyyyyyyyyyyyyyyyyyyyyyyyyyyyyyyyyyyyyyyyyy'),(5,6,'yyyyyyyyyyyyyyyyyyyyyyyyyyyyyyyyyyyyyyyyyyyyyyyyyyyyyyyyyyyyyyyyyyyyyyyyyyyyyyyyyyyyyyyyyyyyyyyyyyyyyyyyyyyyyyyyyyyyyyyyyyyyyyyyyyyyyyyyyyyyyyyyyyyyyyyyyyyyyyyyyyyyyyyyyyyyyyyyyyyyyyyyyyyyyyyyyyyyyyyy'),(6,7,'yyyyyyyyyyyyyyyyyyyyyyyyyyyyyyyyyyyyyyyyyyyyyyyyyyyyyyyyyyyyyyyyyyyyyyyyyyyyyyyyyyyyyyyyyyyyyyyyyyyyyyyyyyyyyyyyyyyyyyyyyyyyyyyyyyyyyyyyyyyyyyyyyyyyyyyyyyyyyyyyyyyyyyyyyyyyyyyyyyyyyyyyyyyyyyyyyyyyyyyy'),(7,8,'yyyyyyyyyyyyyyyyyyyyyyyyyyyyyyyyyyyyyyyyyyyyyyyyyyyyyyyyyyyyyyyyyyyyyyyyyyyyyyyyyyyyyyyyyyyyyyyyyyyyyyyyyyyyyyyyyyyyyyyyyyyyyyyyyyyyyyyyyyyyyyyyyyyyyyyyyyyyyyyyyyyyyyyyyyyyyyyyyyyyyyyyyyyyyyyyyyyyyyyy'),(8,9,'yyyyyyyyyyyyyyyyyyyyyyyyyyyyyyyyyyyyyyyyyyyyyyyyyyyyyyyyyyyyyyyyyyyyyyyyyyyyyyyyyyyyyyyyyyyyyyyyyyyyyyyyyyyyyyyyyyyyyyyyyyyyyyyyyyyyyyyyyyyyyyyyyyyyyyyyyyyyyyyyyyyyyyyyyyyyyyyyyyyyyyyyyyyyyyyyyyyyyyyy'),(9,10,'yyyyyyyyyyyyyyyyyyyyyyyyyyyyyyyyyyyyyyyyyyyyyyyyyyyyyyyyyyyyyyyyyyyyyyyyyyyyyyyyyyyyyyyyyyyyyyyyyyyyyyyyyyyyyyyyyyyyyyyyyyyyyyyyyyyyyyyyyyyyyyyyyyyyyyyyyyyyyyyyyyyyyyyyyyyyyyyyyyyyyyyyyyyyyyyyyyyyyyyy'),(10,11,'yyyyyyyyyyyyyyyyyyyyyyyyyyyyyyyyyyyyyyyyyyyyyyyyyyyyyyyyyyyyyyyyyyyyyyyyyyyyyyyyyyyyyyyyyyyyyyyyyyyyyyyyyyyyyyyyyyyyyyyyyyyyyyyyyyyyyyyyyyyyyyyyyyyyyyyyyyyyyyyyyyyyyyyyyyyyyyyyyyyyyyyyyyyyyyyyyyyyyyyy'),(11,12,'yyyyyyyyyyyyyyyyyyyyyyyyyyyyyyyyyyyyyyyyyyyyyyyyyyyyyyyyyyyyyyyyyyyyyyyyyyyyyyyyyyyyyyyyyyyyyyyyyyyyyyyyyyyyyyyyyyyyyyyyyyyyyyyyyyyyyyyyyyyyyyyyyyyyyyyyyyyyyyyyyyyyyyyyyyyyyyyyyyyyyyyyyyyyyyyyyyyyyyyy'),(12,13,'yyyyyyyyyyyyyyyyyyyyyyyyyyyyyyyyyyyyyyyyyyyyyyyyyyyyyyyyyyyyyyyyyyyyyyyyyyyyyyyyyyyyyyyyyyyyyyyyyyyyyyyyyyyyyyyyyyyyyyyyyyyyyyyyyyyyyyyyyyyyyyyyyyyyyyyyyyyyyyyyyyyyyyyyyyyyyyyyyyyyyyyyyyyyyyyyyyyyyyyy'),(13,14,'yyyyyyyyyyyyyyyyyyyyyyyyyyyyyyyyyyyyyyyyyyyyyyyyyyyyyyyyyyyyyyyyyyyyyyyyyyyyyyyyyyyyyyyyyyyyyyyyyyyyyyyyyyyyyyyyyyyyyyyyyyyyyyyyyyyyyyyyyyyyyyyyyyyyyyyyyyyyyyyyyyyyyyyyyyyyyyyyyyyyyyyyyyyyyyyyyyyyyyyy'),(14,15,'yyyyyyyyyyyyyyyyyyyyyyyyyyyyyyyyyyyyyyyyyyyyyyyyyyyyyyyyyyyyyyyyyyyyyyyyyyyyyyyyyyyyyyyyyyyyyyyyyyyyyyyyyyyyyyyyyyyyyyyyyyyyyyyyyyyyyyyyyyyyyyyyyyyyyyyyyyyyyyyyyyyyyyyyyyyyyyyyyyyyyyyyyyyyyyyyyyyyyyyy'),(15,16,'yyyyyyyyyyyyyyyyyyyyyyyyyyyyyyyyyyyyyyyyyyyyyyyyyyyyyyyyyyyyyyyyyyyyyyyyyyyyyyyyyyyyyyyyyyyyyyyyyyyyyyyyyyyyyyyyyyyyyyyyyyyyyyyyyyyyyyyyyyyyyyyyyyyyyyyyyyyyyyyyyyyyyyyyyyyyyyyyyyyyyyyyyyyyyyyyyyyyyyyy'),(16,17,'yyyyyyyyyyyyyyyyyyyyyyyyyyyyyyyyyyyyyyyyyyyyyyyyyyyyyyyyyyyyyyyyyyyyyyyyyyyyyyyyyyyyyyyyyyyyyyyyyyyyyyyyyyyyyyyyyyyyyyyyyyyyyyyyyyyyyyyyyyyyyyyyyyyyyyyyyyyyyyyyyyyyyyyyyyyyyyyyyyyyyyyyyyyyyyyyyyyyyyyy'),(17,18,'yyyyyyyyyyyyyyyyyyyyyyyyyyyyyyyyyyyyyyyyyyyyyyyyyyyyyyyyyyyyyyyyyyyyyyyyyyyyyyyyyyyyyyyyyyyyyyyyyyyyyyyyyyyyyyyyyyyyyyyyyyyyyyyyyyyyyyyyyyyyyyyyyyyyyyyyyyyyyyyyyyyyyyyyyyyyyyyyyyyyyyyyyyyyyyyyyyyyyyyy'),(18,19,'yyyyyyyyyyyyyyyyyyyyyyyyyyyyyyyyyyyyyyyyyyyyyyyyyyyyyyyyyyyyyyyyyyyyyyyyyyyyyyyyyyyyyyyyyyyyyyyyyyyyyyyyyyyyyyyyyyyyyyyyyyyyyyyyyyyyyyyyyyyyyyyyyyyyyyyyyyyyyyyyyyyyyyyyyyyyyyyyyyyyyyyyyyyyyyyyyyyyyyyy'),(19,20,'yyyyyyyyyyyyyyyyyyyyyyyyyyyyyyyyyyyyyyyyyyyyyyyyyyyyyyyyyyyyyyyyyyyyyyyyyyyyyyyyyyyyyyyyyyyyyyyyyyyyyyyyyyyyyyyyyyyyyyyyyyyyyyyyyyyyyyyyyyyyyyyyyyyyyyyyyyyyyyyyyyyyyyyyyyyyyyyyyyyyyyyyyyyyyyyyyyyyyyyy'),(20,21,'yyyyyyyyyyyyyyyyyyyyyyyyyyyyyyyyyyyyyyyyyyyyyyyyyyyyyyyyyyyyyyyyyyyyyyyyyyyyyyyyyyyyyyyyyyyyyyyyyyyyyyyyyyyyyyyyyyyyyyyyyyyyyyyyyyyyyyyyyyyyyyyyyyyyyyyyyyyyyyyyyyyyyyyyyyyyyyyyyyyyyyyyyyyyyyyyyyyyyyyy'),(21,22,'yyyyyyyyyyyyyyyyyyyyyyyyyyyyyyyyyyyyyyyyyyyyyyyyyyyyyyyyyyyyyyyyyyyyyyyyyyyyyyyyyyyyyyyyyyyyyyyyyyyyyyyyyyyyyyyyyyyyyyyyyyyyyyyyyyyyyyyyyyyyyyyyyyyyyyyyyyyyyyyyyyyyyyyyyyyyyyyyyyyyyyyyyyyyyyyyyyyyyyyy'),(22,23,'yyyyyyyyyyyyyyyyyyyyyyyyyyyyyyyyyyyyyyyyyyyyyyyyyyyyyyyyyyyyyyyyyyyyyyyyyyyyyyyyyyyyyyyyyyyyyyyyyyyyyyyyyyyyyyyyyyyyyyyyyyyyyyyyyyyyyyyyyyyyyyyyyyyyyyyyyyyyyyyyyyyyyyyyyyyyyyyyyyyyyyyyyyyyyyyyyyyyyyyy'),(23,24,'yyyyyyyyyyyyyyyyyyyyyyyyyyyyyyyyyyyyyyyyyyyyyyyyyyyyyyyyyyyyyyyyyyyyyyyyyyyyyyyyyyyyyyyyyyyyyyyyyyyyyyyyyyyyyyyyyyyyyyyyyyyyyyyyyyyyyyyyyyyyyyyyyyyyyyyyyyyyyyyyyyyyyyyyyyyyyyyyyyyyyyyyyyyyyyyyyyyyyyyy'),(24,25,'yyyyyyyyyyyyyyyyyyyyyyyyyyyyyyyyyyyyyyyyyyyyyyyyyyyyyyyyyyyyyyyyyyyyyyyyyyyyyyyyyyyyyyyyyyyyyyyyyyyyyyyyyyyyyyyyyyyyyyyyyyyyyyyyyyyyyyyyyyyyyyyyyyyyyyyyyyyyyyyyyyyyyyyyyyyyyyyyyyyyyyyyyyyyyyyyyyyyyyyy'),(25,26,'yyyyyyyyyyyyyyyyyyyyyyyyyyyyyyyyyyyyyyyyyyyyyyyyyyyyyyyyyyyyyyyyyyyyyyyyyyyyyyyyyyyyyyyyyyyyyyyyyyyyyyyyyyyyyyyyyyyyyyyyyyyyyyyyyyyyyyyyyyyyyyyyyyyyyyyyyyyyyyyyyyyyyyyyyyyyyyyyyyyyyyyyyyyyyyyyyyyyyyyy'),(26,27,'yyyyyyyyyyyyyyyyyyyyyyyyyyyyyyyyyyyyyyyyyyyyyyyyyyyyyyyyyyyyyyyyyyyyyyyyyyyyyyyyyyyyyyyyyyyyyyyyyyyyyyyyyyyyyyyyyyyyyyyyyyyyyyyyyyyyyyyyyyyyyyyyyyyyyyyyyyyyyyyyyyyyyyyyyyyyyyyyyyyyyyyyyyyyyyyyyyyyyyyy'),(27,28,'yyyyyyyyyyyyyyyyyyyyyyyyyyyyyyyyyyyyyyyyyyyyyyyyyyyyyyyyyyyyyyyyyyyyyyyyyyyyyyyyyyyyyyyyyyyyyyyyyyyyyyyyyyyyyyyyyyyyyyyyyyyyyyyyyyyyyyyyyyyyyyyyyyyyyyyyyyyyyyyyyyyyyyyyyyyyyyyyyyyyyyyyyyyyyyyyyyyyyyyy'),(28,29,'yyyyyyyyyyyyyyyyyyyyyyyyyyyyyyyyyyyyyyyyyyyyyyyyyyyyyyyyyyyyyyyyyyyyyyyyyyyyyyyyyyyyyyyyyyyyyyyyyyyyyyyyyyyyyyyyyyyyyyyyyyyyyyyyyyyyyyyyyyyyyyyyyyyyyyyyyyyyyyyyyyyyyyyyyyyyyyyyyyyyyyyyyyyyyyyyyyyyyyyy'),(29,30,'yyyyyyyyyyyyyyyyyyyyyyyyyyyyyyyyyyyyyyyyyyyyyyyyyyyyyyyyyyyyyyyyyyyyyyyyyyyyyyyyyyyyyyyyyyyyyyyyyyyyyyyyyyyyyyyyyyyyyyyyyyyyyyyyyyyyyyyyyyyyyyyyyyyyyyyyyyyyyyyyyyyyyyyyyyyyyyyyyyyyyyyyyyyyyyyyyyyyyyyy'),(30,31,'yyyyyyyyyyyyyyyyyyyyyyyyyyyyyyyyyyyyyyyyyyyyyyyyyyyyyyyyyyyyyyyyyyyyyyyyyyyyyyyyyyyyyyyyyyyyyyyyyyyyyyyyyyyyyyyyyyyyyyyyyyyyyyyyyyyyyyyyyyyyyyyyyyyyyyyyyyyyyyyyyyyyyyyyyyyyyyyyyyyyyyyyyyyyyyyyyyyyyyyy'),(31,32,'yyyyyyyyyyyyyyyyyyyyyyyyyyyyyyyyyyyyyyyyyyyyyyyyyyyyyyyyyyyyyyyyyyyyyyyyyyyyyyyyyyyyyyyyyyyyyyyyyyyyyyyyyyyyyyyyyyyyyyyyyyyyyyyyyyyyyyyyyyyyyyyyyyyyyyyyyyyyyyyyyyyyyyyyyyyyyyyyyyyyyyyyyyyyyyyyyyyyyyyy'),(32,33,'yyyyyyyyyyyyyyyyyyyyyyyyyyyyyyyyyyyyyyyyyyyyyyyyyyyyyyyyyyyyyyyyyyyyyyyyyyyyyyyyyyyyyyyyyyyyyyyyyyyyyyyyyyyyyyyyyyyyyyyyyyyyyyyyyyyyyyyyyyyyyyyyyyyyyyyyyyyyyyyyyyyyyyyyyyyyyyyyyyyyyyyyyyyyyyyyyyyyyyyy'),(33,34,'yyyyyyyyyyyyyyyyyyyyyyyyyyyyyyyyyyyyyyyyyyyyyyyyyyyyyyyyyyyyyyyyyyyyyyyyyyyyyyyyyyyyyyyyyyyyyyyyyyyyyyyyyyyyyyyyyyyyyyyyyyyyyyyyyyyyyyyyyyyyyyyyyyyyyyyyyyyyyyyyyyyyyyyyyyyyyyyyyyyyyyyyyyyyyyyyyyyyyyyy'),(34,35,'yyyyyyyyyyyyyyyyyyyyyyyyyyyyyyyyyyyyyyyyyyyyyyyyyyyyyyyyyyyyyyyyyyyyyyyyyyyyyyyyyyyyyyyyyyyyyyyyyyyyyyyyyyyyyyyyyyyyyyyyyyyyyyyyyyyyyyyyyyyyyyyyyyyyyyyyyyyyyyyyyyyyyyyyyyyyyyyyyyyyyyyyyyyyyyyyyyyyyyyy'),(35,36,'yyyyyyyyyyyyyyyyyyyyyyyyyyyyyyyyyyyyyyyyyyyyyyyyyyyyyyyyyyyyyyyyyyyyyyyyyyyyyyyyyyyyyyyyyyyyyyyyyyyyyyyyyyyyyyyyyyyyyyyyyyyyyyyyyyyyyyyyyyyyyyyyyyyyyyyyyyyyyyyyyyyyyyyyyyyyyyyyyyyyyyyyyyyyyyyyyyyyyyyy'),(36,37,'yyyyyyyyyyyyyyyyyyyyyyyyyyyyyyyyyyyyyyyyyyyyyyyyyyyyyyyyyyyyyyyyyyyyyyyyyyyyyyyyyyyyyyyyyyyyyyyyyyyyyyyyyyyyyyyyyyyyyyyyyyyyyyyyyyyyyyyyyyyyyyyyyyyyyyyyyyyyyyyyyyyyyyyyyyyyyyyyyyyyyyyyyyyyyyyyyyyyyyyy'),(37,38,'yyyyyyyyyyyyyyyyyyyyyyyyyyyyyyyyyyyyyyyyyyyyyyyyyyyyyyyyyyyyyyyyyyyyyyyyyyyyyyyyyyyyyyyyyyyyyyyyyyyyyyyyyyyyyyyyyyyyyyyyyyyyyyyyyyyyyyyyyyyyyyyyyyyyyyyyyyyyyyyyyyyyyyyyyyyyyyyyyyyyyyyyyyyyyyyyyyyyyyyy'),(38,39,'yyyyyyyyyyyyyyyyyyyyyyyyyyyyyyyyyyyyyyyyyyyyyyyyyyyyyyyyyyyyyyyyyyyyyyyyyyyyyyyyyyyyyyyyyyyyyyyyyyyyyyyyyyyyyyyyyyyyyyyyyyyyyyyyyyyyyyyyyyyyyyyyyyyyyyyyyyyyyyyyyyyyyyyyyyyyyyyyyyyyyyyyyyyyyyyyyyyyyyyy'),(39,40,'yyyyyyyyyyyyyyyyyyyyyyyyyyyyyyyyyyyyyyyyyyyyyyyyyyyyyyyyyyyyyyyyyyyyyyyyyyyyyyyyyyyyyyyyyyyyyyyyyyyyyyyyyyyyyyyyyyyyyyyyyyyyyyyyyyyyyyyyyyyyyyyyyyyyyyyyyyyyyyyyyyyyyyyyyyyyyyyyyyyyyyyyyyyyyyyyyyyyyyyy'),(40,41,'yyyyyyyyyyyyyyyyyyyyyyyyyyyyyyyyyyyyyyyyyyyyyyyyyyyyyyyyyyyyyyyyyyyyyyyyyyyyyyyyyyyyyyyyyyyyyyyyyyyyyyyyyyyyyyyyyyyyyyyyyyyyyyyyyyyyyyyyyyyyyyyyyyyyyyyyyyyyyyyyyyyyyyyyyyyyyyyyyyyyyyyyyyyyyyyyyyyyyyyy'),(41,42,'yyyyyyyyyyyyyyyyyyyyyyyyyyyyyyyyyyyyyyyyyyyyyyyyyyyyyyyyyyyyyyyyyyyyyyyyyyyyyyyyyyyyyyyyyyyyyyyyyyyyyyyyyyyyyyyyyyyyyyyyyyyyyyyyyyyyyyyyyyyyyyyyyyyyyyyyyyyyyyyyyyyyyyyyyyyyyyyyyyyyyyyyyyyyyyyyyyyyyyyy'),(42,43,'yyyyyyyyyyyyyyyyyyyyyyyyyyyyyyyyyyyyyyyyyyyyyyyyyyyyyyyyyyyyyyyyyyyyyyyyyyyyyyyyyyyyyyyyyyyyyyyyyyyyyyyyyyyyyyyyyyyyyyyyyyyyyyyyyyyyyyyyyyyyyyyyyyyyyyyyyyyyyyyyyyyyyyyyyyyyyyyyyyyyyyyyyyyyyyyyyyyyyyyy'),(43,44,'yyyyyyyyyyyyyyyyyyyyyyyyyyyyyyyyyyyyyyyyyyyyyyyyyyyyyyyyyyyyyyyyyyyyyyyyyyyyyyyyyyyyyyyyyyyyyyyyyyyyyyyyyyyyyyyyyyyyyyyyyyyyyyyyyyyyyyyyyyyyyyyyyyyyyyyyyyyyyyyyyyyyyyyyyyyyyyyyyyyyyyyyyyyyyyyyyyyyyyyy'),(44,45,'yyyyyyyyyyyyyyyyyyyyyyyyyyyyyyyyyyyyyyyyyyyyyyyyyyyyyyyyyyyyyyyyyyyyyyyyyyyyyyyyyyyyyyyyyyyyyyyyyyyyyyyyyyyyyyyyyyyyyyyyyyyyyyyyyyyyyyyyyyyyyyyyyyyyyyyyyyyyyyyyyyyyyyyyyyyyyyyyyyyyyyyyyyyyyyyyyyyyyyyy'),(45,46,'yyyyyyyyyyyyyyyyyyyyyyyyyyyyyyyyyyyyyyyyyyyyyyyyyyyyyyyyyyyyyyyyyyyyyyyyyyyyyyyyyyyyyyyyyyyyyyyyyyyyyyyyyyyyyyyyyyyyyyyyyyyyyyyyyyyyyyyyyyyyyyyyyyyyyyyyyyyyyyyyyyyyyyyyyyyyyyyyyyyyyyyyyyyyyyyyyyyyyyyy'),(46,47,'yyyyyyyyyyyyyyyyyyyyyyyyyyyyyyyyyyyyyyyyyyyyyyyyyyyyyyyyyyyyyyyyyyyyyyyyyyyyyyyyyyyyyyyyyyyyyyyyyyyyyyyyyyyyyyyyyyyyyyyyyyyyyyyyyyyyyyyyyyyyyyyyyyyyyyyyyyyyyyyyyyyyyyyyyyyyyyyyyyyyyyyyyyyyyyyyyyyyyyyy'),(47,48,'yyyyyyyyyyyyyyyyyyyyyyyyyyyyyyyyyyyyyyyyyyyyyyyyyyyyyyyyyyyyyyyyyyyyyyyyyyyyyyyyyyyyyyyyyyyyyyyyyyyyyyyyyyyyyyyyyyyyyyyyyyyyyyyyyyyyyyyyyyyyyyyyyyyyyyyyyyyyyyyyyyyyyyyyyyyyyyyyyyyyyyyyyyyyyyyyyyyyyyyy'),(48,49,'yyyyyyyyyyyyyyyyyyyyyyyyyyyyyyyyyyyyyyyyyyyyyyyyyyyyyyyyyyyyyyyyyyyyyyyyyyyyyyyyyyyyyyyyyyyyyyyyyyyyyyyyyyyyyyyyyyyyyyyyyyyyyyyyyyyyyyyyyyyyyyyyyyyyyyyyyyyyyyyyyyyyyyyyyyyyyyyyyyyyyyyyyyyyyyyyyyyyyyyy'),(49,50,'yyyyyyyyyyyyyyyyyyyyyyyyyyyyyyyyyyyyyyyyyyyyyyyyyyyyyyyyyyyyyyyyyyyyyyyyyyyyyyyyyyyyyyyyyyyyyyyyyyyyyyyyyyyyyyyyyyyyyyyyyyyyyyyyyyyyyyyyyyyyyyyyyyyyyyyyyyyyyyyyyyyyyyyyyyyyyyyyyyyyyyyyyyyyyyyyyyyyyyyy'),(50,51,'yyyyyyyyyyyyyyyyyyyyyyyyyyyyyyyyyyyyyyyyyyyyyyyyyyyyyyyyyyyyyyyyyyyyyyyyyyyyyyyyyyyyyyyyyyyyyyyyyyyyyyyyyyyyyyyyyyyyyyyyyyyyyyyyyyyyyyyyyyyyyyyyyyyyyyyyyyyyyyyyyyyyyyyyyyyyyyyyyyyyyyyyyyyyyyyyyyyyyyyy'),(51,52,'yyyyyyyyyyyyyyyyyyyyyyyyyyyyyyyyyyyyyyyyyyyyyyyyyyyyyyyyyyyyyyyyyyyyyyyyyyyyyyyyyyyyyyyyyyyyyyyyyyyyyyyyyyyyyyyyyyyyyyyyyyyyyyyyyyyyyyyyyyyyyyyyyyyyyyyyyyyyyyyyyyyyyyyyyyyyyyyyyyyyyyyyyyyyyyyyyyyyyyyy'),(52,53,'yyyyyyyyyyyyyyyyyyyyyyyyyyyyyyyyyyyyyyyyyyyyyyyyyyyyyyyyyyyyyyyyyyyyyyyyyyyyyyyyyyyyyyyyyyyyyyyyyyyyyyyyyyyyyyyyyyyyyyyyyyyyyyyyyyyyyyyyyyyyyyyyyyyyyyyyyyyyyyyyyyyyyyyyyyyyyyyyyyyyyyyyyyyyyyyyyyyyyyyy'),(53,54,'yyyyyyyyyyyyyyyyyyyyyyyyyyyyyyyyyyyyyyyyyyyyyyyyyyyyyyyyyyyyyyyyyyyyyyyyyyyyyyyyyyyyyyyyyyyyyyyyyyyyyyyyyyyyyyyyyyyyyyyyyyyyyyyyyyyyyyyyyyyyyyyyyyyyyyyyyyyyyyyyyyyyyyyyyyyyyyyyyyyyyyyyyyyyyyyyyyyyyyyy'),(54,55,'yyyyyyyyyyyyyyyyyyyyyyyyyyyyyyyyyyyyyyyyyyyyyyyyyyyyyyyyyyyyyyyyyyyyyyyyyyyyyyyyyyyyyyyyyyyyyyyyyyyyyyyyyyyyyyyyyyyyyyyyyyyyyyyyyyyyyyyyyyyyyyyyyyyyyyyyyyyyyyyyyyyyyyyyyyyyyyyyyyyyyyyyyyyyyyyyyyyyyyyy'),(55,56,'yyyyyyyyyyyyyyyyyyyyyyyyyyyyyyyyyyyyyyyyyyyyyyyyyyyyyyyyyyyyyyyyyyyyyyyyyyyyyyyyyyyyyyyyyyyyyyyyyyyyyyyyyyyyyyyyyyyyyyyyyyyyyyyyyyyyyyyyyyyyyyyyyyyyyyyyyyyyyyyyyyyyyyyyyyyyyyyyyyyyyyyyyyyyyyyyyyyyyyyy'),(56,57,'yyyyyyyyyyyyyyyyyyyyyyyyyyyyyyyyyyyyyyyyyyyyyyyyyyyyyyyyyyyyyyyyyyyyyyyyyyyyyyyyyyyyyyyyyyyyyyyyyyyyyyyyyyyyyyyyyyyyyyyyyyyyyyyyyyyyyyyyyyyyyyyyyyyyyyyyyyyyyyyyyyyyyyyyyyyyyyyyyyyyyyyyyyyyyyyyyyyyyyyy'),(57,58,'yyyyyyyyyyyyyyyyyyyyyyyyyyyyyyyyyyyyyyyyyyyyyyyyyyyyyyyyyyyyyyyyyyyyyyyyyyyyyyyyyyyyyyyyyyyyyyyyyyyyyyyyyyyyyyyyyyyyyyyyyyyyyyyyyyyyyyyyyyyyyyyyyyyyyyyyyyyyyyyyyyyyyyyyyyyyyyyyyyyyyyyyyyyyyyyyyyyyyyyy'),(58,59,'yyyyyyyyyyyyyyyyyyyyyyyyyyyyyyyyyyyyyyyyyyyyyyyyyyyyyyyyyyyyyyyyyyyyyyyyyyyyyyyyyyyyyyyyyyyyyyyyyyyyyyyyyyyyyyyyyyyyyyyyyyyyyyyyyyyyyyyyyyyyyyyyyyyyyyyyyyyyyyyyyyyyyyyyyyyyyyyyyyyyyyyyyyyyyyyyyyyyyyyy'),(59,60,'yyyyyyyyyyyyyyyyyyyyyyyyyyyyyyyyyyyyyyyyyyyyyyyyyyyyyyyyyyyyyyyyyyyyyyyyyyyyyyyyyyyyyyyyyyyyyyyyyyyyyyyyyyyyyyyyyyyyyyyyyyyyyyyyyyyyyyyyyyyyyyyyyyyyyyyyyyyyyyyyyyyyyyyyyyyyyyyyyyyyyyyyyyyyyyyyyyyyyyyy'),(60,61,'yyyyyyyyyyyyyyyyyyyyyyyyyyyyyyyyyyyyyyyyyyyyyyyyyyyyyyyyyyyyyyyyyyyyyyyyyyyyyyyyyyyyyyyyyyyyyyyyyyyyyyyyyyyyyyyyyyyyyyyyyyyyyyyyyyyyyyyyyyyyyyyyyyyyyyyyyyyyyyyyyyyyyyyyyyyyyyyyyyyyyyyyyyyyyyyyyyyyyyyy'),(61,62,'yyyyyyyyyyyyyyyyyyyyyyyyyyyyyyyyyyyyyyyyyyyyyyyyyyyyyyyyyyyyyyyyyyyyyyyyyyyyyyyyyyyyyyyyyyyyyyyyyyyyyyyyyyyyyyyyyyyyyyyyyyyyyyyyyyyyyyyyyyyyyyyyyyyyyyyyyyyyyyyyyyyyyyyyyyyyyyyyyyyyyyyyyyyyyyyyyyyyyyyy'),(62,63,'yyyyyyyyyyyyyyyyyyyyyyyyyyyyyyyyyyyyyyyyyyyyyyyyyyyyyyyyyyyyyyyyyyyyyyyyyyyyyyyyyyyyyyyyyyyyyyyyyyyyyyyyyyyyyyyyyyyyyyyyyyyyyyyyyyyyyyyyyyyyyyyyyyyyyyyyyyyyyyyyyyyyyyyyyyyyyyyyyyyyyyyyyyyyyyyyyyyyyyyy'),(63,64,'yyyyyyyyyyyyyyyyyyyyyyyyyyyyyyyyyyyyyyyyyyyyyyyyyyyyyyyyyyyyyyyyyyyyyyyyyyyyyyyyyyyyyyyyyyyyyyyyyyyyyyyyyyyyyyyyyyyyyyyyyyyyyyyyyyyyyyyyyyyyyyyyyyyyyyyyyyyyyyyyyyyyyyyyyyyyyyyyyyyyyyyyyyyyyyyyyyyyyyyy'),(64,65,'yyyyyyyyyyyyyyyyyyyyyyyyyyyyyyyyyyyyyyyyyyyyyyyyyyyyyyyyyyyyyyyyyyyyyyyyyyyyyyyyyyyyyyyyyyyyyyyyyyyyyyyyyyyyyyyyyyyyyyyyyyyyyyyyyyyyyyyyyyyyyyyyyyyyyyyyyyyyyyyyyyyyyyyyyyyyyyyyyyyyyyyyyyyyyyyyyyyyyyyy'),(65,66,'yyyyyyyyyyyyyyyyyyyyyyyyyyyyyyyyyyyyyyyyyyyyyyyyyyyyyyyyyyyyyyyyyyyyyyyyyyyyyyyyyyyyyyyyyyyyyyyyyyyyyyyyyyyyyyyyyyyyyyyyyyyyyyyyyyyyyyyyyyyyyyyyyyyyyyyyyyyyyyyyyyyyyyyyyyyyyyyyyyyyyyyyyyyyyyyyyyyyyyyy'),(66,67,'yyyyyyyyyyyyyyyyyyyyyyyyyyyyyyyyyyyyyyyyyyyyyyyyyyyyyyyyyyyyyyyyyyyyyyyyyyyyyyyyyyyyyyyyyyyyyyyyyyyyyyyyyyyyyyyyyyyyyyyyyyyyyyyyyyyyyyyyyyyyyyyyyyyyyyyyyyyyyyyyyyyyyyyyyyyyyyyyyyyyyyyyyyyyyyyyyyyyyyyy'),(67,68,'yyyyyyyyyyyyyyyyyyyyyyyyyyyyyyyyyyyyyyyyyyyyyyyyyyyyyyyyyyyyyyyyyyyyyyyyyyyyyyyyyyyyyyyyyyyyyyyyyyyyyyyyyyyyyyyyyyyyyyyyyyyyyyyyyyyyyyyyyyyyyyyyyyyyyyyyyyyyyyyyyyyyyyyyyyyyyyyyyyyyyyyyyyyyyyyyyyyyyyyy'),(68,69,'yyyyyyyyyyyyyyyyyyyyyyyyyyyyyyyyyyyyyyyyyyyyyyyyyyyyyyyyyyyyyyyyyyyyyyyyyyyyyyyyyyyyyyyyyyyyyyyyyyyyyyyyyyyyyyyyyyyyyyyyyyyyyyyyyyyyyyyyyyyyyyyyyyyyyyyyyyyyyyyyyyyyyyyyyyyyyyyyyyyyyyyyyyyyyyyyyyyyyyyy'),(69,70,'yyyyyyyyyyyyyyyyyyyyyyyyyyyyyyyyyyyyyyyyyyyyyyyyyyyyyyyyyyyyyyyyyyyyyyyyyyyyyyyyyyyyyyyyyyyyyyyyyyyyyyyyyyyyyyyyyyyyyyyyyyyyyyyyyyyyyyyyyyyyyyyyyyyyyyyyyyyyyyyyyyyyyyyyyyyyyyyyyyyyyyyyyyyyyyyyyyyyyyyy'),(70,71,'yyyyyyyyyyyyyyyyyyyyyyyyyyyyyyyyyyyyyyyyyyyyyyyyyyyyyyyyyyyyyyyyyyyyyyyyyyyyyyyyyyyyyyyyyyyyyyyyyyyyyyyyyyyyyyyyyyyyyyyyyyyyyyyyyyyyyyyyyyyyyyyyyyyyyyyyyyyyyyyyyyyyyyyyyyyyyyyyyyyyyyyyyyyyyyyyyyyyyyyy'),(71,72,'yyyyyyyyyyyyyyyyyyyyyyyyyyyyyyyyyyyyyyyyyyyyyyyyyyyyyyyyyyyyyyyyyyyyyyyyyyyyyyyyyyyyyyyyyyyyyyyyyyyyyyyyyyyyyyyyyyyyyyyyyyyyyyyyyyyyyyyyyyyyyyyyyyyyyyyyyyyyyyyyyyyyyyyyyyyyyyyyyyyyyyyyyyyyyyyyyyyyyyyy'),(72,73,'yyyyyyyyyyyyyyyyyyyyyyyyyyyyyyyyyyyyyyyyyyyyyyyyyyyyyyyyyyyyyyyyyyyyyyyyyyyyyyyyyyyyyyyyyyyyyyyyyyyyyyyyyyyyyyyyyyyyyyyyyyyyyyyyyyyyyyyyyyyyyyyyyyyyyyyyyyyyyyyyyyyyyyyyyyyyyyyyyyyyyyyyyyyyyyyyyyyyyyyy'),(73,74,'yyyyyyyyyyyyyyyyyyyyyyyyyyyyyyyyyyyyyyyyyyyyyyyyyyyyyyyyyyyyyyyyyyyyyyyyyyyyyyyyyyyyyyyyyyyyyyyyyyyyyyyyyyyyyyyyyyyyyyyyyyyyyyyyyyyyyyyyyyyyyyyyyyyyyyyyyyyyyyyyyyyyyyyyyyyyyyyyyyyyyyyyyyyyyyyyyyyyyyyy'),(74,75,'yyyyyyyyyyyyyyyyyyyyyyyyyyyyyyyyyyyyyyyyyyyyyyyyyyyyyyyyyyyyyyyyyyyyyyyyyyyyyyyyyyyyyyyyyyyyyyyyyyyyyyyyyyyyyyyyyyyyyyyyyyyyyyyyyyyyyyyyyyyyyyyyyyyyyyyyyyyyyyyyyyyyyyyyyyyyyyyyyyyyyyyyyyyyyyyyyyyyyyyy'),(75,76,'yyyyyyyyyyyyyyyyyyyyyyyyyyyyyyyyyyyyyyyyyyyyyyyyyyyyyyyyyyyyyyyyyyyyyyyyyyyyyyyyyyyyyyyyyyyyyyyyyyyyyyyyyyyyyyyyyyyyyyyyyyyyyyyyyyyyyyyyyyyyyyyyyyyyyyyyyyyyyyyyyyyyyyyyyyyyyyyyyyyyyyyyyyyyyyyyyyyyyyyy'),(76,77,'yyyyyyyyyyyyyyyyyyyyyyyyyyyyyyyyyyyyyyyyyyyyyyyyyyyyyyyyyyyyyyyyyyyyyyyyyyyyyyyyyyyyyyyyyyyyyyyyyyyyyyyyyyyyyyyyyyyyyyyyyyyyyyyyyyyyyyyyyyyyyyyyyyyyyyyyyyyyyyyyyyyyyyyyyyyyyyyyyyyyyyyyyyyyyyyyyyyyyyyy'),(77,78,'yyyyyyyyyyyyyyyyyyyyyyyyyyyyyyyyyyyyyyyyyyyyyyyyyyyyyyyyyyyyyyyyyyyyyyyyyyyyyyyyyyyyyyyyyyyyyyyyyyyyyyyyyyyyyyyyyyyyyyyyyyyyyyyyyyyyyyyyyyyyyyyyyyyyyyyyyyyyyyyyyyyyyyyyyyyyyyyyyyyyyyyyyyyyyyyyyyyyyyyy'),(78,79,'yyyyyyyyyyyyyyyyyyyyyyyyyyyyyyyyyyyyyyyyyyyyyyyyyyyyyyyyyyyyyyyyyyyyyyyyyyyyyyyyyyyyyyyyyyyyyyyyyyyyyyyyyyyyyyyyyyyyyyyyyyyyyyyyyyyyyyyyyyyyyyyyyyyyyyyyyyyyyyyyyyyyyyyyyyyyyyyyyyyyyyyyyyyyyyyyyyyyyyyy'),(79,80,'yyyyyyyyyyyyyyyyyyyyyyyyyyyyyyyyyyyyyyyyyyyyyyyyyyyyyyyyyyyyyyyyyyyyyyyyyyyyyyyyyyyyyyyyyyyyyyyyyyyyyyyyyyyyyyyyyyyyyyyyyyyyyyyyyyyyyyyyyyyyyyyyyyyyyyyyyyyyyyyyyyyyyyyyyyyyyyyyyyyyyyyyyyyyyyyyyyyyyyyy'),(80,81,'yyyyyyyyyyyyyyyyyyyyyyyyyyyyyyyyyyyyyyyyyyyyyyyyyyyyyyyyyyyyyyyyyyyyyyyyyyyyyyyyyyyyyyyyyyyyyyyyyyyyyyyyyyyyyyyyyyyyyyyyyyyyyyyyyyyyyyyyyyyyyyyyyyyyyyyyyyyyyyyyyyyyyyyyyyyyyyyyyyyyyyyyyyyyyyyyyyyyyyyy'),(81,82,'yyyyyyyyyyyyyyyyyyyyyyyyyyyyyyyyyyyyyyyyyyyyyyyyyyyyyyyyyyyyyyyyyyyyyyyyyyyyyyyyyyyyyyyyyyyyyyyyyyyyyyyyyyyyyyyyyyyyyyyyyyyyyyyyyyyyyyyyyyyyyyyyyyyyyyyyyyyyyyyyyyyyyyyyyyyyyyyyyyyyyyyyyyyyyyyyyyyyyyyy'),(82,83,'yyyyyyyyyyyyyyyyyyyyyyyyyyyyyyyyyyyyyyyyyyyyyyyyyyyyyyyyyyyyyyyyyyyyyyyyyyyyyyyyyyyyyyyyyyyyyyyyyyyyyyyyyyyyyyyyyyyyyyyyyyyyyyyyyyyyyyyyyyyyyyyyyyyyyyyyyyyyyyyyyyyyyyyyyyyyyyyyyyyyyyyyyyyyyyyyyyyyyyyy'),(83,84,'yyyyyyyyyyyyyyyyyyyyyyyyyyyyyyyyyyyyyyyyyyyyyyyyyyyyyyyyyyyyyyyyyyyyyyyyyyyyyyyyyyyyyyyyyyyyyyyyyyyyyyyyyyyyyyyyyyyyyyyyyyyyyyyyyyyyyyyyyyyyyyyyyyyyyyyyyyyyyyyyyyyyyyyyyyyyyyyyyyyyyyyyyyyyyyyyyyyyyyyy'),(84,85,'yyyyyyyyyyyyyyyyyyyyyyyyyyyyyyyyyyyyyyyyyyyyyyyyyyyyyyyyyyyyyyyyyyyyyyyyyyyyyyyyyyyyyyyyyyyyyyyyyyyyyyyyyyyyyyyyyyyyyyyyyyyyyyyyyyyyyyyyyyyyyyyyyyyyyyyyyyyyyyyyyyyyyyyyyyyyyyyyyyyyyyyyyyyyyyyyyyyyyyyy'),(85,86,'yyyyyyyyyyyyyyyyyyyyyyyyyyyyyyyyyyyyyyyyyyyyyyyyyyyyyyyyyyyyyyyyyyyyyyyyyyyyyyyyyyyyyyyyyyyyyyyyyyyyyyyyyyyyyyyyyyyyyyyyyyyyyyyyyyyyyyyyyyyyyyyyyyyyyyyyyyyyyyyyyyyyyyyyyyyyyyyyyyyyyyyyyyyyyyyyyyyyyyyy'),(86,87,'yyyyyyyyyyyyyyyyyyyyyyyyyyyyyyyyyyyyyyyyyyyyyyyyyyyyyyyyyyyyyyyyyyyyyyyyyyyyyyyyyyyyyyyyyyyyyyyyyyyyyyyyyyyyyyyyyyyyyyyyyyyyyyyyyyyyyyyyyyyyyyyyyyyyyyyyyyyyyyyyyyyyyyyyyyyyyyyyyyyyyyyyyyyyyyyyyyyyyyyy'),(87,88,'yyyyyyyyyyyyyyyyyyyyyyyyyyyyyyyyyyyyyyyyyyyyyyyyyyyyyyyyyyyyyyyyyyyyyyyyyyyyyyyyyyyyyyyyyyyyyyyyyyyyyyyyyyyyyyyyyyyyyyyyyyyyyyyyyyyyyyyyyyyyyyyyyyyyyyyyyyyyyyyyyyyyyyyyyyyyyyyyyyyyyyyyyyyyyyyyyyyyyyyy'),(88,89,'yyyyyyyyyyyyyyyyyyyyyyyyyyyyyyyyyyyyyyyyyyyyyyyyyyyyyyyyyyyyyyyyyyyyyyyyyyyyyyyyyyyyyyyyyyyyyyyyyyyyyyyyyyyyyyyyyyyyyyyyyyyyyyyyyyyyyyyyyyyyyyyyyyyyyyyyyyyyyyyyyyyyyyyyyyyyyyyyyyyyyyyyyyyyyyyyyyyyyyyy'),(89,90,'yyyyyyyyyyyyyyyyyyyyyyyyyyyyyyyyyyyyyyyyyyyyyyyyyyyyyyyyyyyyyyyyyyyyyyyyyyyyyyyyyyyyyyyyyyyyyyyyyyyyyyyyyyyyyyyyyyyyyyyyyyyyyyyyyyyyyyyyyyyyyyyyyyyyyyyyyyyyyyyyyyyyyyyyyyyyyyyyyyyyyyyyyyyyyyyyyyyyyyyy'),(90,91,'yyyyyyyyyyyyyyyyyyyyyyyyyyyyyyyyyyyyyyyyyyyyyyyyyyyyyyyyyyyyyyyyyyyyyyyyyyyyyyyyyyyyyyyyyyyyyyyyyyyyyyyyyyyyyyyyyyyyyyyyyyyyyyyyyyyyyyyyyyyyyyyyyyyyyyyyyyyyyyyyyyyyyyyyyyyyyyyyyyyyyyyyyyyyyyyyyyyyyyyy'),(91,92,'yyyyyyyyyyyyyyyyyyyyyyyyyyyyyyyyyyyyyyyyyyyyyyyyyyyyyyyyyyyyyyyyyyyyyyyyyyyyyyyyyyyyyyyyyyyyyyyyyyyyyyyyyyyyyyyyyyyyyyyyyyyyyyyyyyyyyyyyyyyyyyyyyyyyyyyyyyyyyyyyyyyyyyyyyyyyyyyyyyyyyyyyyyyyyyyyyyyyyyyy'),(92,93,'yyyyyyyyyyyyyyyyyyyyyyyyyyyyyyyyyyyyyyyyyyyyyyyyyyyyyyyyyyyyyyyyyyyyyyyyyyyyyyyyyyyyyyyyyyyyyyyyyyyyyyyyyyyyyyyyyyyyyyyyyyyyyyyyyyyyyyyyyyyyyyyyyyyyyyyyyyyyyyyyyyyyyyyyyyyyyyyyyyyyyyyyyyyyyyyyyyyyyyyy'),(93,94,'yyyyyyyyyyyyyyyyyyyyyyyyyyyyyyyyyyyyyyyyyyyyyyyyyyyyyyyyyyyyyyyyyyyyyyyyyyyyyyyyyyyyyyyyyyyyyyyyyyyyyyyyyyyyyyyyyyyyyyyyyyyyyyyyyyyyyyyyyyyyyyyyyyyyyyyyyyyyyyyyyyyyyyyyyyyyyyyyyyyyyyyyyyyyyyyyyyyyyyyy'),(94,95,'yyyyyyyyyyyyyyyyyyyyyyyyyyyyyyyyyyyyyyyyyyyyyyyyyyyyyyyyyyyyyyyyyyyyyyyyyyyyyyyyyyyyyyyyyyyyyyyyyyyyyyyyyyyyyyyyyyyyyyyyyyyyyyyyyyyyyyyyyyyyyyyyyyyyyyyyyyyyyyyyyyyyyyyyyyyyyyyyyyyyyyyyyyyyyyyyyyyyyyyy'),(95,96,'yyyyyyyyyyyyyyyyyyyyyyyyyyyyyyyyyyyyyyyyyyyyyyyyyyyyyyyyyyyyyyyyyyyyyyyyyyyyyyyyyyyyyyyyyyyyyyyyyyyyyyyyyyyyyyyyyyyyyyyyyyyyyyyyyyyyyyyyyyyyyyyyyyyyyyyyyyyyyyyyyyyyyyyyyyyyyyyyyyyyyyyyyyyyyyyyyyyyyyyy'),(96,97,'yyyyyyyyyyyyyyyyyyyyyyyyyyyyyyyyyyyyyyyyyyyyyyyyyyyyyyyyyyyyyyyyyyyyyyyyyyyyyyyyyyyyyyyyyyyyyyyyyyyyyyyyyyyyyyyyyyyyyyyyyyyyyyyyyyyyyyyyyyyyyyyyyyyyyyyyyyyyyyyyyyyyyyyyyyyyyyyyyyyyyyyyyyyyyyyyyyyyyyyy'),(97,98,'yyyyyyyyyyyyyyyyyyyyyyyyyyyyyyyyyyyyyyyyyyyyyyyyyyyyyyyyyyyyyyyyyyyyyyyyyyyyyyyyyyyyyyyyyyyyyyyyyyyyyyyyyyyyyyyyyyyyyyyyyyyyyyyyyyyyyyyyyyyyyyyyyyyyyyyyyyyyyyyyyyyyyyyyyyyyyyyyyyyyyyyyyyyyyyyyyyyyyyyy'),(98,99,'yyyyyyyyyyyyyyyyyyyyyyyyyyyyyyyyyyyyyyyyyyyyyyyyyyyyyyyyyyyyyyyyyyyyyyyyyyyyyyyyyyyyyyyyyyyyyyyyyyyyyyyyyyyyyyyyyyyyyyyyyyyyyyyyyyyyyyyyyyyyyyyyyyyyyyyyyyyyyyyyyyyyyyyyyyyyyyyyyyyyyyyyyyyyyyyyyyyyyyyy'),(99,100,'yyyyyyyyyyyyyyyyyyyyyyyyyyyyyyyyyyyyyyyyyyyyyyyyyyyyyyyyyyyyyyyyyyyyyyyyyyyyyyyyyyyyyyyyyyyyyyyyyyyyyyyyyyyyyyyyyyyyyyyyyyyyyyyyyyyyyyyyyyyyyyyyyyyyyyyyyyyyyyyyyyyyyyyyyyyyyyyyyyyyyyyyyyyyyyyyyyyyyyyy'),(100,98,'xxxxxxxxxxxxxxxxxxxxxxxxxxxxxxxxxxxxxxxxxxxxxxxxxxxxxxxxxxxxxxxxxxxxxxxxxxxxxxxxxxxxxxxxxxxxxxxxxxxxxxxxxxxxxxxxxxxxxxxxxxxxxxxxxxxxxxxxxxxxxxxxxxxxxxxxxxxxxxxxxxxxxxxxxxxxxxxxxxxxxxxxxxxxxxxxxxxxxxxx'),(101,-1,'xxxxxxxxxxxxxxxxxxxxxxxxxxxxxxxxxxxxxxxxxxxxxxxxxxxxxxxxxxxxxxxxxxxxxxxxxxxxxxxxxxxxxxxxxxxxxxxxxxxxxxxxxxxxxxxxxxxxxxxxxxxxxxxxxxxxxxxxxxxxxxxxxxxxxxxxxxxxxxxxxxxxxxxxxxxxxxxxxxxxxxxxxxxxxxxxxxxxxxxx'),(102,0,'xxxxxxxxxxxxxxxxxxxxxxxxxxxxxxxxxxxxxxxxxxxxxxxxxxxxxxxxxxxxxxxxxxxxxxxxxxxxxxxxxxxxxxxxxxxxxxxxxxxxxxxxxxxxxxxxxxxxxxxxxxxxxxxxxxxxxxxxxxxxxxxxxxxxxxxxxxxxxxxxxxxxxxxxxxxxxxxxxxxxxxxxxxxxxxxxxxxxxxxx'),(103,1,'xxxxxxxxxxxxxxxxxxxxxxxxxxxxxxxxxxxxxxxxxxxxxxxxxxxxxxxxxxxxxxxxxxxxxxxxxxxxxxxxxxxxxxxxxxxxxxxxxxxxxxxxxxxxxxxxxxxxxxxxxxxxxxxxxxxxxxxxxxxxxxxxxxxxxxxxxxxxxxxxxxxxxxxxxxxxxxxxxxxxxxxxxxxxxxxxxxxxxxxx'),(104,2,'xxxxxxxxxxxxxxxxxxxxxxxxxxxxxxxxxxxxxxxxxxxxxxxxxxxxxxxxxxxxxxxxxxxxxxxxxxxxxxxxxxxxxxxxxxxxxxxxxxxxxxxxxxxxxxxxxxxxxxxxxxxxxxxxxxxxxxxxxxxxxxxxxxxxxxxxxxxxxxxxxxxxxxxxxxxxxxxxxxxxxxxxxxxxxxxxxxxxxxxx'),(105,3,'xxxxxxxxxxxxxxxxxxxxxxxxxxxxxxxxxxxxxxxxxxxxxxxxxxxxxxxxxxxxxxxxxxxxxxxxxxxxxxxxxxxxxxxxxxxxxxxxxxxxxxxxxxxxxxxxxxxxxxxxxxxxxxxxxxxxxxxxxxxxxxxxxxxxxxxxxxxxxxxxxxxxxxxxxxxxxxxxxxxxxxxxxxxxxxxxxxxxxxxx'),(106,4,'xxxxxxxxxxxxxxxxxxxxxxxxxxxxxxxxxxxxxxxxxxxxxxxxxxxxxxxxxxxxxxxxxxxxxxxxxxxxxxxxxxxxxxxxxxxxxxxxxxxxxxxxxxxxxxxxxxxxxxxxxxxxxxxxxxxxxxxxxxxxxxxxxxxxxxxxxxxxxxxxxxxxxxxxxxxxxxxxxxxxxxxxxxxxxxxxxxxxxxxx'),(107,5,'xxxxxxxxxxxxxxxxxxxxxxxxxxxxxxxxxxxxxxxxxxxxxxxxxxxxxxxxxxxxxxxxxxxxxxxxxxxxxxxxxxxxxxxxxxxxxxxxxxxxxxxxxxxxxxxxxxxxxxxxxxxxxxxxxxxxxxxxxxxxxxxxxxxxxxxxxxxxxxxxxxxxxxxxxxxxxxxxxxxxxxxxxxxxxxxxxxxxxxxx'),(108,6,'xxxxxxxxxxxxxxxxxxxxxxxxxxxxxxxxxxxxxxxxxxxxxxxxxxxxxxxxxxxxxxxxxxxxxxxxxxxxxxxxxxxxxxxxxxxxxxxxxxxxxxxxxxxxxxxxxxxxxxxxxxxxxxxxxxxxxxxxxxxxxxxxxxxxxxxxxxxxxxxxxxxxxxxxxxxxxxxxxxxxxxxxxxxxxxxxxxxxxxxx'),(109,7,'xxxxxxxxxxxxxxxxxxxxxxxxxxxxxxxxxxxxxxxxxxxxxxxxxxxxxxxxxxxxxxxxxxxxxxxxxxxxxxxxxxxxxxxxxxxxxxxxxxxxxxxxxxxxxxxxxxxxxxxxxxxxxxxxxxxxxxxxxxxxxxxxxxxxxxxxxxxxxxxxxxxxxxxxxxxxxxxxxxxxxxxxxxxxxxxxxxxxxxxx'),(110,8,'xxxxxxxxxxxxxxxxxxxxxxxxxxxxxxxxxxxxxxxxxxxxxxxxxxxxxxxxxxxxxxxxxxxxxxxxxxxxxxxxxxxxxxxxxxxxxxxxxxxxxxxxxxxxxxxxxxxxxxxxxxxxxxxxxxxxxxxxxxxxxxxxxxxxxxxxxxxxxxxxxxxxxxxxxxxxxxxxxxxxxxxxxxxxxxxxxxxxxxxx'),(111,9,'xxxxxxxxxxxxxxxxxxxxxxxxxxxxxxxxxxxxxxxxxxxxxxxxxxxxxxxxxxxxxxxxxxxxxxxxxxxxxxxxxxxxxxxxxxxxxxxxxxxxxxxxxxxxxxxxxxxxxxxxxxxxxxxxxxxxxxxxxxxxxxxxxxxxxxxxxxxxxxxxxxxxxxxxxxxxxxxxxxxxxxxxxxxxxxxxxxxxxxxx'),(112,10,'xxxxxxxxxxxxxxxxxxxxxxxxxxxxxxxxxxxxxxxxxxxxxxxxxxxxxxxxxxxxxxxxxxxxxxxxxxxxxxxxxxxxxxxxxxxxxxxxxxxxxxxxxxxxxxxxxxxxxxxxxxxxxxxxxxxxxxxxxxxxxxxxxxxxxxxxxxxxxxxxxxxxxxxxxxxxxxxxxxxxxxxxxxxxxxxxxxxxxxxx'),(113,11,'xxxxxxxxxxxxxxxxxxxxxxxxxxxxxxxxxxxxxxxxxxxxxxxxxxxxxxxxxxxxxxxxxxxxxxxxxxxxxxxxxxxxxxxxxxxxxxxxxxxxxxxxxxxxxxxxxxxxxxxxxxxxxxxxxxxxxxxxxxxxxxxxxxxxxxxxxxxxxxxxxxxxxxxxxxxxxxxxxxxxxxxxxxxxxxxxxxxxxxxx'),(114,12,'xxxxxxxxxxxxxxxxxxxxxxxxxxxxxxxxxxxxxxxxxxxxxxxxxxxxxxxxxxxxxxxxxxxxxxxxxxxxxxxxxxxxxxxxxxxxxxxxxxxxxxxxxxxxxxxxxxxxxxxxxxxxxxxxxxxxxxxxxxxxxxxxxxxxxxxxxxxxxxxxxxxxxxxxxxxxxxxxxxxxxxxxxxxxxxxxxxxxxxxx'),(115,13,'xxxxxxxxxxxxxxxxxxxxxxxxxxxxxxxxxxxxxxxxxxxxxxxxxxxxxxxxxxxxxxxxxxxxxxxxxxxxxxxxxxxxxxxxxxxxxxxxxxxxxxxxxxxxxxxxxxxxxxxxxxxxxxxxxxxxxxxxxxxxxxxxxxxxxxxxxxxxxxxxxxxxxxxxxxxxxxxxxxxxxxxxxxxxxxxxxxxxxxxx'),(116,14,'xxxxxxxxxxxxxxxxxxxxxxxxxxxxxxxxxxxxxxxxxxxxxxxxxxxxxxxxxxxxxxxxxxxxxxxxxxxxxxxxxxxxxxxxxxxxxxxxxxxxxxxxxxxxxxxxxxxxxxxxxxxxxxxxxxxxxxxxxxxxxxxxxxxxxxxxxxxxxxxxxxxxxxxxxxxxxxxxxxxxxxxxxxxxxxxxxxxxxxxx'),(117,15,'xxxxxxxxxxxxxxxxxxxxxxxxxxxxxxxxxxxxxxxxxxxxxxxxxxxxxxxxxxxxxxxxxxxxxxxxxxxxxxxxxxxxxxxxxxxxxxxxxxxxxxxxxxxxxxxxxxxxxxxxxxxxxxxxxxxxxxxxxxxxxxxxxxxxxxxxxxxxxxxxxxxxxxxxxxxxxxxxxxxxxxxxxxxxxxxxxxxxxxxx'),(118,16,'xxxxxxxxxxxxxxxxxxxxxxxxxxxxxxxxxxxxxxxxxxxxxxxxxxxxxxxxxxxxxxxxxxxxxxxxxxxxxxxxxxxxxxxxxxxxxxxxxxxxxxxxxxxxxxxxxxxxxxxxxxxxxxxxxxxxxxxxxxxxxxxxxxxxxxxxxxxxxxxxxxxxxxxxxxxxxxxxxxxxxxxxxxxxxxxxxxxxxxxx'),(119,17,'xxxxxxxxxxxxxxxxxxxxxxxxxxxxxxxxxxxxxxxxxxxxxxxxxxxxxxxxxxxxxxxxxxxxxxxxxxxxxxxxxxxxxxxxxxxxxxxxxxxxxxxxxxxxxxxxxxxxxxxxxxxxxxxxxxxxxxxxxxxxxxxxxxxxxxxxxxxxxxxxxxxxxxxxxxxxxxxxxxxxxxxxxxxxxxxxxxxxxxxx'),(120,18,'xxxxxxxxxxxxxxxxxxxxxxxxxxxxxxxxxxxxxxxxxxxxxxxxxxxxxxxxxxxxxxxxxxxxxxxxxxxxxxxxxxxxxxxxxxxxxxxxxxxxxxxxxxxxxxxxxxxxxxxxxxxxxxxxxxxxxxxxxxxxxxxxxxxxxxxxxxxxxxxxxxxxxxxxxxxxxxxxxxxxxxxxxxxxxxxxxxxxxxxx'),(121,19,'xxxxxxxxxxxxxxxxxxxxxxxxxxxxxxxxxxxxxxxxxxxxxxxxxxxxxxxxxxxxxxxxxxxxxxxxxxxxxxxxxxxxxxxxxxxxxxxxxxxxxxxxxxxxxxxxxxxxxxxxxxxxxxxxxxxxxxxxxxxxxxxxxxxxxxxxxxxxxxxxxxxxxxxxxxxxxxxxxxxxxxxxxxxxxxxxxxxxxxxx'),(122,20,'xxxxxxxxxxxxxxxxxxxxxxxxxxxxxxxxxxxxxxxxxxxxxxxxxxxxxxxxxxxxxxxxxxxxxxxxxxxxxxxxxxxxxxxxxxxxxxxxxxxxxxxxxxxxxxxxxxxxxxxxxxxxxxxxxxxxxxxxxxxxxxxxxxxxxxxxxxxxxxxxxxxxxxxxxxxxxxxxxxxxxxxxxxxxxxxxxxxxxxxx'),(123,21,'xxxxxxxxxxxxxxxxxxxxxxxxxxxxxxxxxxxxxxxxxxxxxxxxxxxxxxxxxxxxxxxxxxxxxxxxxxxxxxxxxxxxxxxxxxxxxxxxxxxxxxxxxxxxxxxxxxxxxxxxxxxxxxxxxxxxxxxxxxxxxxxxxxxxxxxxxxxxxxxxxxxxxxxxxxxxxxxxxxxxxxxxxxxxxxxxxxxxxxxx'),(124,22,'xxxxxxxxxxxxxxxxxxxxxxxxxxxxxxxxxxxxxxxxxxxxxxxxxxxxxxxxxxxxxxxxxxxxxxxxxxxxxxxxxxxxxxxxxxxxxxxxxxxxxxxxxxxxxxxxxxxxxxxxxxxxxxxxxxxxxxxxxxxxxxxxxxxxxxxxxxxxxxxxxxxxxxxxxxxxxxxxxxxxxxxxxxxxxxxxxxxxxxxx'),(125,23,'xxxxxxxxxxxxxxxxxxxxxxxxxxxxxxxxxxxxxxxxxxxxxxxxxxxxxxxxxxxxxxxxxxxxxxxxxxxxxxxxxxxxxxxxxxxxxxxxxxxxxxxxxxxxxxxxxxxxxxxxxxxxxxxxxxxxxxxxxxxxxxxxxxxxxxxxxxxxxxxxxxxxxxxxxxxxxxxxxxxxxxxxxxxxxxxxxxxxxxxx'),(126,24,'xxxxxxxxxxxxxxxxxxxxxxxxxxxxxxxxxxxxxxxxxxxxxxxxxxxxxxxxxxxxxxxxxxxxxxxxxxxxxxxxxxxxxxxxxxxxxxxxxxxxxxxxxxxxxxxxxxxxxxxxxxxxxxxxxxxxxxxxxxxxxxxxxxxxxxxxxxxxxxxxxxxxxxxxxxxxxxxxxxxxxxxxxxxxxxxxxxxxxxxx'),(127,25,'xxxxxxxxxxxxxxxxxxxxxxxxxxxxxxxxxxxxxxxxxxxxxxxxxxxxxxxxxxxxxxxxxxxxxxxxxxxxxxxxxxxxxxxxxxxxxxxxxxxxxxxxxxxxxxxxxxxxxxxxxxxxxxxxxxxxxxxxxxxxxxxxxxxxxxxxxxxxxxxxxxxxxxxxxxxxxxxxxxxxxxxxxxxxxxxxxxxxxxxx'),(128,26,'xxxxxxxxxxxxxxxxxxxxxxxxxxxxxxxxxxxxxxxxxxxxxxxxxxxxxxxxxxxxxxxxxxxxxxxxxxxxxxxxxxxxxxxxxxxxxxxxxxxxxxxxxxxxxxxxxxxxxxxxxxxxxxxxxxxxxxxxxxxxxxxxxxxxxxxxxxxxxxxxxxxxxxxxxxxxxxxxxxxxxxxxxxxxxxxxxxxxxxxx'),(129,27,'xxxxxxxxxxxxxxxxxxxxxxxxxxxxxxxxxxxxxxxxxxxxxxxxxxxxxxxxxxxxxxxxxxxxxxxxxxxxxxxxxxxxxxxxxxxxxxxxxxxxxxxxxxxxxxxxxxxxxxxxxxxxxxxxxxxxxxxxxxxxxxxxxxxxxxxxxxxxxxxxxxxxxxxxxxxxxxxxxxxxxxxxxxxxxxxxxxxxxxxx'),(130,28,'xxxxxxxxxxxxxxxxxxxxxxxxxxxxxxxxxxxxxxxxxxxxxxxxxxxxxxxxxxxxxxxxxxxxxxxxxxxxxxxxxxxxxxxxxxxxxxxxxxxxxxxxxxxxxxxxxxxxxxxxxxxxxxxxxxxxxxxxxxxxxxxxxxxxxxxxxxxxxxxxxxxxxxxxxxxxxxxxxxxxxxxxxxxxxxxxxxxxxxxx'),(131,29,'xxxxxxxxxxxxxxxxxxxxxxxxxxxxxxxxxxxxxxxxxxxxxxxxxxxxxxxxxxxxxxxxxxxxxxxxxxxxxxxxxxxxxxxxxxxxxxxxxxxxxxxxxxxxxxxxxxxxxxxxxxxxxxxxxxxxxxxxxxxxxxxxxxxxxxxxxxxxxxxxxxxxxxxxxxxxxxxxxxxxxxxxxxxxxxxxxxxxxxxx'),(132,30,'xxxxxxxxxxxxxxxxxxxxxxxxxxxxxxxxxxxxxxxxxxxxxxxxxxxxxxxxxxxxxxxxxxxxxxxxxxxxxxxxxxxxxxxxxxxxxxxxxxxxxxxxxxxxxxxxxxxxxxxxxxxxxxxxxxxxxxxxxxxxxxxxxxxxxxxxxxxxxxxxxxxxxxxxxxxxxxxxxxxxxxxxxxxxxxxxxxxxxxxx'),(133,31,'xxxxxxxxxxxxxxxxxxxxxxxxxxxxxxxxxxxxxxxxxxxxxxxxxxxxxxxxxxxxxxxxxxxxxxxxxxxxxxxxxxxxxxxxxxxxxxxxxxxxxxxxxxxxxxxxxxxxxxxxxxxxxxxxxxxxxxxxxxxxxxxxxxxxxxxxxxxxxxxxxxxxxxxxxxxxxxxxxxxxxxxxxxxxxxxxxxxxxxxx'),(134,32,'xxxxxxxxxxxxxxxxxxxxxxxxxxxxxxxxxxxxxxxxxxxxxxxxxxxxxxxxxxxxxxxxxxxxxxxxxxxxxxxxxxxxxxxxxxxxxxxxxxxxxxxxxxxxxxxxxxxxxxxxxxxxxxxxxxxxxxxxxxxxxxxxxxxxxxxxxxxxxxxxxxxxxxxxxxxxxxxxxxxxxxxxxxxxxxxxxxxxxxxx'),(135,33,'xxxxxxxxxxxxxxxxxxxxxxxxxxxxxxxxxxxxxxxxxxxxxxxxxxxxxxxxxxxxxxxxxxxxxxxxxxxxxxxxxxxxxxxxxxxxxxxxxxxxxxxxxxxxxxxxxxxxxxxxxxxxxxxxxxxxxxxxxxxxxxxxxxxxxxxxxxxxxxxxxxxxxxxxxxxxxxxxxxxxxxxxxxxxxxxxxxxxxxxx'),(136,34,'xxxxxxxxxxxxxxxxxxxxxxxxxxxxxxxxxxxxxxxxxxxxxxxxxxxxxxxxxxxxxxxxxxxxxxxxxxxxxxxxxxxxxxxxxxxxxxxxxxxxxxxxxxxxxxxxxxxxxxxxxxxxxxxxxxxxxxxxxxxxxxxxxxxxxxxxxxxxxxxxxxxxxxxxxxxxxxxxxxxxxxxxxxxxxxxxxxxxxxxx'),(137,35,'xxxxxxxxxxxxxxxxxxxxxxxxxxxxxxxxxxxxxxxxxxxxxxxxxxxxxxxxxxxxxxxxxxxxxxxxxxxxxxxxxxxxxxxxxxxxxxxxxxxxxxxxxxxxxxxxxxxxxxxxxxxxxxxxxxxxxxxxxxxxxxxxxxxxxxxxxxxxxxxxxxxxxxxxxxxxxxxxxxxxxxxxxxxxxxxxxxxxxxxx'),(138,36,'xxxxxxxxxxxxxxxxxxxxxxxxxxxxxxxxxxxxxxxxxxxxxxxxxxxxxxxxxxxxxxxxxxxxxxxxxxxxxxxxxxxxxxxxxxxxxxxxxxxxxxxxxxxxxxxxxxxxxxxxxxxxxxxxxxxxxxxxxxxxxxxxxxxxxxxxxxxxxxxxxxxxxxxxxxxxxxxxxxxxxxxxxxxxxxxxxxxxxxxx'),(139,37,'xxxxxxxxxxxxxxxxxxxxxxxxxxxxxxxxxxxxxxxxxxxxxxxxxxxxxxxxxxxxxxxxxxxxxxxxxxxxxxxxxxxxxxxxxxxxxxxxxxxxxxxxxxxxxxxxxxxxxxxxxxxxxxxxxxxxxxxxxxxxxxxxxxxxxxxxxxxxxxxxxxxxxxxxxxxxxxxxxxxxxxxxxxxxxxxxxxxxxxxx'),(140,38,'xxxxxxxxxxxxxxxxxxxxxxxxxxxxxxxxxxxxxxxxxxxxxxxxxxxxxxxxxxxxxxxxxxxxxxxxxxxxxxxxxxxxxxxxxxxxxxxxxxxxxxxxxxxxxxxxxxxxxxxxxxxxxxxxxxxxxxxxxxxxxxxxxxxxxxxxxxxxxxxxxxxxxxxxxxxxxxxxxxxxxxxxxxxxxxxxxxxxxxxx'),(141,39,'xxxxxxxxxxxxxxxxxxxxxxxxxxxxxxxxxxxxxxxxxxxxxxxxxxxxxxxxxxxxxxxxxxxxxxxxxxxxxxxxxxxxxxxxxxxxxxxxxxxxxxxxxxxxxxxxxxxxxxxxxxxxxxxxxxxxxxxxxxxxxxxxxxxxxxxxxxxxxxxxxxxxxxxxxxxxxxxxxxxxxxxxxxxxxxxxxxxxxxxx'),(142,40,'xxxxxxxxxxxxxxxxxxxxxxxxxxxxxxxxxxxxxxxxxxxxxxxxxxxxxxxxxxxxxxxxxxxxxxxxxxxxxxxxxxxxxxxxxxxxxxxxxxxxxxxxxxxxxxxxxxxxxxxxxxxxxxxxxxxxxxxxxxxxxxxxxxxxxxxxxxxxxxxxxxxxxxxxxxxxxxxxxxxxxxxxxxxxxxxxxxxxxxxx'),(143,41,'xxxxxxxxxxxxxxxxxxxxxxxxxxxxxxxxxxxxxxxxxxxxxxxxxxxxxxxxxxxxxxxxxxxxxxxxxxxxxxxxxxxxxxxxxxxxxxxxxxxxxxxxxxxxxxxxxxxxxxxxxxxxxxxxxxxxxxxxxxxxxxxxxxxxxxxxxxxxxxxxxxxxxxxxxxxxxxxxxxxxxxxxxxxxxxxxxxxxxxxx'),(144,42,'xxxxxxxxxxxxxxxxxxxxxxxxxxxxxxxxxxxxxxxxxxxxxxxxxxxxxxxxxxxxxxxxxxxxxxxxxxxxxxxxxxxxxxxxxxxxxxxxxxxxxxxxxxxxxxxxxxxxxxxxxxxxxxxxxxxxxxxxxxxxxxxxxxxxxxxxxxxxxxxxxxxxxxxxxxxxxxxxxxxxxxxxxxxxxxxxxxxxxxxx'),(145,43,'xxxxxxxxxxxxxxxxxxxxxxxxxxxxxxxxxxxxxxxxxxxxxxxxxxxxxxxxxxxxxxxxxxxxxxxxxxxxxxxxxxxxxxxxxxxxxxxxxxxxxxxxxxxxxxxxxxxxxxxxxxxxxxxxxxxxxxxxxxxxxxxxxxxxxxxxxxxxxxxxxxxxxxxxxxxxxxxxxxxxxxxxxxxxxxxxxxxxxxxx'),(146,44,'xxxxxxxxxxxxxxxxxxxxxxxxxxxxxxxxxxxxxxxxxxxxxxxxxxxxxxxxxxxxxxxxxxxxxxxxxxxxxxxxxxxxxxxxxxxxxxxxxxxxxxxxxxxxxxxxxxxxxxxxxxxxxxxxxxxxxxxxxxxxxxxxxxxxxxxxxxxxxxxxxxxxxxxxxxxxxxxxxxxxxxxxxxxxxxxxxxxxxxxx'),(147,45,'xxxxxxxxxxxxxxxxxxxxxxxxxxxxxxxxxxxxxxxxxxxxxxxxxxxxxxxxxxxxxxxxxxxxxxxxxxxxxxxxxxxxxxxxxxxxxxxxxxxxxxxxxxxxxxxxxxxxxxxxxxxxxxxxxxxxxxxxxxxxxxxxxxxxxxxxxxxxxxxxxxxxxxxxxxxxxxxxxxxxxxxxxxxxxxxxxxxxxxxx'),(148,46,'xxxxxxxxxxxxxxxxxxxxxxxxxxxxxxxxxxxxxxxxxxxxxxxxxxxxxxxxxxxxxxxxxxxxxxxxxxxxxxxxxxxxxxxxxxxxxxxxxxxxxxxxxxxxxxxxxxxxxxxxxxxxxxxxxxxxxxxxxxxxxxxxxxxxxxxxxxxxxxxxxxxxxxxxxxxxxxxxxxxxxxxxxxxxxxxxxxxxxxxx'),(149,47,'xxxxxxxxxxxxxxxxxxxxxxxxxxxxxxxxxxxxxxxxxxxxxxxxxxxxxxxxxxxxxxxxxxxxxxxxxxxxxxxxxxxxxxxxxxxxxxxxxxxxxxxxxxxxxxxxxxxxxxxxxxxxxxxxxxxxxxxxxxxxxxxxxxxxxxxxxxxxxxxxxxxxxxxxxxxxxxxxxxxxxxxxxxxxxxxxxxxxxxxx'),(150,48,'xxxxxxxxxxxxxxxxxxxxxxxxxxxxxxxxxxxxxxxxxxxxxxxxxxxxxxxxxxxxxxxxxxxxxxxxxxxxxxxxxxxxxxxxxxxxxxxxxxxxxxxxxxxxxxxxxxxxxxxxxxxxxxxxxxxxxxxxxxxxxxxxxxxxxxxxxxxxxxxxxxxxxxxxxxxxxxxxxxxxxxxxxxxxxxxxxxxxxxxx'),(151,49,'xxxxxxxxxxxxxxxxxxxxxxxxxxxxxxxxxxxxxxxxxxxxxxxxxxxxxxxxxxxxxxxxxxxxxxxxxxxxxxxxxxxxxxxxxxxxxxxxxxxxxxxxxxxxxxxxxxxxxxxxxxxxxxxxxxxxxxxxxxxxxxxxxxxxxxxxxxxxxxxxxxxxxxxxxxxxxxxxxxxxxxxxxxxxxxxxxxxxxxxx'),(152,50,'xxxxxxxxxxxxxxxxxxxxxxxxxxxxxxxxxxxxxxxxxxxxxxxxxxxxxxxxxxxxxxxxxxxxxxxxxxxxxxxxxxxxxxxxxxxxxxxxxxxxxxxxxxxxxxxxxxxxxxxxxxxxxxxxxxxxxxxxxxxxxxxxxxxxxxxxxxxxxxxxxxxxxxxxxxxxxxxxxxxxxxxxxxxxxxxxxxxxxxxx'),(153,51,'xxxxxxxxxxxxxxxxxxxxxxxxxxxxxxxxxxxxxxxxxxxxxxxxxxxxxxxxxxxxxxxxxxxxxxxxxxxxxxxxxxxxxxxxxxxxxxxxxxxxxxxxxxxxxxxxxxxxxxxxxxxxxxxxxxxxxxxxxxxxxxxxxxxxxxxxxxxxxxxxxxxxxxxxxxxxxxxxxxxxxxxxxxxxxxxxxxxxxxxx'),(154,52,'xxxxxxxxxxxxxxxxxxxxxxxxxxxxxxxxxxxxxxxxxxxxxxxxxxxxxxxxxxxxxxxxxxxxxxxxxxxxxxxxxxxxxxxxxxxxxxxxxxxxxxxxxxxxxxxxxxxxxxxxxxxxxxxxxxxxxxxxxxxxxxxxxxxxxxxxxxxxxxxxxxxxxxxxxxxxxxxxxxxxxxxxxxxxxxxxxxxxxxxx'),(155,53,'xxxxxxxxxxxxxxxxxxxxxxxxxxxxxxxxxxxxxxxxxxxxxxxxxxxxxxxxxxxxxxxxxxxxxxxxxxxxxxxxxxxxxxxxxxxxxxxxxxxxxxxxxxxxxxxxxxxxxxxxxxxxxxxxxxxxxxxxxxxxxxxxxxxxxxxxxxxxxxxxxxxxxxxxxxxxxxxxxxxxxxxxxxxxxxxxxxxxxxxx'),(156,54,'xxxxxxxxxxxxxxxxxxxxxxxxxxxxxxxxxxxxxxxxxxxxxxxxxxxxxxxxxxxxxxxxxxxxxxxxxxxxxxxxxxxxxxxxxxxxxxxxxxxxxxxxxxxxxxxxxxxxxxxxxxxxxxxxxxxxxxxxxxxxxxxxxxxxxxxxxxxxxxxxxxxxxxxxxxxxxxxxxxxxxxxxxxxxxxxxxxxxxxxx'),(157,55,'xxxxxxxxxxxxxxxxxxxxxxxxxxxxxxxxxxxxxxxxxxxxxxxxxxxxxxxxxxxxxxxxxxxxxxxxxxxxxxxxxxxxxxxxxxxxxxxxxxxxxxxxxxxxxxxxxxxxxxxxxxxxxxxxxxxxxxxxxxxxxxxxxxxxxxxxxxxxxxxxxxxxxxxxxxxxxxxxxxxxxxxxxxxxxxxxxxxxxxxx'),(158,56,'xxxxxxxxxxxxxxxxxxxxxxxxxxxxxxxxxxxxxxxxxxxxxxxxxxxxxxxxxxxxxxxxxxxxxxxxxxxxxxxxxxxxxxxxxxxxxxxxxxxxxxxxxxxxxxxxxxxxxxxxxxxxxxxxxxxxxxxxxxxxxxxxxxxxxxxxxxxxxxxxxxxxxxxxxxxxxxxxxxxxxxxxxxxxxxxxxxxxxxxx'),(159,57,'xxxxxxxxxxxxxxxxxxxxxxxxxxxxxxxxxxxxxxxxxxxxxxxxxxxxxxxxxxxxxxxxxxxxxxxxxxxxxxxxxxxxxxxxxxxxxxxxxxxxxxxxxxxxxxxxxxxxxxxxxxxxxxxxxxxxxxxxxxxxxxxxxxxxxxxxxxxxxxxxxxxxxxxxxxxxxxxxxxxxxxxxxxxxxxxxxxxxxxxx'),(160,58,'xxxxxxxxxxxxxxxxxxxxxxxxxxxxxxxxxxxxxxxxxxxxxxxxxxxxxxxxxxxxxxxxxxxxxxxxxxxxxxxxxxxxxxxxxxxxxxxxxxxxxxxxxxxxxxxxxxxxxxxxxxxxxxxxxxxxxxxxxxxxxxxxxxxxxxxxxxxxxxxxxxxxxxxxxxxxxxxxxxxxxxxxxxxxxxxxxxxxxxxx'),(161,59,'xxxxxxxxxxxxxxxxxxxxxxxxxxxxxxxxxxxxxxxxxxxxxxxxxxxxxxxxxxxxxxxxxxxxxxxxxxxxxxxxxxxxxxxxxxxxxxxxxxxxxxxxxxxxxxxxxxxxxxxxxxxxxxxxxxxxxxxxxxxxxxxxxxxxxxxxxxxxxxxxxxxxxxxxxxxxxxxxxxxxxxxxxxxxxxxxxxxxxxxx'),(162,60,'xxxxxxxxxxxxxxxxxxxxxxxxxxxxxxxxxxxxxxxxxxxxxxxxxxxxxxxxxxxxxxxxxxxxxxxxxxxxxxxxxxxxxxxxxxxxxxxxxxxxxxxxxxxxxxxxxxxxxxxxxxxxxxxxxxxxxxxxxxxxxxxxxxxxxxxxxxxxxxxxxxxxxxxxxxxxxxxxxxxxxxxxxxxxxxxxxxxxxxxx'),(163,61,'xxxxxxxxxxxxxxxxxxxxxxxxxxxxxxxxxxxxxxxxxxxxxxxxxxxxxxxxxxxxxxxxxxxxxxxxxxxxxxxxxxxxxxxxxxxxxxxxxxxxxxxxxxxxxxxxxxxxxxxxxxxxxxxxxxxxxxxxxxxxxxxxxxxxxxxxxxxxxxxxxxxxxxxxxxxxxxxxxxxxxxxxxxxxxxxxxxxxxxxx'),(164,62,'xxxxxxxxxxxxxxxxxxxxxxxxxxxxxxxxxxxxxxxxxxxxxxxxxxxxxxxxxxxxxxxxxxxxxxxxxxxxxxxxxxxxxxxxxxxxxxxxxxxxxxxxxxxxxxxxxxxxxxxxxxxxxxxxxxxxxxxxxxxxxxxxxxxxxxxxxxxxxxxxxxxxxxxxxxxxxxxxxxxxxxxxxxxxxxxxxxxxxxxx'),(165,63,'xxxxxxxxxxxxxxxxxxxxxxxxxxxxxxxxxxxxxxxxxxxxxxxxxxxxxxxxxxxxxxxxxxxxxxxxxxxxxxxxxxxxxxxxxxxxxxxxxxxxxxxxxxxxxxxxxxxxxxxxxxxxxxxxxxxxxxxxxxxxxxxxxxxxxxxxxxxxxxxxxxxxxxxxxxxxxxxxxxxxxxxxxxxxxxxxxxxxxxxx'),(166,64,'xxxxxxxxxxxxxxxxxxxxxxxxxxxxxxxxxxxxxxxxxxxxxxxxxxxxxxxxxxxxxxxxxxxxxxxxxxxxxxxxxxxxxxxxxxxxxxxxxxxxxxxxxxxxxxxxxxxxxxxxxxxxxxxxxxxxxxxxxxxxxxxxxxxxxxxxxxxxxxxxxxxxxxxxxxxxxxxxxxxxxxxxxxxxxxxxxxxxxxxx'),(167,65,'xxxxxxxxxxxxxxxxxxxxxxxxxxxxxxxxxxxxxxxxxxxxxxxxxxxxxxxxxxxxxxxxxxxxxxxxxxxxxxxxxxxxxxxxxxxxxxxxxxxxxxxxxxxxxxxxxxxxxxxxxxxxxxxxxxxxxxxxxxxxxxxxxxxxxxxxxxxxxxxxxxxxxxxxxxxxxxxxxxxxxxxxxxxxxxxxxxxxxxxx'),(168,66,'xxxxxxxxxxxxxxxxxxxxxxxxxxxxxxxxxxxxxxxxxxxxxxxxxxxxxxxxxxxxxxxxxxxxxxxxxxxxxxxxxxxxxxxxxxxxxxxxxxxxxxxxxxxxxxxxxxxxxxxxxxxxxxxxxxxxxxxxxxxxxxxxxxxxxxxxxxxxxxxxxxxxxxxxxxxxxxxxxxxxxxxxxxxxxxxxxxxxxxxx'),(169,67,'xxxxxxxxxxxxxxxxxxxxxxxxxxxxxxxxxxxxxxxxxxxxxxxxxxxxxxxxxxxxxxxxxxxxxxxxxxxxxxxxxxxxxxxxxxxxxxxxxxxxxxxxxxxxxxxxxxxxxxxxxxxxxxxxxxxxxxxxxxxxxxxxxxxxxxxxxxxxxxxxxxxxxxxxxxxxxxxxxxxxxxxxxxxxxxxxxxxxxxxx'),(170,68,'xxxxxxxxxxxxxxxxxxxxxxxxxxxxxxxxxxxxxxxxxxxxxxxxxxxxxxxxxxxxxxxxxxxxxxxxxxxxxxxxxxxxxxxxxxxxxxxxxxxxxxxxxxxxxxxxxxxxxxxxxxxxxxxxxxxxxxxxxxxxxxxxxxxxxxxxxxxxxxxxxxxxxxxxxxxxxxxxxxxxxxxxxxxxxxxxxxxxxxxx'),(171,69,'xxxxxxxxxxxxxxxxxxxxxxxxxxxxxxxxxxxxxxxxxxxxxxxxxxxxxxxxxxxxxxxxxxxxxxxxxxxxxxxxxxxxxxxxxxxxxxxxxxxxxxxxxxxxxxxxxxxxxxxxxxxxxxxxxxxxxxxxxxxxxxxxxxxxxxxxxxxxxxxxxxxxxxxxxxxxxxxxxxxxxxxxxxxxxxxxxxxxxxxx'),(172,70,'xxxxxxxxxxxxxxxxxxxxxxxxxxxxxxxxxxxxxxxxxxxxxxxxxxxxxxxxxxxxxxxxxxxxxxxxxxxxxxxxxxxxxxxxxxxxxxxxxxxxxxxxxxxxxxxxxxxxxxxxxxxxxxxxxxxxxxxxxxxxxxxxxxxxxxxxxxxxxxxxxxxxxxxxxxxxxxxxxxxxxxxxxxxxxxxxxxxxxxxx'),(173,71,'xxxxxxxxxxxxxxxxxxxxxxxxxxxxxxxxxxxxxxxxxxxxxxxxxxxxxxxxxxxxxxxxxxxxxxxxxxxxxxxxxxxxxxxxxxxxxxxxxxxxxxxxxxxxxxxxxxxxxxxxxxxxxxxxxxxxxxxxxxxxxxxxxxxxxxxxxxxxxxxxxxxxxxxxxxxxxxxxxxxxxxxxxxxxxxxxxxxxxxxx'),(174,72,'xxxxxxxxxxxxxxxxxxxxxxxxxxxxxxxxxxxxxxxxxxxxxxxxxxxxxxxxxxxxxxxxxxxxxxxxxxxxxxxxxxxxxxxxxxxxxxxxxxxxxxxxxxxxxxxxxxxxxxxxxxxxxxxxxxxxxxxxxxxxxxxxxxxxxxxxxxxxxxxxxxxxxxxxxxxxxxxxxxxxxxxxxxxxxxxxxxxxxxxx'),(175,73,'xxxxxxxxxxxxxxxxxxxxxxxxxxxxxxxxxxxxxxxxxxxxxxxxxxxxxxxxxxxxxxxxxxxxxxxxxxxxxxxxxxxxxxxxxxxxxxxxxxxxxxxxxxxxxxxxxxxxxxxxxxxxxxxxxxxxxxxxxxxxxxxxxxxxxxxxxxxxxxxxxxxxxxxxxxxxxxxxxxxxxxxxxxxxxxxxxxxxxxxx'),(176,74,'xxxxxxxxxxxxxxxxxxxxxxxxxxxxxxxxxxxxxxxxxxxxxxxxxxxxxxxxxxxxxxxxxxxxxxxxxxxxxxxxxxxxxxxxxxxxxxxxxxxxxxxxxxxxxxxxxxxxxxxxxxxxxxxxxxxxxxxxxxxxxxxxxxxxxxxxxxxxxxxxxxxxxxxxxxxxxxxxxxxxxxxxxxxxxxxxxxxxxxxx'),(177,75,'xxxxxxxxxxxxxxxxxxxxxxxxxxxxxxxxxxxxxxxxxxxxxxxxxxxxxxxxxxxxxxxxxxxxxxxxxxxxxxxxxxxxxxxxxxxxxxxxxxxxxxxxxxxxxxxxxxxxxxxxxxxxxxxxxxxxxxxxxxxxxxxxxxxxxxxxxxxxxxxxxxxxxxxxxxxxxxxxxxxxxxxxxxxxxxxxxxxxxxxx'),(178,76,'xxxxxxxxxxxxxxxxxxxxxxxxxxxxxxxxxxxxxxxxxxxxxxxxxxxxxxxxxxxxxxxxxxxxxxxxxxxxxxxxxxxxxxxxxxxxxxxxxxxxxxxxxxxxxxxxxxxxxxxxxxxxxxxxxxxxxxxxxxxxxxxxxxxxxxxxxxxxxxxxxxxxxxxxxxxxxxxxxxxxxxxxxxxxxxxxxxxxxxxx'),(179,77,'xxxxxxxxxxxxxxxxxxxxxxxxxxxxxxxxxxxxxxxxxxxxxxxxxxxxxxxxxxxxxxxxxxxxxxxxxxxxxxxxxxxxxxxxxxxxxxxxxxxxxxxxxxxxxxxxxxxxxxxxxxxxxxxxxxxxxxxxxxxxxxxxxxxxxxxxxxxxxxxxxxxxxxxxxxxxxxxxxxxxxxxxxxxxxxxxxxxxxxxx'),(180,78,'xxxxxxxxxxxxxxxxxxxxxxxxxxxxxxxxxxxxxxxxxxxxxxxxxxxxxxxxxxxxxxxxxxxxxxxxxxxxxxxxxxxxxxxxxxxxxxxxxxxxxxxxxxxxxxxxxxxxxxxxxxxxxxxxxxxxxxxxxxxxxxxxxxxxxxxxxxxxxxxxxxxxxxxxxxxxxxxxxxxxxxxxxxxxxxxxxxxxxxxx'),(181,79,'xxxxxxxxxxxxxxxxxxxxxxxxxxxxxxxxxxxxxxxxxxxxxxxxxxxxxxxxxxxxxxxxxxxxxxxxxxxxxxxxxxxxxxxxxxxxxxxxxxxxxxxxxxxxxxxxxxxxxxxxxxxxxxxxxxxxxxxxxxxxxxxxxxxxxxxxxxxxxxxxxxxxxxxxxxxxxxxxxxxxxxxxxxxxxxxxxxxxxxxx'),(182,80,'xxxxxxxxxxxxxxxxxxxxxxxxxxxxxxxxxxxxxxxxxxxxxxxxxxxxxxxxxxxxxxxxxxxxxxxxxxxxxxxxxxxxxxxxxxxxxxxxxxxxxxxxxxxxxxxxxxxxxxxxxxxxxxxxxxxxxxxxxxxxxxxxxxxxxxxxxxxxxxxxxxxxxxxxxxxxxxxxxxxxxxxxxxxxxxxxxxxxxxxx'),(183,81,'xxxxxxxxxxxxxxxxxxxxxxxxxxxxxxxxxxxxxxxxxxxxxxxxxxxxxxxxxxxxxxxxxxxxxxxxxxxxxxxxxxxxxxxxxxxxxxxxxxxxxxxxxxxxxxxxxxxxxxxxxxxxxxxxxxxxxxxxxxxxxxxxxxxxxxxxxxxxxxxxxxxxxxxxxxxxxxxxxxxxxxxxxxxxxxxxxxxxxxxx'),(184,82,'xxxxxxxxxxxxxxxxxxxxxxxxxxxxxxxxxxxxxxxxxxxxxxxxxxxxxxxxxxxxxxxxxxxxxxxxxxxxxxxxxxxxxxxxxxxxxxxxxxxxxxxxxxxxxxxxxxxxxxxxxxxxxxxxxxxxxxxxxxxxxxxxxxxxxxxxxxxxxxxxxxxxxxxxxxxxxxxxxxxxxxxxxxxxxxxxxxxxxxxx'),(185,83,'xxxxxxxxxxxxxxxxxxxxxxxxxxxxxxxxxxxxxxxxxxxxxxxxxxxxxxxxxxxxxxxxxxxxxxxxxxxxxxxxxxxxxxxxxxxxxxxxxxxxxxxxxxxxxxxxxxxxxxxxxxxxxxxxxxxxxxxxxxxxxxxxxxxxxxxxxxxxxxxxxxxxxxxxxxxxxxxxxxxxxxxxxxxxxxxxxxxxxxxx'),(186,84,'xxxxxxxxxxxxxxxxxxxxxxxxxxxxxxxxxxxxxxxxxxxxxxxxxxxxxxxxxxxxxxxxxxxxxxxxxxxxxxxxxxxxxxxxxxxxxxxxxxxxxxxxxxxxxxxxxxxxxxxxxxxxxxxxxxxxxxxxxxxxxxxxxxxxxxxxxxxxxxxxxxxxxxxxxxxxxxxxxxxxxxxxxxxxxxxxxxxxxxxx'),(187,85,'xxxxxxxxxxxxxxxxxxxxxxxxxxxxxxxxxxxxxxxxxxxxxxxxxxxxxxxxxxxxxxxxxxxxxxxxxxxxxxxxxxxxxxxxxxxxxxxxxxxxxxxxxxxxxxxxxxxxxxxxxxxxxxxxxxxxxxxxxxxxxxxxxxxxxxxxxxxxxxxxxxxxxxxxxxxxxxxxxxxxxxxxxxxxxxxxxxxxxxxx'),(188,86,'xxxxxxxxxxxxxxxxxxxxxxxxxxxxxxxxxxxxxxxxxxxxxxxxxxxxxxxxxxxxxxxxxxxxxxxxxxxxxxxxxxxxxxxxxxxxxxxxxxxxxxxxxxxxxxxxxxxxxxxxxxxxxxxxxxxxxxxxxxxxxxxxxxxxxxxxxxxxxxxxxxxxxxxxxxxxxxxxxxxxxxxxxxxxxxxxxxxxxxxx'),(189,87,'xxxxxxxxxxxxxxxxxxxxxxxxxxxxxxxxxxxxxxxxxxxxxxxxxxxxxxxxxxxxxxxxxxxxxxxxxxxxxxxxxxxxxxxxxxxxxxxxxxxxxxxxxxxxxxxxxxxxxxxxxxxxxxxxxxxxxxxxxxxxxxxxxxxxxxxxxxxxxxxxxxxxxxxxxxxxxxxxxxxxxxxxxxxxxxxxxxxxxxxx'),(190,88,'xxxxxxxxxxxxxxxxxxxxxxxxxxxxxxxxxxxxxxxxxxxxxxxxxxxxxxxxxxxxxxxxxxxxxxxxxxxxxxxxxxxxxxxxxxxxxxxxxxxxxxxxxxxxxxxxxxxxxxxxxxxxxxxxxxxxxxxxxxxxxxxxxxxxxxxxxxxxxxxxxxxxxxxxxxxxxxxxxxxxxxxxxxxxxxxxxxxxxxxx'),(191,89,'xxxxxxxxxxxxxxxxxxxxxxxxxxxxxxxxxxxxxxxxxxxxxxxxxxxxxxxxxxxxxxxxxxxxxxxxxxxxxxxxxxxxxxxxxxxxxxxxxxxxxxxxxxxxxxxxxxxxxxxxxxxxxxxxxxxxxxxxxxxxxxxxxxxxxxxxxxxxxxxxxxxxxxxxxxxxxxxxxxxxxxxxxxxxxxxxxxxxxxxx'),(192,90,'xxxxxxxxxxxxxxxxxxxxxxxxxxxxxxxxxxxxxxxxxxxxxxxxxxxxxxxxxxxxxxxxxxxxxxxxxxxxxxxxxxxxxxxxxxxxxxxxxxxxxxxxxxxxxxxxxxxxxxxxxxxxxxxxxxxxxxxxxxxxxxxxxxxxxxxxxxxxxxxxxxxxxxxxxxxxxxxxxxxxxxxxxxxxxxxxxxxxxxxx'),(193,91,'xxxxxxxxxxxxxxxxxxxxxxxxxxxxxxxxxxxxxxxxxxxxxxxxxxxxxxxxxxxxxxxxxxxxxxxxxxxxxxxxxxxxxxxxxxxxxxxxxxxxxxxxxxxxxxxxxxxxxxxxxxxxxxxxxxxxxxxxxxxxxxxxxxxxxxxxxxxxxxxxxxxxxxxxxxxxxxxxxxxxxxxxxxxxxxxxxxxxxxxx'),(194,92,'xxxxxxxxxxxxxxxxxxxxxxxxxxxxxxxxxxxxxxxxxxxxxxxxxxxxxxxxxxxxxxxxxxxxxxxxxxxxxxxxxxxxxxxxxxxxxxxxxxxxxxxxxxxxxxxxxxxxxxxxxxxxxxxxxxxxxxxxxxxxxxxxxxxxxxxxxxxxxxxxxxxxxxxxxxxxxxxxxxxxxxxxxxxxxxxxxxxxxxxx'),(195,93,'xxxxxxxxxxxxxxxxxxxxxxxxxxxxxxxxxxxxxxxxxxxxxxxxxxxxxxxxxxxxxxxxxxxxxxxxxxxxxxxxxxxxxxxxxxxxxxxxxxxxxxxxxxxxxxxxxxxxxxxxxxxxxxxxxxxxxxxxxxxxxxxxxxxxxxxxxxxxxxxxxxxxxxxxxxxxxxxxxxxxxxxxxxxxxxxxxxxxxxxx'),(196,94,'xxxxxxxxxxxxxxxxxxxxxxxxxxxxxxxxxxxxxxxxxxxxxxxxxxxxxxxxxxxxxxxxxxxxxxxxxxxxxxxxxxxxxxxxxxxxxxxxxxxxxxxxxxxxxxxxxxxxxxxxxxxxxxxxxxxxxxxxxxxxxxxxxxxxxxxxxxxxxxxxxxxxxxxxxxxxxxxxxxxxxxxxxxxxxxxxxxxxxxxx'),(197,95,'xxxxxxxxxxxxxxxxxxxxxxxxxxxxxxxxxxxxxxxxxxxxxxxxxxxxxxxxxxxxxxxxxxxxxxxxxxxxxxxxxxxxxxxxxxxxxxxxxxxxxxxxxxxxxxxxxxxxxxxxxxxxxxxxxxxxxxxxxxxxxxxxxxxxxxxxxxxxxxxxxxxxxxxxxxxxxxxxxxxxxxxxxxxxxxxxxxxxxxxx'),(198,96,'xxxxxxxxxxxxxxxxxxxxxxxxxxxxxxxxxxxxxxxxxxxxxxxxxxxxxxxxxxxxxxxxxxxxxxxxxxxxxxxxxxxxxxxxxxxxxxxxxxxxxxxxxxxxxxxxxxxxxxxxxxxxxxxxxxxxxxxxxxxxxxxxxxxxxxxxxxxxxxxxxxxxxxxxxxxxxxxxxxxxxxxxxxxxxxxxxxxxxxxx'),(199,97,'xxxxxxxxxxxxxxxxxxxxxxxxxxxxxxxxxxxxxxxxxxxxxxxxxxxxxxxxxxxxxxxxxxxxxxxxxxxxxxxxxxxxxxxxxxxxxxxxxxxxxxxxxxxxxxxxxxxxxxxxxxxxxxxxxxxxxxxxxxxxxxxxxxxxxxxxxxxxxxxxxxxxxxxxxxxxxxxxxxxxxxxxxxxxxxxxxxxxxxxx'),(200,98,'xxxxxxxxxxxxxxxxxxxxxxxxxxxxxxxxxxxxxxxxxxxxxxxxxxxxxxxxxxxxxxxxxxxxxxxxxxxxxxxxxxxxxxxxxxxxxxxxxxxxxxxxxxxxxxxxxxxxxxxxxxxxxxxxxxxxxxxxxxxxxxxxxxxxxxxxxxxxxxxxxxxxxxxxxxxxxxxxxxxxxxxxxxxxxxxxxxxxxxxx'),(201,-1,'xxxxxxxxxxxxxxxxxxxxxxxxxxxxxxxxxxxxxxxxxxxxxxxxxxxxxxxxxxxxxxxxxxxxxxxxxxxxxxxxxxxxxxxxxxxxxxxxxxxxxxxxxxxxxxxxxxxxxxxxxxxxxxxxxxxxxxxxxxxxxxxxxxxxxxxxxxxxxxxxxxxxxxxxxxxxxxxxxxxxxxxxxxxxxxxxxxxxxxxx'),(202,0,'xxxxxxxxxxxxxxxxxxxxxxxxxxxxxxxxxxxxxxxxxxxxxxxxxxxxxxxxxxxxxxxxxxxxxxxxxxxxxxxxxxxxxxxxxxxxxxxxxxxxxxxxxxxxxxxxxxxxxxxxxxxxxxxxxxxxxxxxxxxxxxxxxxxxxxxxxxxxxxxxxxxxxxxxxxxxxxxxxxxxxxxxxxxxxxxxxxxxxxxx'),(203,1,'xxxxxxxxxxxxxxxxxxxxxxxxxxxxxxxxxxxxxxxxxxxxxxxxxxxxxxxxxxxxxxxxxxxxxxxxxxxxxxxxxxxxxxxxxxxxxxxxxxxxxxxxxxxxxxxxxxxxxxxxxxxxxxxxxxxxxxxxxxxxxxxxxxxxxxxxxxxxxxxxxxxxxxxxxxxxxxxxxxxxxxxxxxxxxxxxxxxxxxxx'),(204,2,'xxxxxxxxxxxxxxxxxxxxxxxxxxxxxxxxxxxxxxxxxxxxxxxxxxxxxxxxxxxxxxxxxxxxxxxxxxxxxxxxxxxxxxxxxxxxxxxxxxxxxxxxxxxxxxxxxxxxxxxxxxxxxxxxxxxxxxxxxxxxxxxxxxxxxxxxxxxxxxxxxxxxxxxxxxxxxxxxxxxxxxxxxxxxxxxxxxxxxxxx'),(205,3,'xxxxxxxxxxxxxxxxxxxxxxxxxxxxxxxxxxxxxxxxxxxxxxxxxxxxxxxxxxxxxxxxxxxxxxxxxxxxxxxxxxxxxxxxxxxxxxxxxxxxxxxxxxxxxxxxxxxxxxxxxxxxxxxxxxxxxxxxxxxxxxxxxxxxxxxxxxxxxxxxxxxxxxxxxxxxxxxxxxxxxxxxxxxxxxxxxxxxxxxx'),(206,4,'xxxxxxxxxxxxxxxxxxxxxxxxxxxxxxxxxxxxxxxxxxxxxxxxxxxxxxxxxxxxxxxxxxxxxxxxxxxxxxxxxxxxxxxxxxxxxxxxxxxxxxxxxxxxxxxxxxxxxxxxxxxxxxxxxxxxxxxxxxxxxxxxxxxxxxxxxxxxxxxxxxxxxxxxxxxxxxxxxxxxxxxxxxxxxxxxxxxxxxxx'),(207,5,'xxxxxxxxxxxxxxxxxxxxxxxxxxxxxxxxxxxxxxxxxxxxxxxxxxxxxxxxxxxxxxxxxxxxxxxxxxxxxxxxxxxxxxxxxxxxxxxxxxxxxxxxxxxxxxxxxxxxxxxxxxxxxxxxxxxxxxxxxxxxxxxxxxxxxxxxxxxxxxxxxxxxxxxxxxxxxxxxxxxxxxxxxxxxxxxxxxxxxxxx'),(208,6,'xxxxxxxxxxxxxxxxxxxxxxxxxxxxxxxxxxxxxxxxxxxxxxxxxxxxxxxxxxxxxxxxxxxxxxxxxxxxxxxxxxxxxxxxxxxxxxxxxxxxxxxxxxxxxxxxxxxxxxxxxxxxxxxxxxxxxxxxxxxxxxxxxxxxxxxxxxxxxxxxxxxxxxxxxxxxxxxxxxxxxxxxxxxxxxxxxxxxxxxx'),(209,7,'xxxxxxxxxxxxxxxxxxxxxxxxxxxxxxxxxxxxxxxxxxxxxxxxxxxxxxxxxxxxxxxxxxxxxxxxxxxxxxxxxxxxxxxxxxxxxxxxxxxxxxxxxxxxxxxxxxxxxxxxxxxxxxxxxxxxxxxxxxxxxxxxxxxxxxxxxxxxxxxxxxxxxxxxxxxxxxxxxxxxxxxxxxxxxxxxxxxxxxxx'),(210,8,'xxxxxxxxxxxxxxxxxxxxxxxxxxxxxxxxxxxxxxxxxxxxxxxxxxxxxxxxxxxxxxxxxxxxxxxxxxxxxxxxxxxxxxxxxxxxxxxxxxxxxxxxxxxxxxxxxxxxxxxxxxxxxxxxxxxxxxxxxxxxxxxxxxxxxxxxxxxxxxxxxxxxxxxxxxxxxxxxxxxxxxxxxxxxxxxxxxxxxxxx'),(211,9,'xxxxxxxxxxxxxxxxxxxxxxxxxxxxxxxxxxxxxxxxxxxxxxxxxxxxxxxxxxxxxxxxxxxxxxxxxxxxxxxxxxxxxxxxxxxxxxxxxxxxxxxxxxxxxxxxxxxxxxxxxxxxxxxxxxxxxxxxxxxxxxxxxxxxxxxxxxxxxxxxxxxxxxxxxxxxxxxxxxxxxxxxxxxxxxxxxxxxxxxx'),(212,10,'xxxxxxxxxxxxxxxxxxxxxxxxxxxxxxxxxxxxxxxxxxxxxxxxxxxxxxxxxxxxxxxxxxxxxxxxxxxxxxxxxxxxxxxxxxxxxxxxxxxxxxxxxxxxxxxxxxxxxxxxxxxxxxxxxxxxxxxxxxxxxxxxxxxxxxxxxxxxxxxxxxxxxxxxxxxxxxxxxxxxxxxxxxxxxxxxxxxxxxxx'),(213,11,'xxxxxxxxxxxxxxxxxxxxxxxxxxxxxxxxxxxxxxxxxxxxxxxxxxxxxxxxxxxxxxxxxxxxxxxxxxxxxxxxxxxxxxxxxxxxxxxxxxxxxxxxxxxxxxxxxxxxxxxxxxxxxxxxxxxxxxxxxxxxxxxxxxxxxxxxxxxxxxxxxxxxxxxxxxxxxxxxxxxxxxxxxxxxxxxxxxxxxxxx'),(214,12,'xxxxxxxxxxxxxxxxxxxxxxxxxxxxxxxxxxxxxxxxxxxxxxxxxxxxxxxxxxxxxxxxxxxxxxxxxxxxxxxxxxxxxxxxxxxxxxxxxxxxxxxxxxxxxxxxxxxxxxxxxxxxxxxxxxxxxxxxxxxxxxxxxxxxxxxxxxxxxxxxxxxxxxxxxxxxxxxxxxxxxxxxxxxxxxxxxxxxxxxx'),(215,13,'xxxxxxxxxxxxxxxxxxxxxxxxxxxxxxxxxxxxxxxxxxxxxxxxxxxxxxxxxxxxxxxxxxxxxxxxxxxxxxxxxxxxxxxxxxxxxxxxxxxxxxxxxxxxxxxxxxxxxxxxxxxxxxxxxxxxxxxxxxxxxxxxxxxxxxxxxxxxxxxxxxxxxxxxxxxxxxxxxxxxxxxxxxxxxxxxxxxxxxxx'),(216,14,'xxxxxxxxxxxxxxxxxxxxxxxxxxxxxxxxxxxxxxxxxxxxxxxxxxxxxxxxxxxxxxxxxxxxxxxxxxxxxxxxxxxxxxxxxxxxxxxxxxxxxxxxxxxxxxxxxxxxxxxxxxxxxxxxxxxxxxxxxxxxxxxxxxxxxxxxxxxxxxxxxxxxxxxxxxxxxxxxxxxxxxxxxxxxxxxxxxxxxxxx'),(217,15,'xxxxxxxxxxxxxxxxxxxxxxxxxxxxxxxxxxxxxxxxxxxxxxxxxxxxxxxxxxxxxxxxxxxxxxxxxxxxxxxxxxxxxxxxxxxxxxxxxxxxxxxxxxxxxxxxxxxxxxxxxxxxxxxxxxxxxxxxxxxxxxxxxxxxxxxxxxxxxxxxxxxxxxxxxxxxxxxxxxxxxxxxxxxxxxxxxxxxxxxx'),(218,16,'xxxxxxxxxxxxxxxxxxxxxxxxxxxxxxxxxxxxxxxxxxxxxxxxxxxxxxxxxxxxxxxxxxxxxxxxxxxxxxxxxxxxxxxxxxxxxxxxxxxxxxxxxxxxxxxxxxxxxxxxxxxxxxxxxxxxxxxxxxxxxxxxxxxxxxxxxxxxxxxxxxxxxxxxxxxxxxxxxxxxxxxxxxxxxxxxxxxxxxxx'),(219,17,'xxxxxxxxxxxxxxxxxxxxxxxxxxxxxxxxxxxxxxxxxxxxxxxxxxxxxxxxxxxxxxxxxxxxxxxxxxxxxxxxxxxxxxxxxxxxxxxxxxxxxxxxxxxxxxxxxxxxxxxxxxxxxxxxxxxxxxxxxxxxxxxxxxxxxxxxxxxxxxxxxxxxxxxxxxxxxxxxxxxxxxxxxxxxxxxxxxxxxxxx'),(220,18,'xxxxxxxxxxxxxxxxxxxxxxxxxxxxxxxxxxxxxxxxxxxxxxxxxxxxxxxxxxxxxxxxxxxxxxxxxxxxxxxxxxxxxxxxxxxxxxxxxxxxxxxxxxxxxxxxxxxxxxxxxxxxxxxxxxxxxxxxxxxxxxxxxxxxxxxxxxxxxxxxxxxxxxxxxxxxxxxxxxxxxxxxxxxxxxxxxxxxxxxx'),(221,19,'xxxxxxxxxxxxxxxxxxxxxxxxxxxxxxxxxxxxxxxxxxxxxxxxxxxxxxxxxxxxxxxxxxxxxxxxxxxxxxxxxxxxxxxxxxxxxxxxxxxxxxxxxxxxxxxxxxxxxxxxxxxxxxxxxxxxxxxxxxxxxxxxxxxxxxxxxxxxxxxxxxxxxxxxxxxxxxxxxxxxxxxxxxxxxxxxxxxxxxxx'),(222,20,'xxxxxxxxxxxxxxxxxxxxxxxxxxxxxxxxxxxxxxxxxxxxxxxxxxxxxxxxxxxxxxxxxxxxxxxxxxxxxxxxxxxxxxxxxxxxxxxxxxxxxxxxxxxxxxxxxxxxxxxxxxxxxxxxxxxxxxxxxxxxxxxxxxxxxxxxxxxxxxxxxxxxxxxxxxxxxxxxxxxxxxxxxxxxxxxxxxxxxxxx'),(223,21,'xxxxxxxxxxxxxxxxxxxxxxxxxxxxxxxxxxxxxxxxxxxxxxxxxxxxxxxxxxxxxxxxxxxxxxxxxxxxxxxxxxxxxxxxxxxxxxxxxxxxxxxxxxxxxxxxxxxxxxxxxxxxxxxxxxxxxxxxxxxxxxxxxxxxxxxxxxxxxxxxxxxxxxxxxxxxxxxxxxxxxxxxxxxxxxxxxxxxxxxx'),(224,22,'xxxxxxxxxxxxxxxxxxxxxxxxxxxxxxxxxxxxxxxxxxxxxxxxxxxxxxxxxxxxxxxxxxxxxxxxxxxxxxxxxxxxxxxxxxxxxxxxxxxxxxxxxxxxxxxxxxxxxxxxxxxxxxxxxxxxxxxxxxxxxxxxxxxxxxxxxxxxxxxxxxxxxxxxxxxxxxxxxxxxxxxxxxxxxxxxxxxxxxxx'),(225,23,'xxxxxxxxxxxxxxxxxxxxxxxxxxxxxxxxxxxxxxxxxxxxxxxxxxxxxxxxxxxxxxxxxxxxxxxxxxxxxxxxxxxxxxxxxxxxxxxxxxxxxxxxxxxxxxxxxxxxxxxxxxxxxxxxxxxxxxxxxxxxxxxxxxxxxxxxxxxxxxxxxxxxxxxxxxxxxxxxxxxxxxxxxxxxxxxxxxxxxxxx'),(226,24,'xxxxxxxxxxxxxxxxxxxxxxxxxxxxxxxxxxxxxxxxxxxxxxxxxxxxxxxxxxxxxxxxxxxxxxxxxxxxxxxxxxxxxxxxxxxxxxxxxxxxxxxxxxxxxxxxxxxxxxxxxxxxxxxxxxxxxxxxxxxxxxxxxxxxxxxxxxxxxxxxxxxxxxxxxxxxxxxxxxxxxxxxxxxxxxxxxxxxxxxx'),(227,25,'xxxxxxxxxxxxxxxxxxxxxxxxxxxxxxxxxxxxxxxxxxxxxxxxxxxxxxxxxxxxxxxxxxxxxxxxxxxxxxxxxxxxxxxxxxxxxxxxxxxxxxxxxxxxxxxxxxxxxxxxxxxxxxxxxxxxxxxxxxxxxxxxxxxxxxxxxxxxxxxxxxxxxxxxxxxxxxxxxxxxxxxxxxxxxxxxxxxxxxxx'),(228,26,'xxxxxxxxxxxxxxxxxxxxxxxxxxxxxxxxxxxxxxxxxxxxxxxxxxxxxxxxxxxxxxxxxxxxxxxxxxxxxxxxxxxxxxxxxxxxxxxxxxxxxxxxxxxxxxxxxxxxxxxxxxxxxxxxxxxxxxxxxxxxxxxxxxxxxxxxxxxxxxxxxxxxxxxxxxxxxxxxxxxxxxxxxxxxxxxxxxxxxxxx'),(229,27,'xxxxxxxxxxxxxxxxxxxxxxxxxxxxxxxxxxxxxxxxxxxxxxxxxxxxxxxxxxxxxxxxxxxxxxxxxxxxxxxxxxxxxxxxxxxxxxxxxxxxxxxxxxxxxxxxxxxxxxxxxxxxxxxxxxxxxxxxxxxxxxxxxxxxxxxxxxxxxxxxxxxxxxxxxxxxxxxxxxxxxxxxxxxxxxxxxxxxxxxx'),(230,28,'xxxxxxxxxxxxxxxxxxxxxxxxxxxxxxxxxxxxxxxxxxxxxxxxxxxxxxxxxxxxxxxxxxxxxxxxxxxxxxxxxxxxxxxxxxxxxxxxxxxxxxxxxxxxxxxxxxxxxxxxxxxxxxxxxxxxxxxxxxxxxxxxxxxxxxxxxxxxxxxxxxxxxxxxxxxxxxxxxxxxxxxxxxxxxxxxxxxxxxxx'),(231,29,'xxxxxxxxxxxxxxxxxxxxxxxxxxxxxxxxxxxxxxxxxxxxxxxxxxxxxxxxxxxxxxxxxxxxxxxxxxxxxxxxxxxxxxxxxxxxxxxxxxxxxxxxxxxxxxxxxxxxxxxxxxxxxxxxxxxxxxxxxxxxxxxxxxxxxxxxxxxxxxxxxxxxxxxxxxxxxxxxxxxxxxxxxxxxxxxxxxxxxxxx'),(232,30,'xxxxxxxxxxxxxxxxxxxxxxxxxxxxxxxxxxxxxxxxxxxxxxxxxxxxxxxxxxxxxxxxxxxxxxxxxxxxxxxxxxxxxxxxxxxxxxxxxxxxxxxxxxxxxxxxxxxxxxxxxxxxxxxxxxxxxxxxxxxxxxxxxxxxxxxxxxxxxxxxxxxxxxxxxxxxxxxxxxxxxxxxxxxxxxxxxxxxxxxx'),(233,31,'xxxxxxxxxxxxxxxxxxxxxxxxxxxxxxxxxxxxxxxxxxxxxxxxxxxxxxxxxxxxxxxxxxxxxxxxxxxxxxxxxxxxxxxxxxxxxxxxxxxxxxxxxxxxxxxxxxxxxxxxxxxxxxxxxxxxxxxxxxxxxxxxxxxxxxxxxxxxxxxxxxxxxxxxxxxxxxxxxxxxxxxxxxxxxxxxxxxxxxxx'),(234,32,'xxxxxxxxxxxxxxxxxxxxxxxxxxxxxxxxxxxxxxxxxxxxxxxxxxxxxxxxxxxxxxxxxxxxxxxxxxxxxxxxxxxxxxxxxxxxxxxxxxxxxxxxxxxxxxxxxxxxxxxxxxxxxxxxxxxxxxxxxxxxxxxxxxxxxxxxxxxxxxxxxxxxxxxxxxxxxxxxxxxxxxxxxxxxxxxxxxxxxxxx'),(235,33,'xxxxxxxxxxxxxxxxxxxxxxxxxxxxxxxxxxxxxxxxxxxxxxxxxxxxxxxxxxxxxxxxxxxxxxxxxxxxxxxxxxxxxxxxxxxxxxxxxxxxxxxxxxxxxxxxxxxxxxxxxxxxxxxxxxxxxxxxxxxxxxxxxxxxxxxxxxxxxxxxxxxxxxxxxxxxxxxxxxxxxxxxxxxxxxxxxxxxxxxx'),(236,34,'xxxxxxxxxxxxxxxxxxxxxxxxxxxxxxxxxxxxxxxxxxxxxxxxxxxxxxxxxxxxxxxxxxxxxxxxxxxxxxxxxxxxxxxxxxxxxxxxxxxxxxxxxxxxxxxxxxxxxxxxxxxxxxxxxxxxxxxxxxxxxxxxxxxxxxxxxxxxxxxxxxxxxxxxxxxxxxxxxxxxxxxxxxxxxxxxxxxxxxxx'),(237,35,'xxxxxxxxxxxxxxxxxxxxxxxxxxxxxxxxxxxxxxxxxxxxxxxxxxxxxxxxxxxxxxxxxxxxxxxxxxxxxxxxxxxxxxxxxxxxxxxxxxxxxxxxxxxxxxxxxxxxxxxxxxxxxxxxxxxxxxxxxxxxxxxxxxxxxxxxxxxxxxxxxxxxxxxxxxxxxxxxxxxxxxxxxxxxxxxxxxxxxxxx'),(238,36,'xxxxxxxxxxxxxxxxxxxxxxxxxxxxxxxxxxxxxxxxxxxxxxxxxxxxxxxxxxxxxxxxxxxxxxxxxxxxxxxxxxxxxxxxxxxxxxxxxxxxxxxxxxxxxxxxxxxxxxxxxxxxxxxxxxxxxxxxxxxxxxxxxxxxxxxxxxxxxxxxxxxxxxxxxxxxxxxxxxxxxxxxxxxxxxxxxxxxxxxx'),(239,37,'xxxxxxxxxxxxxxxxxxxxxxxxxxxxxxxxxxxxxxxxxxxxxxxxxxxxxxxxxxxxxxxxxxxxxxxxxxxxxxxxxxxxxxxxxxxxxxxxxxxxxxxxxxxxxxxxxxxxxxxxxxxxxxxxxxxxxxxxxxxxxxxxxxxxxxxxxxxxxxxxxxxxxxxxxxxxxxxxxxxxxxxxxxxxxxxxxxxxxxxx'),(240,38,'xxxxxxxxxxxxxxxxxxxxxxxxxxxxxxxxxxxxxxxxxxxxxxxxxxxxxxxxxxxxxxxxxxxxxxxxxxxxxxxxxxxxxxxxxxxxxxxxxxxxxxxxxxxxxxxxxxxxxxxxxxxxxxxxxxxxxxxxxxxxxxxxxxxxxxxxxxxxxxxxxxxxxxxxxxxxxxxxxxxxxxxxxxxxxxxxxxxxxxxx'),(241,39,'xxxxxxxxxxxxxxxxxxxxxxxxxxxxxxxxxxxxxxxxxxxxxxxxxxxxxxxxxxxxxxxxxxxxxxxxxxxxxxxxxxxxxxxxxxxxxxxxxxxxxxxxxxxxxxxxxxxxxxxxxxxxxxxxxxxxxxxxxxxxxxxxxxxxxxxxxxxxxxxxxxxxxxxxxxxxxxxxxxxxxxxxxxxxxxxxxxxxxxxx'),(242,40,'xxxxxxxxxxxxxxxxxxxxxxxxxxxxxxxxxxxxxxxxxxxxxxxxxxxxxxxxxxxxxxxxxxxxxxxxxxxxxxxxxxxxxxxxxxxxxxxxxxxxxxxxxxxxxxxxxxxxxxxxxxxxxxxxxxxxxxxxxxxxxxxxxxxxxxxxxxxxxxxxxxxxxxxxxxxxxxxxxxxxxxxxxxxxxxxxxxxxxxxx'),(243,41,'xxxxxxxxxxxxxxxxxxxxxxxxxxxxxxxxxxxxxxxxxxxxxxxxxxxxxxxxxxxxxxxxxxxxxxxxxxxxxxxxxxxxxxxxxxxxxxxxxxxxxxxxxxxxxxxxxxxxxxxxxxxxxxxxxxxxxxxxxxxxxxxxxxxxxxxxxxxxxxxxxxxxxxxxxxxxxxxxxxxxxxxxxxxxxxxxxxxxxxxx'),(244,42,'xxxxxxxxxxxxxxxxxxxxxxxxxxxxxxxxxxxxxxxxxxxxxxxxxxxxxxxxxxxxxxxxxxxxxxxxxxxxxxxxxxxxxxxxxxxxxxxxxxxxxxxxxxxxxxxxxxxxxxxxxxxxxxxxxxxxxxxxxxxxxxxxxxxxxxxxxxxxxxxxxxxxxxxxxxxxxxxxxxxxxxxxxxxxxxxxxxxxxxxx'),(245,43,'xxxxxxxxxxxxxxxxxxxxxxxxxxxxxxxxxxxxxxxxxxxxxxxxxxxxxxxxxxxxxxxxxxxxxxxxxxxxxxxxxxxxxxxxxxxxxxxxxxxxxxxxxxxxxxxxxxxxxxxxxxxxxxxxxxxxxxxxxxxxxxxxxxxxxxxxxxxxxxxxxxxxxxxxxxxxxxxxxxxxxxxxxxxxxxxxxxxxxxxx'),(246,44,'xxxxxxxxxxxxxxxxxxxxxxxxxxxxxxxxxxxxxxxxxxxxxxxxxxxxxxxxxxxxxxxxxxxxxxxxxxxxxxxxxxxxxxxxxxxxxxxxxxxxxxxxxxxxxxxxxxxxxxxxxxxxxxxxxxxxxxxxxxxxxxxxxxxxxxxxxxxxxxxxxxxxxxxxxxxxxxxxxxxxxxxxxxxxxxxxxxxxxxxx'),(247,45,'xxxxxxxxxxxxxxxxxxxxxxxxxxxxxxxxxxxxxxxxxxxxxxxxxxxxxxxxxxxxxxxxxxxxxxxxxxxxxxxxxxxxxxxxxxxxxxxxxxxxxxxxxxxxxxxxxxxxxxxxxxxxxxxxxxxxxxxxxxxxxxxxxxxxxxxxxxxxxxxxxxxxxxxxxxxxxxxxxxxxxxxxxxxxxxxxxxxxxxxx'),(248,46,'xxxxxxxxxxxxxxxxxxxxxxxxxxxxxxxxxxxxxxxxxxxxxxxxxxxxxxxxxxxxxxxxxxxxxxxxxxxxxxxxxxxxxxxxxxxxxxxxxxxxxxxxxxxxxxxxxxxxxxxxxxxxxxxxxxxxxxxxxxxxxxxxxxxxxxxxxxxxxxxxxxxxxxxxxxxxxxxxxxxxxxxxxxxxxxxxxxxxxxxx'),(249,47,'xxxxxxxxxxxxxxxxxxxxxxxxxxxxxxxxxxxxxxxxxxxxxxxxxxxxxxxxxxxxxxxxxxxxxxxxxxxxxxxxxxxxxxxxxxxxxxxxxxxxxxxxxxxxxxxxxxxxxxxxxxxxxxxxxxxxxxxxxxxxxxxxxxxxxxxxxxxxxxxxxxxxxxxxxxxxxxxxxxxxxxxxxxxxxxxxxxxxxxxx'),(250,48,'xxxxxxxxxxxxxxxxxxxxxxxxxxxxxxxxxxxxxxxxxxxxxxxxxxxxxxxxxxxxxxxxxxxxxxxxxxxxxxxxxxxxxxxxxxxxxxxxxxxxxxxxxxxxxxxxxxxxxxxxxxxxxxxxxxxxxxxxxxxxxxxxxxxxxxxxxxxxxxxxxxxxxxxxxxxxxxxxxxxxxxxxxxxxxxxxxxxxxxxx'),(251,49,'xxxxxxxxxxxxxxxxxxxxxxxxxxxxxxxxxxxxxxxxxxxxxxxxxxxxxxxxxxxxxxxxxxxxxxxxxxxxxxxxxxxxxxxxxxxxxxxxxxxxxxxxxxxxxxxxxxxxxxxxxxxxxxxxxxxxxxxxxxxxxxxxxxxxxxxxxxxxxxxxxxxxxxxxxxxxxxxxxxxxxxxxxxxxxxxxxxxxxxxx'),(252,50,'xxxxxxxxxxxxxxxxxxxxxxxxxxxxxxxxxxxxxxxxxxxxxxxxxxxxxxxxxxxxxxxxxxxxxxxxxxxxxxxxxxxxxxxxxxxxxxxxxxxxxxxxxxxxxxxxxxxxxxxxxxxxxxxxxxxxxxxxxxxxxxxxxxxxxxxxxxxxxxxxxxxxxxxxxxxxxxxxxxxxxxxxxxxxxxxxxxxxxxxx'),(253,51,'xxxxxxxxxxxxxxxxxxxxxxxxxxxxxxxxxxxxxxxxxxxxxxxxxxxxxxxxxxxxxxxxxxxxxxxxxxxxxxxxxxxxxxxxxxxxxxxxxxxxxxxxxxxxxxxxxxxxxxxxxxxxxxxxxxxxxxxxxxxxxxxxxxxxxxxxxxxxxxxxxxxxxxxxxxxxxxxxxxxxxxxxxxxxxxxxxxxxxxxx'),(254,52,'xxxxxxxxxxxxxxxxxxxxxxxxxxxxxxxxxxxxxxxxxxxxxxxxxxxxxxxxxxxxxxxxxxxxxxxxxxxxxxxxxxxxxxxxxxxxxxxxxxxxxxxxxxxxxxxxxxxxxxxxxxxxxxxxxxxxxxxxxxxxxxxxxxxxxxxxxxxxxxxxxxxxxxxxxxxxxxxxxxxxxxxxxxxxxxxxxxxxxxxx'),(255,53,'xxxxxxxxxxxxxxxxxxxxxxxxxxxxxxxxxxxxxxxxxxxxxxxxxxxxxxxxxxxxxxxxxxxxxxxxxxxxxxxxxxxxxxxxxxxxxxxxxxxxxxxxxxxxxxxxxxxxxxxxxxxxxxxxxxxxxxxxxxxxxxxxxxxxxxxxxxxxxxxxxxxxxxxxxxxxxxxxxxxxxxxxxxxxxxxxxxxxxxxx'),(256,54,'xxxxxxxxxxxxxxxxxxxxxxxxxxxxxxxxxxxxxxxxxxxxxxxxxxxxxxxxxxxxxxxxxxxxxxxxxxxxxxxxxxxxxxxxxxxxxxxxxxxxxxxxxxxxxxxxxxxxxxxxxxxxxxxxxxxxxxxxxxxxxxxxxxxxxxxxxxxxxxxxxxxxxxxxxxxxxxxxxxxxxxxxxxxxxxxxxxxxxxxx'),(257,55,'xxxxxxxxxxxxxxxxxxxxxxxxxxxxxxxxxxxxxxxxxxxxxxxxxxxxxxxxxxxxxxxxxxxxxxxxxxxxxxxxxxxxxxxxxxxxxxxxxxxxxxxxxxxxxxxxxxxxxxxxxxxxxxxxxxxxxxxxxxxxxxxxxxxxxxxxxxxxxxxxxxxxxxxxxxxxxxxxxxxxxxxxxxxxxxxxxxxxxxxx'),(258,56,'xxxxxxxxxxxxxxxxxxxxxxxxxxxxxxxxxxxxxxxxxxxxxxxxxxxxxxxxxxxxxxxxxxxxxxxxxxxxxxxxxxxxxxxxxxxxxxxxxxxxxxxxxxxxxxxxxxxxxxxxxxxxxxxxxxxxxxxxxxxxxxxxxxxxxxxxxxxxxxxxxxxxxxxxxxxxxxxxxxxxxxxxxxxxxxxxxxxxxxxx'),(259,57,'xxxxxxxxxxxxxxxxxxxxxxxxxxxxxxxxxxxxxxxxxxxxxxxxxxxxxxxxxxxxxxxxxxxxxxxxxxxxxxxxxxxxxxxxxxxxxxxxxxxxxxxxxxxxxxxxxxxxxxxxxxxxxxxxxxxxxxxxxxxxxxxxxxxxxxxxxxxxxxxxxxxxxxxxxxxxxxxxxxxxxxxxxxxxxxxxxxxxxxxx'),(260,58,'xxxxxxxxxxxxxxxxxxxxxxxxxxxxxxxxxxxxxxxxxxxxxxxxxxxxxxxxxxxxxxxxxxxxxxxxxxxxxxxxxxxxxxxxxxxxxxxxxxxxxxxxxxxxxxxxxxxxxxxxxxxxxxxxxxxxxxxxxxxxxxxxxxxxxxxxxxxxxxxxxxxxxxxxxxxxxxxxxxxxxxxxxxxxxxxxxxxxxxxx'),(261,59,'xxxxxxxxxxxxxxxxxxxxxxxxxxxxxxxxxxxxxxxxxxxxxxxxxxxxxxxxxxxxxxxxxxxxxxxxxxxxxxxxxxxxxxxxxxxxxxxxxxxxxxxxxxxxxxxxxxxxxxxxxxxxxxxxxxxxxxxxxxxxxxxxxxxxxxxxxxxxxxxxxxxxxxxxxxxxxxxxxxxxxxxxxxxxxxxxxxxxxxxx'),(262,60,'xxxxxxxxxxxxxxxxxxxxxxxxxxxxxxxxxxxxxxxxxxxxxxxxxxxxxxxxxxxxxxxxxxxxxxxxxxxxxxxxxxxxxxxxxxxxxxxxxxxxxxxxxxxxxxxxxxxxxxxxxxxxxxxxxxxxxxxxxxxxxxxxxxxxxxxxxxxxxxxxxxxxxxxxxxxxxxxxxxxxxxxxxxxxxxxxxxxxxxxx'),(263,61,'xxxxxxxxxxxxxxxxxxxxxxxxxxxxxxxxxxxxxxxxxxxxxxxxxxxxxxxxxxxxxxxxxxxxxxxxxxxxxxxxxxxxxxxxxxxxxxxxxxxxxxxxxxxxxxxxxxxxxxxxxxxxxxxxxxxxxxxxxxxxxxxxxxxxxxxxxxxxxxxxxxxxxxxxxxxxxxxxxxxxxxxxxxxxxxxxxxxxxxxx'),(264,62,'xxxxxxxxxxxxxxxxxxxxxxxxxxxxxxxxxxxxxxxxxxxxxxxxxxxxxxxxxxxxxxxxxxxxxxxxxxxxxxxxxxxxxxxxxxxxxxxxxxxxxxxxxxxxxxxxxxxxxxxxxxxxxxxxxxxxxxxxxxxxxxxxxxxxxxxxxxxxxxxxxxxxxxxxxxxxxxxxxxxxxxxxxxxxxxxxxxxxxxxx'),(265,63,'xxxxxxxxxxxxxxxxxxxxxxxxxxxxxxxxxxxxxxxxxxxxxxxxxxxxxxxxxxxxxxxxxxxxxxxxxxxxxxxxxxxxxxxxxxxxxxxxxxxxxxxxxxxxxxxxxxxxxxxxxxxxxxxxxxxxxxxxxxxxxxxxxxxxxxxxxxxxxxxxxxxxxxxxxxxxxxxxxxxxxxxxxxxxxxxxxxxxxxxx'),(266,64,'xxxxxxxxxxxxxxxxxxxxxxxxxxxxxxxxxxxxxxxxxxxxxxxxxxxxxxxxxxxxxxxxxxxxxxxxxxxxxxxxxxxxxxxxxxxxxxxxxxxxxxxxxxxxxxxxxxxxxxxxxxxxxxxxxxxxxxxxxxxxxxxxxxxxxxxxxxxxxxxxxxxxxxxxxxxxxxxxxxxxxxxxxxxxxxxxxxxxxxxx'),(267,65,'xxxxxxxxxxxxxxxxxxxxxxxxxxxxxxxxxxxxxxxxxxxxxxxxxxxxxxxxxxxxxxxxxxxxxxxxxxxxxxxxxxxxxxxxxxxxxxxxxxxxxxxxxxxxxxxxxxxxxxxxxxxxxxxxxxxxxxxxxxxxxxxxxxxxxxxxxxxxxxxxxxxxxxxxxxxxxxxxxxxxxxxxxxxxxxxxxxxxxxxx'),(268,66,'xxxxxxxxxxxxxxxxxxxxxxxxxxxxxxxxxxxxxxxxxxxxxxxxxxxxxxxxxxxxxxxxxxxxxxxxxxxxxxxxxxxxxxxxxxxxxxxxxxxxxxxxxxxxxxxxxxxxxxxxxxxxxxxxxxxxxxxxxxxxxxxxxxxxxxxxxxxxxxxxxxxxxxxxxxxxxxxxxxxxxxxxxxxxxxxxxxxxxxxx'),(269,67,'xxxxxxxxxxxxxxxxxxxxxxxxxxxxxxxxxxxxxxxxxxxxxxxxxxxxxxxxxxxxxxxxxxxxxxxxxxxxxxxxxxxxxxxxxxxxxxxxxxxxxxxxxxxxxxxxxxxxxxxxxxxxxxxxxxxxxxxxxxxxxxxxxxxxxxxxxxxxxxxxxxxxxxxxxxxxxxxxxxxxxxxxxxxxxxxxxxxxxxxx'),(270,68,'xxxxxxxxxxxxxxxxxxxxxxxxxxxxxxxxxxxxxxxxxxxxxxxxxxxxxxxxxxxxxxxxxxxxxxxxxxxxxxxxxxxxxxxxxxxxxxxxxxxxxxxxxxxxxxxxxxxxxxxxxxxxxxxxxxxxxxxxxxxxxxxxxxxxxxxxxxxxxxxxxxxxxxxxxxxxxxxxxxxxxxxxxxxxxxxxxxxxxxxx'),(271,69,'xxxxxxxxxxxxxxxxxxxxxxxxxxxxxxxxxxxxxxxxxxxxxxxxxxxxxxxxxxxxxxxxxxxxxxxxxxxxxxxxxxxxxxxxxxxxxxxxxxxxxxxxxxxxxxxxxxxxxxxxxxxxxxxxxxxxxxxxxxxxxxxxxxxxxxxxxxxxxxxxxxxxxxxxxxxxxxxxxxxxxxxxxxxxxxxxxxxxxxxx'),(272,70,'xxxxxxxxxxxxxxxxxxxxxxxxxxxxxxxxxxxxxxxxxxxxxxxxxxxxxxxxxxxxxxxxxxxxxxxxxxxxxxxxxxxxxxxxxxxxxxxxxxxxxxxxxxxxxxxxxxxxxxxxxxxxxxxxxxxxxxxxxxxxxxxxxxxxxxxxxxxxxxxxxxxxxxxxxxxxxxxxxxxxxxxxxxxxxxxxxxxxxxxx'),(273,71,'xxxxxxxxxxxxxxxxxxxxxxxxxxxxxxxxxxxxxxxxxxxxxxxxxxxxxxxxxxxxxxxxxxxxxxxxxxxxxxxxxxxxxxxxxxxxxxxxxxxxxxxxxxxxxxxxxxxxxxxxxxxxxxxxxxxxxxxxxxxxxxxxxxxxxxxxxxxxxxxxxxxxxxxxxxxxxxxxxxxxxxxxxxxxxxxxxxxxxxxx'),(274,72,'xxxxxxxxxxxxxxxxxxxxxxxxxxxxxxxxxxxxxxxxxxxxxxxxxxxxxxxxxxxxxxxxxxxxxxxxxxxxxxxxxxxxxxxxxxxxxxxxxxxxxxxxxxxxxxxxxxxxxxxxxxxxxxxxxxxxxxxxxxxxxxxxxxxxxxxxxxxxxxxxxxxxxxxxxxxxxxxxxxxxxxxxxxxxxxxxxxxxxxxx'),(275,73,'xxxxxxxxxxxxxxxxxxxxxxxxxxxxxxxxxxxxxxxxxxxxxxxxxxxxxxxxxxxxxxxxxxxxxxxxxxxxxxxxxxxxxxxxxxxxxxxxxxxxxxxxxxxxxxxxxxxxxxxxxxxxxxxxxxxxxxxxxxxxxxxxxxxxxxxxxxxxxxxxxxxxxxxxxxxxxxxxxxxxxxxxxxxxxxxxxxxxxxxx'),(276,74,'xxxxxxxxxxxxxxxxxxxxxxxxxxxxxxxxxxxxxxxxxxxxxxxxxxxxxxxxxxxxxxxxxxxxxxxxxxxxxxxxxxxxxxxxxxxxxxxxxxxxxxxxxxxxxxxxxxxxxxxxxxxxxxxxxxxxxxxxxxxxxxxxxxxxxxxxxxxxxxxxxxxxxxxxxxxxxxxxxxxxxxxxxxxxxxxxxxxxxxxx'),(277,75,'xxxxxxxxxxxxxxxxxxxxxxxxxxxxxxxxxxxxxxxxxxxxxxxxxxxxxxxxxxxxxxxxxxxxxxxxxxxxxxxxxxxxxxxxxxxxxxxxxxxxxxxxxxxxxxxxxxxxxxxxxxxxxxxxxxxxxxxxxxxxxxxxxxxxxxxxxxxxxxxxxxxxxxxxxxxxxxxxxxxxxxxxxxxxxxxxxxxxxxxx'),(278,76,'xxxxxxxxxxxxxxxxxxxxxxxxxxxxxxxxxxxxxxxxxxxxxxxxxxxxxxxxxxxxxxxxxxxxxxxxxxxxxxxxxxxxxxxxxxxxxxxxxxxxxxxxxxxxxxxxxxxxxxxxxxxxxxxxxxxxxxxxxxxxxxxxxxxxxxxxxxxxxxxxxxxxxxxxxxxxxxxxxxxxxxxxxxxxxxxxxxxxxxxx'),(279,77,'xxxxxxxxxxxxxxxxxxxxxxxxxxxxxxxxxxxxxxxxxxxxxxxxxxxxxxxxxxxxxxxxxxxxxxxxxxxxxxxxxxxxxxxxxxxxxxxxxxxxxxxxxxxxxxxxxxxxxxxxxxxxxxxxxxxxxxxxxxxxxxxxxxxxxxxxxxxxxxxxxxxxxxxxxxxxxxxxxxxxxxxxxxxxxxxxxxxxxxxx'),(280,78,'xxxxxxxxxxxxxxxxxxxxxxxxxxxxxxxxxxxxxxxxxxxxxxxxxxxxxxxxxxxxxxxxxxxxxxxxxxxxxxxxxxxxxxxxxxxxxxxxxxxxxxxxxxxxxxxxxxxxxxxxxxxxxxxxxxxxxxxxxxxxxxxxxxxxxxxxxxxxxxxxxxxxxxxxxxxxxxxxxxxxxxxxxxxxxxxxxxxxxxxx'),(281,79,'xxxxxxxxxxxxxxxxxxxxxxxxxxxxxxxxxxxxxxxxxxxxxxxxxxxxxxxxxxxxxxxxxxxxxxxxxxxxxxxxxxxxxxxxxxxxxxxxxxxxxxxxxxxxxxxxxxxxxxxxxxxxxxxxxxxxxxxxxxxxxxxxxxxxxxxxxxxxxxxxxxxxxxxxxxxxxxxxxxxxxxxxxxxxxxxxxxxxxxxx'),(282,80,'xxxxxxxxxxxxxxxxxxxxxxxxxxxxxxxxxxxxxxxxxxxxxxxxxxxxxxxxxxxxxxxxxxxxxxxxxxxxxxxxxxxxxxxxxxxxxxxxxxxxxxxxxxxxxxxxxxxxxxxxxxxxxxxxxxxxxxxxxxxxxxxxxxxxxxxxxxxxxxxxxxxxxxxxxxxxxxxxxxxxxxxxxxxxxxxxxxxxxxxx'),(283,81,'xxxxxxxxxxxxxxxxxxxxxxxxxxxxxxxxxxxxxxxxxxxxxxxxxxxxxxxxxxxxxxxxxxxxxxxxxxxxxxxxxxxxxxxxxxxxxxxxxxxxxxxxxxxxxxxxxxxxxxxxxxxxxxxxxxxxxxxxxxxxxxxxxxxxxxxxxxxxxxxxxxxxxxxxxxxxxxxxxxxxxxxxxxxxxxxxxxxxxxxx'),(284,82,'xxxxxxxxxxxxxxxxxxxxxxxxxxxxxxxxxxxxxxxxxxxxxxxxxxxxxxxxxxxxxxxxxxxxxxxxxxxxxxxxxxxxxxxxxxxxxxxxxxxxxxxxxxxxxxxxxxxxxxxxxxxxxxxxxxxxxxxxxxxxxxxxxxxxxxxxxxxxxxxxxxxxxxxxxxxxxxxxxxxxxxxxxxxxxxxxxxxxxxxx'),(285,83,'xxxxxxxxxxxxxxxxxxxxxxxxxxxxxxxxxxxxxxxxxxxxxxxxxxxxxxxxxxxxxxxxxxxxxxxxxxxxxxxxxxxxxxxxxxxxxxxxxxxxxxxxxxxxxxxxxxxxxxxxxxxxxxxxxxxxxxxxxxxxxxxxxxxxxxxxxxxxxxxxxxxxxxxxxxxxxxxxxxxxxxxxxxxxxxxxxxxxxxxx'),(286,84,'xxxxxxxxxxxxxxxxxxxxxxxxxxxxxxxxxxxxxxxxxxxxxxxxxxxxxxxxxxxxxxxxxxxxxxxxxxxxxxxxxxxxxxxxxxxxxxxxxxxxxxxxxxxxxxxxxxxxxxxxxxxxxxxxxxxxxxxxxxxxxxxxxxxxxxxxxxxxxxxxxxxxxxxxxxxxxxxxxxxxxxxxxxxxxxxxxxxxxxxx'),(287,85,'xxxxxxxxxxxxxxxxxxxxxxxxxxxxxxxxxxxxxxxxxxxxxxxxxxxxxxxxxxxxxxxxxxxxxxxxxxxxxxxxxxxxxxxxxxxxxxxxxxxxxxxxxxxxxxxxxxxxxxxxxxxxxxxxxxxxxxxxxxxxxxxxxxxxxxxxxxxxxxxxxxxxxxxxxxxxxxxxxxxxxxxxxxxxxxxxxxxxxxxx'),(288,86,'xxxxxxxxxxxxxxxxxxxxxxxxxxxxxxxxxxxxxxxxxxxxxxxxxxxxxxxxxxxxxxxxxxxxxxxxxxxxxxxxxxxxxxxxxxxxxxxxxxxxxxxxxxxxxxxxxxxxxxxxxxxxxxxxxxxxxxxxxxxxxxxxxxxxxxxxxxxxxxxxxxxxxxxxxxxxxxxxxxxxxxxxxxxxxxxxxxxxxxxx'),(289,87,'xxxxxxxxxxxxxxxxxxxxxxxxxxxxxxxxxxxxxxxxxxxxxxxxxxxxxxxxxxxxxxxxxxxxxxxxxxxxxxxxxxxxxxxxxxxxxxxxxxxxxxxxxxxxxxxxxxxxxxxxxxxxxxxxxxxxxxxxxxxxxxxxxxxxxxxxxxxxxxxxxxxxxxxxxxxxxxxxxxxxxxxxxxxxxxxxxxxxxxxx'),(290,88,'xxxxxxxxxxxxxxxxxxxxxxxxxxxxxxxxxxxxxxxxxxxxxxxxxxxxxxxxxxxxxxxxxxxxxxxxxxxxxxxxxxxxxxxxxxxxxxxxxxxxxxxxxxxxxxxxxxxxxxxxxxxxxxxxxxxxxxxxxxxxxxxxxxxxxxxxxxxxxxxxxxxxxxxxxxxxxxxxxxxxxxxxxxxxxxxxxxxxxxxx'),(291,89,'xxxxxxxxxxxxxxxxxxxxxxxxxxxxxxxxxxxxxxxxxxxxxxxxxxxxxxxxxxxxxxxxxxxxxxxxxxxxxxxxxxxxxxxxxxxxxxxxxxxxxxxxxxxxxxxxxxxxxxxxxxxxxxxxxxxxxxxxxxxxxxxxxxxxxxxxxxxxxxxxxxxxxxxxxxxxxxxxxxxxxxxxxxxxxxxxxxxxxxxx'),(292,90,'xxxxxxxxxxxxxxxxxxxxxxxxxxxxxxxxxxxxxxxxxxxxxxxxxxxxxxxxxxxxxxxxxxxxxxxxxxxxxxxxxxxxxxxxxxxxxxxxxxxxxxxxxxxxxxxxxxxxxxxxxxxxxxxxxxxxxxxxxxxxxxxxxxxxxxxxxxxxxxxxxxxxxxxxxxxxxxxxxxxxxxxxxxxxxxxxxxxxxxxx'),(293,91,'xxxxxxxxxxxxxxxxxxxxxxxxxxxxxxxxxxxxxxxxxxxxxxxxxxxxxxxxxxxxxxxxxxxxxxxxxxxxxxxxxxxxxxxxxxxxxxxxxxxxxxxxxxxxxxxxxxxxxxxxxxxxxxxxxxxxxxxxxxxxxxxxxxxxxxxxxxxxxxxxxxxxxxxxxxxxxxxxxxxxxxxxxxxxxxxxxxxxxxxx'),(294,92,'xxxxxxxxxxxxxxxxxxxxxxxxxxxxxxxxxxxxxxxxxxxxxxxxxxxxxxxxxxxxxxxxxxxxxxxxxxxxxxxxxxxxxxxxxxxxxxxxxxxxxxxxxxxxxxxxxxxxxxxxxxxxxxxxxxxxxxxxxxxxxxxxxxxxxxxxxxxxxxxxxxxxxxxxxxxxxxxxxxxxxxxxxxxxxxxxxxxxxxxx'),(295,93,'xxxxxxxxxxxxxxxxxxxxxxxxxxxxxxxxxxxxxxxxxxxxxxxxxxxxxxxxxxxxxxxxxxxxxxxxxxxxxxxxxxxxxxxxxxxxxxxxxxxxxxxxxxxxxxxxxxxxxxxxxxxxxxxxxxxxxxxxxxxxxxxxxxxxxxxxxxxxxxxxxxxxxxxxxxxxxxxxxxxxxxxxxxxxxxxxxxxxxxxx'),(296,94,'xxxxxxxxxxxxxxxxxxxxxxxxxxxxxxxxxxxxxxxxxxxxxxxxxxxxxxxxxxxxxxxxxxxxxxxxxxxxxxxxxxxxxxxxxxxxxxxxxxxxxxxxxxxxxxxxxxxxxxxxxxxxxxxxxxxxxxxxxxxxxxxxxxxxxxxxxxxxxxxxxxxxxxxxxxxxxxxxxxxxxxxxxxxxxxxxxxxxxxxx'),(297,95,'xxxxxxxxxxxxxxxxxxxxxxxxxxxxxxxxxxxxxxxxxxxxxxxxxxxxxxxxxxxxxxxxxxxxxxxxxxxxxxxxxxxxxxxxxxxxxxxxxxxxxxxxxxxxxxxxxxxxxxxxxxxxxxxxxxxxxxxxxxxxxxxxxxxxxxxxxxxxxxxxxxxxxxxxxxxxxxxxxxxxxxxxxxxxxxxxxxxxxxxx'),(298,96,'xxxxxxxxxxxxxxxxxxxxxxxxxxxxxxxxxxxxxxxxxxxxxxxxxxxxxxxxxxxxxxxxxxxxxxxxxxxxxxxxxxxxxxxxxxxxxxxxxxxxxxxxxxxxxxxxxxxxxxxxxxxxxxxxxxxxxxxxxxxxxxxxxxxxxxxxxxxxxxxxxxxxxxxxxxxxxxxxxxxxxxxxxxxxxxxxxxxxxxxx'),(299,97,'xxxxxxxxxxxxxxxxxxxxxxxxxxxxxxxxxxxxxxxxxxxxxxxxxxxxxxxxxxxxxxxxxxxxxxxxxxxxxxxxxxxxxxxxxxxxxxxxxxxxxxxxxxxxxxxxxxxxxxxxxxxxxxxxxxxxxxxxxxxxxxxxxxxxxxxxxxxxxxxxxxxxxxxxxxxxxxxxxxxxxxxxxxxxxxxxxxxxxxxx'),(300,98,'xxxxxxxxxxxxxxxxxxxxxxxxxxxxxxxxxxxxxxxxxxxxxxxxxxxxxxxxxxxxxxxxxxxxxxxxxxxxxxxxxxxxxxxxxxxxxxxxxxxxxxxxxxxxxxxxxxxxxxxxxxxxxxxxxxxxxxxxxxxxxxxxxxxxxxxxxxxxxxxxxxxxxxxxxxxxxxxxxxxxxxxxxxxxxxxxxxxxxxxx'),(301,-1,'xxxxxxxxxxxxxxxxxxxxxxxxxxxxxxxxxxxxxxxxxxxxxxxxxxxxxxxxxxxxxxxxxxxxxxxxxxxxxxxxxxxxxxxxxxxxxxxxxxxxxxxxxxxxxxxxxxxxxxxxxxxxxxxxxxxxxxxxxxxxxxxxxxxxxxxxxxxxxxxxxxxxxxxxxxxxxxxxxxxxxxxxxxxxxxxxxxxxxxxx'),(302,0,'xxxxxxxxxxxxxxxxxxxxxxxxxxxxxxxxxxxxxxxxxxxxxxxxxxxxxxxxxxxxxxxxxxxxxxxxxxxxxxxxxxxxxxxxxxxxxxxxxxxxxxxxxxxxxxxxxxxxxxxxxxxxxxxxxxxxxxxxxxxxxxxxxxxxxxxxxxxxxxxxxxxxxxxxxxxxxxxxxxxxxxxxxxxxxxxxxxxxxxxx'),(303,1,'xxxxxxxxxxxxxxxxxxxxxxxxxxxxxxxxxxxxxxxxxxxxxxxxxxxxxxxxxxxxxxxxxxxxxxxxxxxxxxxxxxxxxxxxxxxxxxxxxxxxxxxxxxxxxxxxxxxxxxxxxxxxxxxxxxxxxxxxxxxxxxxxxxxxxxxxxxxxxxxxxxxxxxxxxxxxxxxxxxxxxxxxxxxxxxxxxxxxxxxx'),(304,2,'xxxxxxxxxxxxxxxxxxxxxxxxxxxxxxxxxxxxxxxxxxxxxxxxxxxxxxxxxxxxxxxxxxxxxxxxxxxxxxxxxxxxxxxxxxxxxxxxxxxxxxxxxxxxxxxxxxxxxxxxxxxxxxxxxxxxxxxxxxxxxxxxxxxxxxxxxxxxxxxxxxxxxxxxxxxxxxxxxxxxxxxxxxxxxxxxxxxxxxxx'),(305,3,'xxxxxxxxxxxxxxxxxxxxxxxxxxxxxxxxxxxxxxxxxxxxxxxxxxxxxxxxxxxxxxxxxxxxxxxxxxxxxxxxxxxxxxxxxxxxxxxxxxxxxxxxxxxxxxxxxxxxxxxxxxxxxxxxxxxxxxxxxxxxxxxxxxxxxxxxxxxxxxxxxxxxxxxxxxxxxxxxxxxxxxxxxxxxxxxxxxxxxxxx'),(306,4,'xxxxxxxxxxxxxxxxxxxxxxxxxxxxxxxxxxxxxxxxxxxxxxxxxxxxxxxxxxxxxxxxxxxxxxxxxxxxxxxxxxxxxxxxxxxxxxxxxxxxxxxxxxxxxxxxxxxxxxxxxxxxxxxxxxxxxxxxxxxxxxxxxxxxxxxxxxxxxxxxxxxxxxxxxxxxxxxxxxxxxxxxxxxxxxxxxxxxxxxx'),(307,5,'xxxxxxxxxxxxxxxxxxxxxxxxxxxxxxxxxxxxxxxxxxxxxxxxxxxxxxxxxxxxxxxxxxxxxxxxxxxxxxxxxxxxxxxxxxxxxxxxxxxxxxxxxxxxxxxxxxxxxxxxxxxxxxxxxxxxxxxxxxxxxxxxxxxxxxxxxxxxxxxxxxxxxxxxxxxxxxxxxxxxxxxxxxxxxxxxxxxxxxxx'),(308,6,'xxxxxxxxxxxxxxxxxxxxxxxxxxxxxxxxxxxxxxxxxxxxxxxxxxxxxxxxxxxxxxxxxxxxxxxxxxxxxxxxxxxxxxxxxxxxxxxxxxxxxxxxxxxxxxxxxxxxxxxxxxxxxxxxxxxxxxxxxxxxxxxxxxxxxxxxxxxxxxxxxxxxxxxxxxxxxxxxxxxxxxxxxxxxxxxxxxxxxxxx'),(309,7,'xxxxxxxxxxxxxxxxxxxxxxxxxxxxxxxxxxxxxxxxxxxxxxxxxxxxxxxxxxxxxxxxxxxxxxxxxxxxxxxxxxxxxxxxxxxxxxxxxxxxxxxxxxxxxxxxxxxxxxxxxxxxxxxxxxxxxxxxxxxxxxxxxxxxxxxxxxxxxxxxxxxxxxxxxxxxxxxxxxxxxxxxxxxxxxxxxxxxxxxx'),(310,8,'xxxxxxxxxxxxxxxxxxxxxxxxxxxxxxxxxxxxxxxxxxxxxxxxxxxxxxxxxxxxxxxxxxxxxxxxxxxxxxxxxxxxxxxxxxxxxxxxxxxxxxxxxxxxxxxxxxxxxxxxxxxxxxxxxxxxxxxxxxxxxxxxxxxxxxxxxxxxxxxxxxxxxxxxxxxxxxxxxxxxxxxxxxxxxxxxxxxxxxxx'),(311,9,'xxxxxxxxxxxxxxxxxxxxxxxxxxxxxxxxxxxxxxxxxxxxxxxxxxxxxxxxxxxxxxxxxxxxxxxxxxxxxxxxxxxxxxxxxxxxxxxxxxxxxxxxxxxxxxxxxxxxxxxxxxxxxxxxxxxxxxxxxxxxxxxxxxxxxxxxxxxxxxxxxxxxxxxxxxxxxxxxxxxxxxxxxxxxxxxxxxxxxxxx'),(312,10,'xxxxxxxxxxxxxxxxxxxxxxxxxxxxxxxxxxxxxxxxxxxxxxxxxxxxxxxxxxxxxxxxxxxxxxxxxxxxxxxxxxxxxxxxxxxxxxxxxxxxxxxxxxxxxxxxxxxxxxxxxxxxxxxxxxxxxxxxxxxxxxxxxxxxxxxxxxxxxxxxxxxxxxxxxxxxxxxxxxxxxxxxxxxxxxxxxxxxxxxx'),(313,11,'xxxxxxxxxxxxxxxxxxxxxxxxxxxxxxxxxxxxxxxxxxxxxxxxxxxxxxxxxxxxxxxxxxxxxxxxxxxxxxxxxxxxxxxxxxxxxxxxxxxxxxxxxxxxxxxxxxxxxxxxxxxxxxxxxxxxxxxxxxxxxxxxxxxxxxxxxxxxxxxxxxxxxxxxxxxxxxxxxxxxxxxxxxxxxxxxxxxxxxxx'),(314,12,'xxxxxxxxxxxxxxxxxxxxxxxxxxxxxxxxxxxxxxxxxxxxxxxxxxxxxxxxxxxxxxxxxxxxxxxxxxxxxxxxxxxxxxxxxxxxxxxxxxxxxxxxxxxxxxxxxxxxxxxxxxxxxxxxxxxxxxxxxxxxxxxxxxxxxxxxxxxxxxxxxxxxxxxxxxxxxxxxxxxxxxxxxxxxxxxxxxxxxxxx'),(315,13,'xxxxxxxxxxxxxxxxxxxxxxxxxxxxxxxxxxxxxxxxxxxxxxxxxxxxxxxxxxxxxxxxxxxxxxxxxxxxxxxxxxxxxxxxxxxxxxxxxxxxxxxxxxxxxxxxxxxxxxxxxxxxxxxxxxxxxxxxxxxxxxxxxxxxxxxxxxxxxxxxxxxxxxxxxxxxxxxxxxxxxxxxxxxxxxxxxxxxxxxx'),(316,14,'xxxxxxxxxxxxxxxxxxxxxxxxxxxxxxxxxxxxxxxxxxxxxxxxxxxxxxxxxxxxxxxxxxxxxxxxxxxxxxxxxxxxxxxxxxxxxxxxxxxxxxxxxxxxxxxxxxxxxxxxxxxxxxxxxxxxxxxxxxxxxxxxxxxxxxxxxxxxxxxxxxxxxxxxxxxxxxxxxxxxxxxxxxxxxxxxxxxxxxxx'),(317,15,'xxxxxxxxxxxxxxxxxxxxxxxxxxxxxxxxxxxxxxxxxxxxxxxxxxxxxxxxxxxxxxxxxxxxxxxxxxxxxxxxxxxxxxxxxxxxxxxxxxxxxxxxxxxxxxxxxxxxxxxxxxxxxxxxxxxxxxxxxxxxxxxxxxxxxxxxxxxxxxxxxxxxxxxxxxxxxxxxxxxxxxxxxxxxxxxxxxxxxxxx'),(318,16,'xxxxxxxxxxxxxxxxxxxxxxxxxxxxxxxxxxxxxxxxxxxxxxxxxxxxxxxxxxxxxxxxxxxxxxxxxxxxxxxxxxxxxxxxxxxxxxxxxxxxxxxxxxxxxxxxxxxxxxxxxxxxxxxxxxxxxxxxxxxxxxxxxxxxxxxxxxxxxxxxxxxxxxxxxxxxxxxxxxxxxxxxxxxxxxxxxxxxxxxx'),(319,17,'xxxxxxxxxxxxxxxxxxxxxxxxxxxxxxxxxxxxxxxxxxxxxxxxxxxxxxxxxxxxxxxxxxxxxxxxxxxxxxxxxxxxxxxxxxxxxxxxxxxxxxxxxxxxxxxxxxxxxxxxxxxxxxxxxxxxxxxxxxxxxxxxxxxxxxxxxxxxxxxxxxxxxxxxxxxxxxxxxxxxxxxxxxxxxxxxxxxxxxxx'),(320,18,'xxxxxxxxxxxxxxxxxxxxxxxxxxxxxxxxxxxxxxxxxxxxxxxxxxxxxxxxxxxxxxxxxxxxxxxxxxxxxxxxxxxxxxxxxxxxxxxxxxxxxxxxxxxxxxxxxxxxxxxxxxxxxxxxxxxxxxxxxxxxxxxxxxxxxxxxxxxxxxxxxxxxxxxxxxxxxxxxxxxxxxxxxxxxxxxxxxxxxxxx'),(321,19,'xxxxxxxxxxxxxxxxxxxxxxxxxxxxxxxxxxxxxxxxxxxxxxxxxxxxxxxxxxxxxxxxxxxxxxxxxxxxxxxxxxxxxxxxxxxxxxxxxxxxxxxxxxxxxxxxxxxxxxxxxxxxxxxxxxxxxxxxxxxxxxxxxxxxxxxxxxxxxxxxxxxxxxxxxxxxxxxxxxxxxxxxxxxxxxxxxxxxxxxx'),(322,20,'xxxxxxxxxxxxxxxxxxxxxxxxxxxxxxxxxxxxxxxxxxxxxxxxxxxxxxxxxxxxxxxxxxxxxxxxxxxxxxxxxxxxxxxxxxxxxxxxxxxxxxxxxxxxxxxxxxxxxxxxxxxxxxxxxxxxxxxxxxxxxxxxxxxxxxxxxxxxxxxxxxxxxxxxxxxxxxxxxxxxxxxxxxxxxxxxxxxxxxxx'),(323,21,'xxxxxxxxxxxxxxxxxxxxxxxxxxxxxxxxxxxxxxxxxxxxxxxxxxxxxxxxxxxxxxxxxxxxxxxxxxxxxxxxxxxxxxxxxxxxxxxxxxxxxxxxxxxxxxxxxxxxxxxxxxxxxxxxxxxxxxxxxxxxxxxxxxxxxxxxxxxxxxxxxxxxxxxxxxxxxxxxxxxxxxxxxxxxxxxxxxxxxxxx'),(324,22,'xxxxxxxxxxxxxxxxxxxxxxxxxxxxxxxxxxxxxxxxxxxxxxxxxxxxxxxxxxxxxxxxxxxxxxxxxxxxxxxxxxxxxxxxxxxxxxxxxxxxxxxxxxxxxxxxxxxxxxxxxxxxxxxxxxxxxxxxxxxxxxxxxxxxxxxxxxxxxxxxxxxxxxxxxxxxxxxxxxxxxxxxxxxxxxxxxxxxxxxx'),(325,23,'xxxxxxxxxxxxxxxxxxxxxxxxxxxxxxxxxxxxxxxxxxxxxxxxxxxxxxxxxxxxxxxxxxxxxxxxxxxxxxxxxxxxxxxxxxxxxxxxxxxxxxxxxxxxxxxxxxxxxxxxxxxxxxxxxxxxxxxxxxxxxxxxxxxxxxxxxxxxxxxxxxxxxxxxxxxxxxxxxxxxxxxxxxxxxxxxxxxxxxxx'),(326,24,'xxxxxxxxxxxxxxxxxxxxxxxxxxxxxxxxxxxxxxxxxxxxxxxxxxxxxxxxxxxxxxxxxxxxxxxxxxxxxxxxxxxxxxxxxxxxxxxxxxxxxxxxxxxxxxxxxxxxxxxxxxxxxxxxxxxxxxxxxxxxxxxxxxxxxxxxxxxxxxxxxxxxxxxxxxxxxxxxxxxxxxxxxxxxxxxxxxxxxxxx'),(327,25,'xxxxxxxxxxxxxxxxxxxxxxxxxxxxxxxxxxxxxxxxxxxxxxxxxxxxxxxxxxxxxxxxxxxxxxxxxxxxxxxxxxxxxxxxxxxxxxxxxxxxxxxxxxxxxxxxxxxxxxxxxxxxxxxxxxxxxxxxxxxxxxxxxxxxxxxxxxxxxxxxxxxxxxxxxxxxxxxxxxxxxxxxxxxxxxxxxxxxxxxx'),(328,26,'xxxxxxxxxxxxxxxxxxxxxxxxxxxxxxxxxxxxxxxxxxxxxxxxxxxxxxxxxxxxxxxxxxxxxxxxxxxxxxxxxxxxxxxxxxxxxxxxxxxxxxxxxxxxxxxxxxxxxxxxxxxxxxxxxxxxxxxxxxxxxxxxxxxxxxxxxxxxxxxxxxxxxxxxxxxxxxxxxxxxxxxxxxxxxxxxxxxxxxxx'),(329,27,'xxxxxxxxxxxxxxxxxxxxxxxxxxxxxxxxxxxxxxxxxxxxxxxxxxxxxxxxxxxxxxxxxxxxxxxxxxxxxxxxxxxxxxxxxxxxxxxxxxxxxxxxxxxxxxxxxxxxxxxxxxxxxxxxxxxxxxxxxxxxxxxxxxxxxxxxxxxxxxxxxxxxxxxxxxxxxxxxxxxxxxxxxxxxxxxxxxxxxxxx'),(330,28,'xxxxxxxxxxxxxxxxxxxxxxxxxxxxxxxxxxxxxxxxxxxxxxxxxxxxxxxxxxxxxxxxxxxxxxxxxxxxxxxxxxxxxxxxxxxxxxxxxxxxxxxxxxxxxxxxxxxxxxxxxxxxxxxxxxxxxxxxxxxxxxxxxxxxxxxxxxxxxxxxxxxxxxxxxxxxxxxxxxxxxxxxxxxxxxxxxxxxxxxx'),(331,29,'xxxxxxxxxxxxxxxxxxxxxxxxxxxxxxxxxxxxxxxxxxxxxxxxxxxxxxxxxxxxxxxxxxxxxxxxxxxxxxxxxxxxxxxxxxxxxxxxxxxxxxxxxxxxxxxxxxxxxxxxxxxxxxxxxxxxxxxxxxxxxxxxxxxxxxxxxxxxxxxxxxxxxxxxxxxxxxxxxxxxxxxxxxxxxxxxxxxxxxxx'),(332,30,'xxxxxxxxxxxxxxxxxxxxxxxxxxxxxxxxxxxxxxxxxxxxxxxxxxxxxxxxxxxxxxxxxxxxxxxxxxxxxxxxxxxxxxxxxxxxxxxxxxxxxxxxxxxxxxxxxxxxxxxxxxxxxxxxxxxxxxxxxxxxxxxxxxxxxxxxxxxxxxxxxxxxxxxxxxxxxxxxxxxxxxxxxxxxxxxxxxxxxxxx'),(333,31,'xxxxxxxxxxxxxxxxxxxxxxxxxxxxxxxxxxxxxxxxxxxxxxxxxxxxxxxxxxxxxxxxxxxxxxxxxxxxxxxxxxxxxxxxxxxxxxxxxxxxxxxxxxxxxxxxxxxxxxxxxxxxxxxxxxxxxxxxxxxxxxxxxxxxxxxxxxxxxxxxxxxxxxxxxxxxxxxxxxxxxxxxxxxxxxxxxxxxxxxx'),(334,32,'xxxxxxxxxxxxxxxxxxxxxxxxxxxxxxxxxxxxxxxxxxxxxxxxxxxxxxxxxxxxxxxxxxxxxxxxxxxxxxxxxxxxxxxxxxxxxxxxxxxxxxxxxxxxxxxxxxxxxxxxxxxxxxxxxxxxxxxxxxxxxxxxxxxxxxxxxxxxxxxxxxxxxxxxxxxxxxxxxxxxxxxxxxxxxxxxxxxxxxxx'),(335,33,'xxxxxxxxxxxxxxxxxxxxxxxxxxxxxxxxxxxxxxxxxxxxxxxxxxxxxxxxxxxxxxxxxxxxxxxxxxxxxxxxxxxxxxxxxxxxxxxxxxxxxxxxxxxxxxxxxxxxxxxxxxxxxxxxxxxxxxxxxxxxxxxxxxxxxxxxxxxxxxxxxxxxxxxxxxxxxxxxxxxxxxxxxxxxxxxxxxxxxxxx'),(336,34,'xxxxxxxxxxxxxxxxxxxxxxxxxxxxxxxxxxxxxxxxxxxxxxxxxxxxxxxxxxxxxxxxxxxxxxxxxxxxxxxxxxxxxxxxxxxxxxxxxxxxxxxxxxxxxxxxxxxxxxxxxxxxxxxxxxxxxxxxxxxxxxxxxxxxxxxxxxxxxxxxxxxxxxxxxxxxxxxxxxxxxxxxxxxxxxxxxxxxxxxx'),(337,35,'xxxxxxxxxxxxxxxxxxxxxxxxxxxxxxxxxxxxxxxxxxxxxxxxxxxxxxxxxxxxxxxxxxxxxxxxxxxxxxxxxxxxxxxxxxxxxxxxxxxxxxxxxxxxxxxxxxxxxxxxxxxxxxxxxxxxxxxxxxxxxxxxxxxxxxxxxxxxxxxxxxxxxxxxxxxxxxxxxxxxxxxxxxxxxxxxxxxxxxxx'),(338,36,'xxxxxxxxxxxxxxxxxxxxxxxxxxxxxxxxxxxxxxxxxxxxxxxxxxxxxxxxxxxxxxxxxxxxxxxxxxxxxxxxxxxxxxxxxxxxxxxxxxxxxxxxxxxxxxxxxxxxxxxxxxxxxxxxxxxxxxxxxxxxxxxxxxxxxxxxxxxxxxxxxxxxxxxxxxxxxxxxxxxxxxxxxxxxxxxxxxxxxxxx'),(339,37,'xxxxxxxxxxxxxxxxxxxxxxxxxxxxxxxxxxxxxxxxxxxxxxxxxxxxxxxxxxxxxxxxxxxxxxxxxxxxxxxxxxxxxxxxxxxxxxxxxxxxxxxxxxxxxxxxxxxxxxxxxxxxxxxxxxxxxxxxxxxxxxxxxxxxxxxxxxxxxxxxxxxxxxxxxxxxxxxxxxxxxxxxxxxxxxxxxxxxxxxx'),(340,38,'xxxxxxxxxxxxxxxxxxxxxxxxxxxxxxxxxxxxxxxxxxxxxxxxxxxxxxxxxxxxxxxxxxxxxxxxxxxxxxxxxxxxxxxxxxxxxxxxxxxxxxxxxxxxxxxxxxxxxxxxxxxxxxxxxxxxxxxxxxxxxxxxxxxxxxxxxxxxxxxxxxxxxxxxxxxxxxxxxxxxxxxxxxxxxxxxxxxxxxxx'),(341,39,'xxxxxxxxxxxxxxxxxxxxxxxxxxxxxxxxxxxxxxxxxxxxxxxxxxxxxxxxxxxxxxxxxxxxxxxxxxxxxxxxxxxxxxxxxxxxxxxxxxxxxxxxxxxxxxxxxxxxxxxxxxxxxxxxxxxxxxxxxxxxxxxxxxxxxxxxxxxxxxxxxxxxxxxxxxxxxxxxxxxxxxxxxxxxxxxxxxxxxxxx'),(342,40,'xxxxxxxxxxxxxxxxxxxxxxxxxxxxxxxxxxxxxxxxxxxxxxxxxxxxxxxxxxxxxxxxxxxxxxxxxxxxxxxxxxxxxxxxxxxxxxxxxxxxxxxxxxxxxxxxxxxxxxxxxxxxxxxxxxxxxxxxxxxxxxxxxxxxxxxxxxxxxxxxxxxxxxxxxxxxxxxxxxxxxxxxxxxxxxxxxxxxxxxx'),(343,41,'xxxxxxxxxxxxxxxxxxxxxxxxxxxxxxxxxxxxxxxxxxxxxxxxxxxxxxxxxxxxxxxxxxxxxxxxxxxxxxxxxxxxxxxxxxxxxxxxxxxxxxxxxxxxxxxxxxxxxxxxxxxxxxxxxxxxxxxxxxxxxxxxxxxxxxxxxxxxxxxxxxxxxxxxxxxxxxxxxxxxxxxxxxxxxxxxxxxxxxxx'),(344,42,'xxxxxxxxxxxxxxxxxxxxxxxxxxxxxxxxxxxxxxxxxxxxxxxxxxxxxxxxxxxxxxxxxxxxxxxxxxxxxxxxxxxxxxxxxxxxxxxxxxxxxxxxxxxxxxxxxxxxxxxxxxxxxxxxxxxxxxxxxxxxxxxxxxxxxxxxxxxxxxxxxxxxxxxxxxxxxxxxxxxxxxxxxxxxxxxxxxxxxxxx'),(345,43,'xxxxxxxxxxxxxxxxxxxxxxxxxxxxxxxxxxxxxxxxxxxxxxxxxxxxxxxxxxxxxxxxxxxxxxxxxxxxxxxxxxxxxxxxxxxxxxxxxxxxxxxxxxxxxxxxxxxxxxxxxxxxxxxxxxxxxxxxxxxxxxxxxxxxxxxxxxxxxxxxxxxxxxxxxxxxxxxxxxxxxxxxxxxxxxxxxxxxxxxx'),(346,44,'xxxxxxxxxxxxxxxxxxxxxxxxxxxxxxxxxxxxxxxxxxxxxxxxxxxxxxxxxxxxxxxxxxxxxxxxxxxxxxxxxxxxxxxxxxxxxxxxxxxxxxxxxxxxxxxxxxxxxxxxxxxxxxxxxxxxxxxxxxxxxxxxxxxxxxxxxxxxxxxxxxxxxxxxxxxxxxxxxxxxxxxxxxxxxxxxxxxxxxxx'),(347,45,'xxxxxxxxxxxxxxxxxxxxxxxxxxxxxxxxxxxxxxxxxxxxxxxxxxxxxxxxxxxxxxxxxxxxxxxxxxxxxxxxxxxxxxxxxxxxxxxxxxxxxxxxxxxxxxxxxxxxxxxxxxxxxxxxxxxxxxxxxxxxxxxxxxxxxxxxxxxxxxxxxxxxxxxxxxxxxxxxxxxxxxxxxxxxxxxxxxxxxxxx'),(348,46,'xxxxxxxxxxxxxxxxxxxxxxxxxxxxxxxxxxxxxxxxxxxxxxxxxxxxxxxxxxxxxxxxxxxxxxxxxxxxxxxxxxxxxxxxxxxxxxxxxxxxxxxxxxxxxxxxxxxxxxxxxxxxxxxxxxxxxxxxxxxxxxxxxxxxxxxxxxxxxxxxxxxxxxxxxxxxxxxxxxxxxxxxxxxxxxxxxxxxxxxx'),(349,47,'xxxxxxxxxxxxxxxxxxxxxxxxxxxxxxxxxxxxxxxxxxxxxxxxxxxxxxxxxxxxxxxxxxxxxxxxxxxxxxxxxxxxxxxxxxxxxxxxxxxxxxxxxxxxxxxxxxxxxxxxxxxxxxxxxxxxxxxxxxxxxxxxxxxxxxxxxxxxxxxxxxxxxxxxxxxxxxxxxxxxxxxxxxxxxxxxxxxxxxxx'),(350,48,'xxxxxxxxxxxxxxxxxxxxxxxxxxxxxxxxxxxxxxxxxxxxxxxxxxxxxxxxxxxxxxxxxxxxxxxxxxxxxxxxxxxxxxxxxxxxxxxxxxxxxxxxxxxxxxxxxxxxxxxxxxxxxxxxxxxxxxxxxxxxxxxxxxxxxxxxxxxxxxxxxxxxxxxxxxxxxxxxxxxxxxxxxxxxxxxxxxxxxxxx'),(351,49,'xxxxxxxxxxxxxxxxxxxxxxxxxxxxxxxxxxxxxxxxxxxxxxxxxxxxxxxxxxxxxxxxxxxxxxxxxxxxxxxxxxxxxxxxxxxxxxxxxxxxxxxxxxxxxxxxxxxxxxxxxxxxxxxxxxxxxxxxxxxxxxxxxxxxxxxxxxxxxxxxxxxxxxxxxxxxxxxxxxxxxxxxxxxxxxxxxxxxxxxx'),(352,50,'xxxxxxxxxxxxxxxxxxxxxxxxxxxxxxxxxxxxxxxxxxxxxxxxxxxxxxxxxxxxxxxxxxxxxxxxxxxxxxxxxxxxxxxxxxxxxxxxxxxxxxxxxxxxxxxxxxxxxxxxxxxxxxxxxxxxxxxxxxxxxxxxxxxxxxxxxxxxxxxxxxxxxxxxxxxxxxxxxxxxxxxxxxxxxxxxxxxxxxxx'),(353,51,'xxxxxxxxxxxxxxxxxxxxxxxxxxxxxxxxxxxxxxxxxxxxxxxxxxxxxxxxxxxxxxxxxxxxxxxxxxxxxxxxxxxxxxxxxxxxxxxxxxxxxxxxxxxxxxxxxxxxxxxxxxxxxxxxxxxxxxxxxxxxxxxxxxxxxxxxxxxxxxxxxxxxxxxxxxxxxxxxxxxxxxxxxxxxxxxxxxxxxxxx'),(354,52,'xxxxxxxxxxxxxxxxxxxxxxxxxxxxxxxxxxxxxxxxxxxxxxxxxxxxxxxxxxxxxxxxxxxxxxxxxxxxxxxxxxxxxxxxxxxxxxxxxxxxxxxxxxxxxxxxxxxxxxxxxxxxxxxxxxxxxxxxxxxxxxxxxxxxxxxxxxxxxxxxxxxxxxxxxxxxxxxxxxxxxxxxxxxxxxxxxxxxxxxx'),(355,53,'xxxxxxxxxxxxxxxxxxxxxxxxxxxxxxxxxxxxxxxxxxxxxxxxxxxxxxxxxxxxxxxxxxxxxxxxxxxxxxxxxxxxxxxxxxxxxxxxxxxxxxxxxxxxxxxxxxxxxxxxxxxxxxxxxxxxxxxxxxxxxxxxxxxxxxxxxxxxxxxxxxxxxxxxxxxxxxxxxxxxxxxxxxxxxxxxxxxxxxxx'),(356,54,'xxxxxxxxxxxxxxxxxxxxxxxxxxxxxxxxxxxxxxxxxxxxxxxxxxxxxxxxxxxxxxxxxxxxxxxxxxxxxxxxxxxxxxxxxxxxxxxxxxxxxxxxxxxxxxxxxxxxxxxxxxxxxxxxxxxxxxxxxxxxxxxxxxxxxxxxxxxxxxxxxxxxxxxxxxxxxxxxxxxxxxxxxxxxxxxxxxxxxxxx'),(357,55,'xxxxxxxxxxxxxxxxxxxxxxxxxxxxxxxxxxxxxxxxxxxxxxxxxxxxxxxxxxxxxxxxxxxxxxxxxxxxxxxxxxxxxxxxxxxxxxxxxxxxxxxxxxxxxxxxxxxxxxxxxxxxxxxxxxxxxxxxxxxxxxxxxxxxxxxxxxxxxxxxxxxxxxxxxxxxxxxxxxxxxxxxxxxxxxxxxxxxxxxx'),(358,56,'xxxxxxxxxxxxxxxxxxxxxxxxxxxxxxxxxxxxxxxxxxxxxxxxxxxxxxxxxxxxxxxxxxxxxxxxxxxxxxxxxxxxxxxxxxxxxxxxxxxxxxxxxxxxxxxxxxxxxxxxxxxxxxxxxxxxxxxxxxxxxxxxxxxxxxxxxxxxxxxxxxxxxxxxxxxxxxxxxxxxxxxxxxxxxxxxxxxxxxxx'),(359,57,'xxxxxxxxxxxxxxxxxxxxxxxxxxxxxxxxxxxxxxxxxxxxxxxxxxxxxxxxxxxxxxxxxxxxxxxxxxxxxxxxxxxxxxxxxxxxxxxxxxxxxxxxxxxxxxxxxxxxxxxxxxxxxxxxxxxxxxxxxxxxxxxxxxxxxxxxxxxxxxxxxxxxxxxxxxxxxxxxxxxxxxxxxxxxxxxxxxxxxxxx'),(360,58,'xxxxxxxxxxxxxxxxxxxxxxxxxxxxxxxxxxxxxxxxxxxxxxxxxxxxxxxxxxxxxxxxxxxxxxxxxxxxxxxxxxxxxxxxxxxxxxxxxxxxxxxxxxxxxxxxxxxxxxxxxxxxxxxxxxxxxxxxxxxxxxxxxxxxxxxxxxxxxxxxxxxxxxxxxxxxxxxxxxxxxxxxxxxxxxxxxxxxxxxx'),(361,59,'xxxxxxxxxxxxxxxxxxxxxxxxxxxxxxxxxxxxxxxxxxxxxxxxxxxxxxxxxxxxxxxxxxxxxxxxxxxxxxxxxxxxxxxxxxxxxxxxxxxxxxxxxxxxxxxxxxxxxxxxxxxxxxxxxxxxxxxxxxxxxxxxxxxxxxxxxxxxxxxxxxxxxxxxxxxxxxxxxxxxxxxxxxxxxxxxxxxxxxxx'),(362,60,'xxxxxxxxxxxxxxxxxxxxxxxxxxxxxxxxxxxxxxxxxxxxxxxxxxxxxxxxxxxxxxxxxxxxxxxxxxxxxxxxxxxxxxxxxxxxxxxxxxxxxxxxxxxxxxxxxxxxxxxxxxxxxxxxxxxxxxxxxxxxxxxxxxxxxxxxxxxxxxxxxxxxxxxxxxxxxxxxxxxxxxxxxxxxxxxxxxxxxxxx'),(363,61,'xxxxxxxxxxxxxxxxxxxxxxxxxxxxxxxxxxxxxxxxxxxxxxxxxxxxxxxxxxxxxxxxxxxxxxxxxxxxxxxxxxxxxxxxxxxxxxxxxxxxxxxxxxxxxxxxxxxxxxxxxxxxxxxxxxxxxxxxxxxxxxxxxxxxxxxxxxxxxxxxxxxxxxxxxxxxxxxxxxxxxxxxxxxxxxxxxxxxxxxx'),(364,62,'xxxxxxxxxxxxxxxxxxxxxxxxxxxxxxxxxxxxxxxxxxxxxxxxxxxxxxxxxxxxxxxxxxxxxxxxxxxxxxxxxxxxxxxxxxxxxxxxxxxxxxxxxxxxxxxxxxxxxxxxxxxxxxxxxxxxxxxxxxxxxxxxxxxxxxxxxxxxxxxxxxxxxxxxxxxxxxxxxxxxxxxxxxxxxxxxxxxxxxxx'),(365,63,'xxxxxxxxxxxxxxxxxxxxxxxxxxxxxxxxxxxxxxxxxxxxxxxxxxxxxxxxxxxxxxxxxxxxxxxxxxxxxxxxxxxxxxxxxxxxxxxxxxxxxxxxxxxxxxxxxxxxxxxxxxxxxxxxxxxxxxxxxxxxxxxxxxxxxxxxxxxxxxxxxxxxxxxxxxxxxxxxxxxxxxxxxxxxxxxxxxxxxxxx'),(366,64,'xxxxxxxxxxxxxxxxxxxxxxxxxxxxxxxxxxxxxxxxxxxxxxxxxxxxxxxxxxxxxxxxxxxxxxxxxxxxxxxxxxxxxxxxxxxxxxxxxxxxxxxxxxxxxxxxxxxxxxxxxxxxxxxxxxxxxxxxxxxxxxxxxxxxxxxxxxxxxxxxxxxxxxxxxxxxxxxxxxxxxxxxxxxxxxxxxxxxxxxx'),(367,65,'xxxxxxxxxxxxxxxxxxxxxxxxxxxxxxxxxxxxxxxxxxxxxxxxxxxxxxxxxxxxxxxxxxxxxxxxxxxxxxxxxxxxxxxxxxxxxxxxxxxxxxxxxxxxxxxxxxxxxxxxxxxxxxxxxxxxxxxxxxxxxxxxxxxxxxxxxxxxxxxxxxxxxxxxxxxxxxxxxxxxxxxxxxxxxxxxxxxxxxxx'),(368,66,'xxxxxxxxxxxxxxxxxxxxxxxxxxxxxxxxxxxxxxxxxxxxxxxxxxxxxxxxxxxxxxxxxxxxxxxxxxxxxxxxxxxxxxxxxxxxxxxxxxxxxxxxxxxxxxxxxxxxxxxxxxxxxxxxxxxxxxxxxxxxxxxxxxxxxxxxxxxxxxxxxxxxxxxxxxxxxxxxxxxxxxxxxxxxxxxxxxxxxxxx'),(369,67,'xxxxxxxxxxxxxxxxxxxxxxxxxxxxxxxxxxxxxxxxxxxxxxxxxxxxxxxxxxxxxxxxxxxxxxxxxxxxxxxxxxxxxxxxxxxxxxxxxxxxxxxxxxxxxxxxxxxxxxxxxxxxxxxxxxxxxxxxxxxxxxxxxxxxxxxxxxxxxxxxxxxxxxxxxxxxxxxxxxxxxxxxxxxxxxxxxxxxxxxx'),(370,68,'xxxxxxxxxxxxxxxxxxxxxxxxxxxxxxxxxxxxxxxxxxxxxxxxxxxxxxxxxxxxxxxxxxxxxxxxxxxxxxxxxxxxxxxxxxxxxxxxxxxxxxxxxxxxxxxxxxxxxxxxxxxxxxxxxxxxxxxxxxxxxxxxxxxxxxxxxxxxxxxxxxxxxxxxxxxxxxxxxxxxxxxxxxxxxxxxxxxxxxxx'),(371,69,'xxxxxxxxxxxxxxxxxxxxxxxxxxxxxxxxxxxxxxxxxxxxxxxxxxxxxxxxxxxxxxxxxxxxxxxxxxxxxxxxxxxxxxxxxxxxxxxxxxxxxxxxxxxxxxxxxxxxxxxxxxxxxxxxxxxxxxxxxxxxxxxxxxxxxxxxxxxxxxxxxxxxxxxxxxxxxxxxxxxxxxxxxxxxxxxxxxxxxxxx'),(372,70,'xxxxxxxxxxxxxxxxxxxxxxxxxxxxxxxxxxxxxxxxxxxxxxxxxxxxxxxxxxxxxxxxxxxxxxxxxxxxxxxxxxxxxxxxxxxxxxxxxxxxxxxxxxxxxxxxxxxxxxxxxxxxxxxxxxxxxxxxxxxxxxxxxxxxxxxxxxxxxxxxxxxxxxxxxxxxxxxxxxxxxxxxxxxxxxxxxxxxxxxx'),(373,71,'xxxxxxxxxxxxxxxxxxxxxxxxxxxxxxxxxxxxxxxxxxxxxxxxxxxxxxxxxxxxxxxxxxxxxxxxxxxxxxxxxxxxxxxxxxxxxxxxxxxxxxxxxxxxxxxxxxxxxxxxxxxxxxxxxxxxxxxxxxxxxxxxxxxxxxxxxxxxxxxxxxxxxxxxxxxxxxxxxxxxxxxxxxxxxxxxxxxxxxxx'),(374,72,'xxxxxxxxxxxxxxxxxxxxxxxxxxxxxxxxxxxxxxxxxxxxxxxxxxxxxxxxxxxxxxxxxxxxxxxxxxxxxxxxxxxxxxxxxxxxxxxxxxxxxxxxxxxxxxxxxxxxxxxxxxxxxxxxxxxxxxxxxxxxxxxxxxxxxxxxxxxxxxxxxxxxxxxxxxxxxxxxxxxxxxxxxxxxxxxxxxxxxxxx'),(375,73,'xxxxxxxxxxxxxxxxxxxxxxxxxxxxxxxxxxxxxxxxxxxxxxxxxxxxxxxxxxxxxxxxxxxxxxxxxxxxxxxxxxxxxxxxxxxxxxxxxxxxxxxxxxxxxxxxxxxxxxxxxxxxxxxxxxxxxxxxxxxxxxxxxxxxxxxxxxxxxxxxxxxxxxxxxxxxxxxxxxxxxxxxxxxxxxxxxxxxxxxx'),(376,74,'xxxxxxxxxxxxxxxxxxxxxxxxxxxxxxxxxxxxxxxxxxxxxxxxxxxxxxxxxxxxxxxxxxxxxxxxxxxxxxxxxxxxxxxxxxxxxxxxxxxxxxxxxxxxxxxxxxxxxxxxxxxxxxxxxxxxxxxxxxxxxxxxxxxxxxxxxxxxxxxxxxxxxxxxxxxxxxxxxxxxxxxxxxxxxxxxxxxxxxxx'),(377,75,'xxxxxxxxxxxxxxxxxxxxxxxxxxxxxxxxxxxxxxxxxxxxxxxxxxxxxxxxxxxxxxxxxxxxxxxxxxxxxxxxxxxxxxxxxxxxxxxxxxxxxxxxxxxxxxxxxxxxxxxxxxxxxxxxxxxxxxxxxxxxxxxxxxxxxxxxxxxxxxxxxxxxxxxxxxxxxxxxxxxxxxxxxxxxxxxxxxxxxxxx'),(378,76,'xxxxxxxxxxxxxxxxxxxxxxxxxxxxxxxxxxxxxxxxxxxxxxxxxxxxxxxxxxxxxxxxxxxxxxxxxxxxxxxxxxxxxxxxxxxxxxxxxxxxxxxxxxxxxxxxxxxxxxxxxxxxxxxxxxxxxxxxxxxxxxxxxxxxxxxxxxxxxxxxxxxxxxxxxxxxxxxxxxxxxxxxxxxxxxxxxxxxxxxx'),(379,77,'xxxxxxxxxxxxxxxxxxxxxxxxxxxxxxxxxxxxxxxxxxxxxxxxxxxxxxxxxxxxxxxxxxxxxxxxxxxxxxxxxxxxxxxxxxxxxxxxxxxxxxxxxxxxxxxxxxxxxxxxxxxxxxxxxxxxxxxxxxxxxxxxxxxxxxxxxxxxxxxxxxxxxxxxxxxxxxxxxxxxxxxxxxxxxxxxxxxxxxxx'),(380,78,'xxxxxxxxxxxxxxxxxxxxxxxxxxxxxxxxxxxxxxxxxxxxxxxxxxxxxxxxxxxxxxxxxxxxxxxxxxxxxxxxxxxxxxxxxxxxxxxxxxxxxxxxxxxxxxxxxxxxxxxxxxxxxxxxxxxxxxxxxxxxxxxxxxxxxxxxxxxxxxxxxxxxxxxxxxxxxxxxxxxxxxxxxxxxxxxxxxxxxxxx'),(381,79,'xxxxxxxxxxxxxxxxxxxxxxxxxxxxxxxxxxxxxxxxxxxxxxxxxxxxxxxxxxxxxxxxxxxxxxxxxxxxxxxxxxxxxxxxxxxxxxxxxxxxxxxxxxxxxxxxxxxxxxxxxxxxxxxxxxxxxxxxxxxxxxxxxxxxxxxxxxxxxxxxxxxxxxxxxxxxxxxxxxxxxxxxxxxxxxxxxxxxxxxx'),(382,80,'xxxxxxxxxxxxxxxxxxxxxxxxxxxxxxxxxxxxxxxxxxxxxxxxxxxxxxxxxxxxxxxxxxxxxxxxxxxxxxxxxxxxxxxxxxxxxxxxxxxxxxxxxxxxxxxxxxxxxxxxxxxxxxxxxxxxxxxxxxxxxxxxxxxxxxxxxxxxxxxxxxxxxxxxxxxxxxxxxxxxxxxxxxxxxxxxxxxxxxxx'),(383,81,'xxxxxxxxxxxxxxxxxxxxxxxxxxxxxxxxxxxxxxxxxxxxxxxxxxxxxxxxxxxxxxxxxxxxxxxxxxxxxxxxxxxxxxxxxxxxxxxxxxxxxxxxxxxxxxxxxxxxxxxxxxxxxxxxxxxxxxxxxxxxxxxxxxxxxxxxxxxxxxxxxxxxxxxxxxxxxxxxxxxxxxxxxxxxxxxxxxxxxxxx'),(384,82,'xxxxxxxxxxxxxxxxxxxxxxxxxxxxxxxxxxxxxxxxxxxxxxxxxxxxxxxxxxxxxxxxxxxxxxxxxxxxxxxxxxxxxxxxxxxxxxxxxxxxxxxxxxxxxxxxxxxxxxxxxxxxxxxxxxxxxxxxxxxxxxxxxxxxxxxxxxxxxxxxxxxxxxxxxxxxxxxxxxxxxxxxxxxxxxxxxxxxxxxx'),(385,83,'xxxxxxxxxxxxxxxxxxxxxxxxxxxxxxxxxxxxxxxxxxxxxxxxxxxxxxxxxxxxxxxxxxxxxxxxxxxxxxxxxxxxxxxxxxxxxxxxxxxxxxxxxxxxxxxxxxxxxxxxxxxxxxxxxxxxxxxxxxxxxxxxxxxxxxxxxxxxxxxxxxxxxxxxxxxxxxxxxxxxxxxxxxxxxxxxxxxxxxxx'),(386,84,'xxxxxxxxxxxxxxxxxxxxxxxxxxxxxxxxxxxxxxxxxxxxxxxxxxxxxxxxxxxxxxxxxxxxxxxxxxxxxxxxxxxxxxxxxxxxxxxxxxxxxxxxxxxxxxxxxxxxxxxxxxxxxxxxxxxxxxxxxxxxxxxxxxxxxxxxxxxxxxxxxxxxxxxxxxxxxxxxxxxxxxxxxxxxxxxxxxxxxxxx'),(387,85,'xxxxxxxxxxxxxxxxxxxxxxxxxxxxxxxxxxxxxxxxxxxxxxxxxxxxxxxxxxxxxxxxxxxxxxxxxxxxxxxxxxxxxxxxxxxxxxxxxxxxxxxxxxxxxxxxxxxxxxxxxxxxxxxxxxxxxxxxxxxxxxxxxxxxxxxxxxxxxxxxxxxxxxxxxxxxxxxxxxxxxxxxxxxxxxxxxxxxxxxx'),(388,86,'xxxxxxxxxxxxxxxxxxxxxxxxxxxxxxxxxxxxxxxxxxxxxxxxxxxxxxxxxxxxxxxxxxxxxxxxxxxxxxxxxxxxxxxxxxxxxxxxxxxxxxxxxxxxxxxxxxxxxxxxxxxxxxxxxxxxxxxxxxxxxxxxxxxxxxxxxxxxxxxxxxxxxxxxxxxxxxxxxxxxxxxxxxxxxxxxxxxxxxxx'),(389,87,'xxxxxxxxxxxxxxxxxxxxxxxxxxxxxxxxxxxxxxxxxxxxxxxxxxxxxxxxxxxxxxxxxxxxxxxxxxxxxxxxxxxxxxxxxxxxxxxxxxxxxxxxxxxxxxxxxxxxxxxxxxxxxxxxxxxxxxxxxxxxxxxxxxxxxxxxxxxxxxxxxxxxxxxxxxxxxxxxxxxxxxxxxxxxxxxxxxxxxxxx'),(390,88,'xxxxxxxxxxxxxxxxxxxxxxxxxxxxxxxxxxxxxxxxxxxxxxxxxxxxxxxxxxxxxxxxxxxxxxxxxxxxxxxxxxxxxxxxxxxxxxxxxxxxxxxxxxxxxxxxxxxxxxxxxxxxxxxxxxxxxxxxxxxxxxxxxxxxxxxxxxxxxxxxxxxxxxxxxxxxxxxxxxxxxxxxxxxxxxxxxxxxxxxx'),(391,89,'xxxxxxxxxxxxxxxxxxxxxxxxxxxxxxxxxxxxxxxxxxxxxxxxxxxxxxxxxxxxxxxxxxxxxxxxxxxxxxxxxxxxxxxxxxxxxxxxxxxxxxxxxxxxxxxxxxxxxxxxxxxxxxxxxxxxxxxxxxxxxxxxxxxxxxxxxxxxxxxxxxxxxxxxxxxxxxxxxxxxxxxxxxxxxxxxxxxxxxxx'),(392,90,'xxxxxxxxxxxxxxxxxxxxxxxxxxxxxxxxxxxxxxxxxxxxxxxxxxxxxxxxxxxxxxxxxxxxxxxxxxxxxxxxxxxxxxxxxxxxxxxxxxxxxxxxxxxxxxxxxxxxxxxxxxxxxxxxxxxxxxxxxxxxxxxxxxxxxxxxxxxxxxxxxxxxxxxxxxxxxxxxxxxxxxxxxxxxxxxxxxxxxxxx'),(393,91,'xxxxxxxxxxxxxxxxxxxxxxxxxxxxxxxxxxxxxxxxxxxxxxxxxxxxxxxxxxxxxxxxxxxxxxxxxxxxxxxxxxxxxxxxxxxxxxxxxxxxxxxxxxxxxxxxxxxxxxxxxxxxxxxxxxxxxxxxxxxxxxxxxxxxxxxxxxxxxxxxxxxxxxxxxxxxxxxxxxxxxxxxxxxxxxxxxxxxxxxx'),(394,92,'xxxxxxxxxxxxxxxxxxxxxxxxxxxxxxxxxxxxxxxxxxxxxxxxxxxxxxxxxxxxxxxxxxxxxxxxxxxxxxxxxxxxxxxxxxxxxxxxxxxxxxxxxxxxxxxxxxxxxxxxxxxxxxxxxxxxxxxxxxxxxxxxxxxxxxxxxxxxxxxxxxxxxxxxxxxxxxxxxxxxxxxxxxxxxxxxxxxxxxxx'),(395,93,'xxxxxxxxxxxxxxxxxxxxxxxxxxxxxxxxxxxxxxxxxxxxxxxxxxxxxxxxxxxxxxxxxxxxxxxxxxxxxxxxxxxxxxxxxxxxxxxxxxxxxxxxxxxxxxxxxxxxxxxxxxxxxxxxxxxxxxxxxxxxxxxxxxxxxxxxxxxxxxxxxxxxxxxxxxxxxxxxxxxxxxxxxxxxxxxxxxxxxxxx'),(396,94,'xxxxxxxxxxxxxxxxxxxxxxxxxxxxxxxxxxxxxxxxxxxxxxxxxxxxxxxxxxxxxxxxxxxxxxxxxxxxxxxxxxxxxxxxxxxxxxxxxxxxxxxxxxxxxxxxxxxxxxxxxxxxxxxxxxxxxxxxxxxxxxxxxxxxxxxxxxxxxxxxxxxxxxxxxxxxxxxxxxxxxxxxxxxxxxxxxxxxxxxx'),(397,95,'xxxxxxxxxxxxxxxxxxxxxxxxxxxxxxxxxxxxxxxxxxxxxxxxxxxxxxxxxxxxxxxxxxxxxxxxxxxxxxxxxxxxxxxxxxxxxxxxxxxxxxxxxxxxxxxxxxxxxxxxxxxxxxxxxxxxxxxxxxxxxxxxxxxxxxxxxxxxxxxxxxxxxxxxxxxxxxxxxxxxxxxxxxxxxxxxxxxxxxxx'),(398,96,'xxxxxxxxxxxxxxxxxxxxxxxxxxxxxxxxxxxxxxxxxxxxxxxxxxxxxxxxxxxxxxxxxxxxxxxxxxxxxxxxxxxxxxxxxxxxxxxxxxxxxxxxxxxxxxxxxxxxxxxxxxxxxxxxxxxxxxxxxxxxxxxxxxxxxxxxxxxxxxxxxxxxxxxxxxxxxxxxxxxxxxxxxxxxxxxxxxxxxxxx'),(399,97,'xxxxxxxxxxxxxxxxxxxxxxxxxxxxxxxxxxxxxxxxxxxxxxxxxxxxxxxxxxxxxxxxxxxxxxxxxxxxxxxxxxxxxxxxxxxxxxxxxxxxxxxxxxxxxxxxxxxxxxxxxxxxxxxxxxxxxxxxxxxxxxxxxxxxxxxxxxxxxxxxxxxxxxxxxxxxxxxxxxxxxxxxxxxxxxxxxxxxxxxx'),(400,98,'xxxxxxxxxxxxxxxxxxxxxxxxxxxxxxxxxxxxxxxxxxxxxxxxxxxxxxxxxxxxxxxxxxxxxxxxxxxxxxxxxxxxxxxxxxxxxxxxxxxxxxxxxxxxxxxxxxxxxxxxxxxxxxxxxxxxxxxxxxxxxxxxxxxxxxxxxxxxxxxxxxxxxxxxxxxxxxxxxxxxxxxxxxxxxxxxxxxxxxxx');
/*!40000 ALTER TABLE `b_perf_test` ENABLE KEYS */;
UNLOCK TABLES;

--
-- Table structure for table `b_rating`
--

DROP TABLE IF EXISTS `b_rating`;
/*!40101 SET @saved_cs_client     = @@character_set_client */;
/*!40101 SET character_set_client = utf8 */;
CREATE TABLE `b_rating` (
  `ID` int(11) NOT NULL AUTO_INCREMENT,
  `ACTIVE` char(1) COLLATE utf8_unicode_ci NOT NULL,
  `NAME` varchar(512) COLLATE utf8_unicode_ci NOT NULL,
  `ENTITY_ID` varchar(50) COLLATE utf8_unicode_ci NOT NULL,
  `CALCULATION_METHOD` varchar(3) COLLATE utf8_unicode_ci NOT NULL DEFAULT 'SUM',
  `CREATED` datetime DEFAULT NULL,
  `LAST_MODIFIED` datetime DEFAULT NULL,
  `LAST_CALCULATED` datetime DEFAULT NULL,
  `POSITION` char(1) COLLATE utf8_unicode_ci DEFAULT 'N',
  `AUTHORITY` char(1) COLLATE utf8_unicode_ci DEFAULT 'N',
  `CALCULATED` char(1) COLLATE utf8_unicode_ci NOT NULL DEFAULT 'N',
  `CONFIGS` text COLLATE utf8_unicode_ci DEFAULT NULL,
  PRIMARY KEY (`ID`)
) ENGINE=InnoDB AUTO_INCREMENT=3 DEFAULT CHARSET=utf8 COLLATE=utf8_unicode_ci;
/*!40101 SET character_set_client = @saved_cs_client */;

--
-- Dumping data for table `b_rating`
--

LOCK TABLES `b_rating` WRITE;
/*!40000 ALTER TABLE `b_rating` DISABLE KEYS */;
INSERT INTO `b_rating` VALUES (1,'N','Рейтинг','USER','SUM','2019-02-27 19:19:11',NULL,NULL,'Y','N','N','a:3:{s:4:\"MAIN\";a:2:{s:4:\"VOTE\";a:1:{s:4:\"USER\";a:2:{s:11:\"COEFFICIENT\";s:1:\"1\";s:5:\"LIMIT\";s:2:\"30\";}}s:6:\"RATING\";a:1:{s:5:\"BONUS\";a:2:{s:6:\"ACTIVE\";s:1:\"Y\";s:11:\"COEFFICIENT\";s:1:\"1\";}}}s:5:\"FORUM\";a:2:{s:4:\"VOTE\";a:2:{s:5:\"TOPIC\";a:3:{s:6:\"ACTIVE\";s:1:\"Y\";s:11:\"COEFFICIENT\";s:3:\"0.5\";s:5:\"LIMIT\";s:2:\"30\";}s:4:\"POST\";a:3:{s:6:\"ACTIVE\";s:1:\"Y\";s:11:\"COEFFICIENT\";s:3:\"0.1\";s:5:\"LIMIT\";s:2:\"30\";}}s:6:\"RATING\";a:1:{s:8:\"ACTIVITY\";a:9:{s:6:\"ACTIVE\";s:1:\"Y\";s:16:\"TODAY_TOPIC_COEF\";s:3:\"0.4\";s:15:\"WEEK_TOPIC_COEF\";s:3:\"0.2\";s:16:\"MONTH_TOPIC_COEF\";s:3:\"0.1\";s:14:\"ALL_TOPIC_COEF\";s:1:\"0\";s:15:\"TODAY_POST_COEF\";s:3:\"0.2\";s:14:\"WEEK_POST_COEF\";s:3:\"0.1\";s:15:\"MONTH_POST_COEF\";s:4:\"0.05\";s:13:\"ALL_POST_COEF\";s:1:\"0\";}}}s:4:\"BLOG\";a:2:{s:4:\"VOTE\";a:2:{s:4:\"POST\";a:3:{s:6:\"ACTIVE\";s:1:\"Y\";s:11:\"COEFFICIENT\";s:3:\"0.5\";s:5:\"LIMIT\";s:2:\"30\";}s:7:\"COMMENT\";a:3:{s:6:\"ACTIVE\";s:1:\"Y\";s:11:\"COEFFICIENT\";s:3:\"0.1\";s:5:\"LIMIT\";s:2:\"30\";}}s:6:\"RATING\";a:1:{s:8:\"ACTIVITY\";a:9:{s:6:\"ACTIVE\";s:1:\"Y\";s:15:\"TODAY_POST_COEF\";s:3:\"0.4\";s:14:\"WEEK_POST_COEF\";s:3:\"0.2\";s:15:\"MONTH_POST_COEF\";s:3:\"0.1\";s:13:\"ALL_POST_COEF\";s:1:\"0\";s:18:\"TODAY_COMMENT_COEF\";s:3:\"0.2\";s:17:\"WEEK_COMMENT_COEF\";s:3:\"0.1\";s:18:\"MONTH_COMMENT_COEF\";s:4:\"0.05\";s:16:\"ALL_COMMENT_COEF\";s:1:\"0\";}}}}'),(2,'N','Авторитет','USER','SUM','2019-02-27 19:19:11',NULL,NULL,'Y','Y','N','a:3:{s:4:\"MAIN\";a:2:{s:4:\"VOTE\";a:1:{s:4:\"USER\";a:3:{s:6:\"ACTIVE\";s:1:\"Y\";s:11:\"COEFFICIENT\";s:1:\"1\";s:5:\"LIMIT\";s:1:\"0\";}}s:6:\"RATING\";a:1:{s:5:\"BONUS\";a:2:{s:6:\"ACTIVE\";s:1:\"Y\";s:11:\"COEFFICIENT\";s:1:\"1\";}}}s:5:\"FORUM\";a:2:{s:4:\"VOTE\";a:2:{s:5:\"TOPIC\";a:2:{s:11:\"COEFFICIENT\";s:1:\"1\";s:5:\"LIMIT\";s:2:\"30\";}s:4:\"POST\";a:2:{s:11:\"COEFFICIENT\";s:1:\"1\";s:5:\"LIMIT\";s:2:\"30\";}}s:6:\"RATING\";a:1:{s:8:\"ACTIVITY\";a:8:{s:16:\"TODAY_TOPIC_COEF\";s:2:\"20\";s:15:\"WEEK_TOPIC_COEF\";s:2:\"10\";s:16:\"MONTH_TOPIC_COEF\";s:1:\"5\";s:14:\"ALL_TOPIC_COEF\";s:1:\"0\";s:15:\"TODAY_POST_COEF\";s:3:\"0.4\";s:14:\"WEEK_POST_COEF\";s:3:\"0.2\";s:15:\"MONTH_POST_COEF\";s:3:\"0.1\";s:13:\"ALL_POST_COEF\";s:1:\"0\";}}}s:4:\"BLOG\";a:2:{s:4:\"VOTE\";a:2:{s:4:\"POST\";a:2:{s:11:\"COEFFICIENT\";s:1:\"1\";s:5:\"LIMIT\";s:2:\"30\";}s:7:\"COMMENT\";a:2:{s:11:\"COEFFICIENT\";s:1:\"1\";s:5:\"LIMIT\";s:2:\"30\";}}s:6:\"RATING\";a:1:{s:8:\"ACTIVITY\";a:8:{s:15:\"TODAY_POST_COEF\";s:3:\"0.4\";s:14:\"WEEK_POST_COEF\";s:3:\"0.2\";s:15:\"MONTH_POST_COEF\";s:3:\"0.1\";s:13:\"ALL_POST_COEF\";s:1:\"0\";s:18:\"TODAY_COMMENT_COEF\";s:3:\"0.2\";s:17:\"WEEK_COMMENT_COEF\";s:3:\"0.1\";s:18:\"MONTH_COMMENT_COEF\";s:4:\"0.05\";s:16:\"ALL_COMMENT_COEF\";s:1:\"0\";}}}}');
/*!40000 ALTER TABLE `b_rating` ENABLE KEYS */;
UNLOCK TABLES;

--
-- Table structure for table `b_rating_component`
--

DROP TABLE IF EXISTS `b_rating_component`;
/*!40101 SET @saved_cs_client     = @@character_set_client */;
/*!40101 SET character_set_client = utf8 */;
CREATE TABLE `b_rating_component` (
  `ID` int(11) NOT NULL AUTO_INCREMENT,
  `RATING_ID` int(11) NOT NULL,
  `ACTIVE` char(1) COLLATE utf8_unicode_ci NOT NULL DEFAULT 'N',
  `ENTITY_ID` varchar(50) COLLATE utf8_unicode_ci NOT NULL,
  `MODULE_ID` varchar(50) COLLATE utf8_unicode_ci NOT NULL,
  `RATING_TYPE` varchar(50) COLLATE utf8_unicode_ci NOT NULL,
  `NAME` varchar(50) COLLATE utf8_unicode_ci NOT NULL,
  `COMPLEX_NAME` varchar(200) COLLATE utf8_unicode_ci NOT NULL,
  `CLASS` varchar(255) COLLATE utf8_unicode_ci NOT NULL,
  `CALC_METHOD` varchar(255) COLLATE utf8_unicode_ci NOT NULL,
  `EXCEPTION_METHOD` varchar(255) COLLATE utf8_unicode_ci DEFAULT NULL,
  `LAST_MODIFIED` datetime DEFAULT NULL,
  `LAST_CALCULATED` datetime DEFAULT NULL,
  `NEXT_CALCULATION` datetime DEFAULT NULL,
  `REFRESH_INTERVAL` int(11) NOT NULL,
  `CONFIG` text COLLATE utf8_unicode_ci DEFAULT NULL,
  PRIMARY KEY (`ID`),
  KEY `IX_RATING_ID_1` (`RATING_ID`,`ACTIVE`,`NEXT_CALCULATION`)
) ENGINE=InnoDB DEFAULT CHARSET=utf8 COLLATE=utf8_unicode_ci;
/*!40101 SET character_set_client = @saved_cs_client */;

--
-- Dumping data for table `b_rating_component`
--

LOCK TABLES `b_rating_component` WRITE;
/*!40000 ALTER TABLE `b_rating_component` DISABLE KEYS */;
/*!40000 ALTER TABLE `b_rating_component` ENABLE KEYS */;
UNLOCK TABLES;

--
-- Table structure for table `b_rating_component_results`
--

DROP TABLE IF EXISTS `b_rating_component_results`;
/*!40101 SET @saved_cs_client     = @@character_set_client */;
/*!40101 SET character_set_client = utf8 */;
CREATE TABLE `b_rating_component_results` (
  `ID` int(11) NOT NULL AUTO_INCREMENT,
  `RATING_ID` int(11) NOT NULL,
  `ENTITY_TYPE_ID` varchar(50) COLLATE utf8_unicode_ci NOT NULL,
  `ENTITY_ID` int(11) NOT NULL,
  `MODULE_ID` varchar(50) COLLATE utf8_unicode_ci NOT NULL,
  `RATING_TYPE` varchar(50) COLLATE utf8_unicode_ci NOT NULL,
  `NAME` varchar(50) COLLATE utf8_unicode_ci NOT NULL,
  `COMPLEX_NAME` varchar(200) COLLATE utf8_unicode_ci NOT NULL,
  `CURRENT_VALUE` decimal(18,4) DEFAULT NULL,
  PRIMARY KEY (`ID`),
  KEY `IX_ENTITY_TYPE_ID` (`ENTITY_TYPE_ID`),
  KEY `IX_COMPLEX_NAME` (`COMPLEX_NAME`),
  KEY `IX_RATING_ID_2` (`RATING_ID`,`COMPLEX_NAME`)
) ENGINE=InnoDB DEFAULT CHARSET=utf8 COLLATE=utf8_unicode_ci;
/*!40101 SET character_set_client = @saved_cs_client */;

--
-- Dumping data for table `b_rating_component_results`
--

LOCK TABLES `b_rating_component_results` WRITE;
/*!40000 ALTER TABLE `b_rating_component_results` DISABLE KEYS */;
/*!40000 ALTER TABLE `b_rating_component_results` ENABLE KEYS */;
UNLOCK TABLES;

--
-- Table structure for table `b_rating_prepare`
--

DROP TABLE IF EXISTS `b_rating_prepare`;
/*!40101 SET @saved_cs_client     = @@character_set_client */;
/*!40101 SET character_set_client = utf8 */;
CREATE TABLE `b_rating_prepare` (
  `ID` int(11) DEFAULT NULL
) ENGINE=InnoDB DEFAULT CHARSET=utf8 COLLATE=utf8_unicode_ci;
/*!40101 SET character_set_client = @saved_cs_client */;

--
-- Dumping data for table `b_rating_prepare`
--

LOCK TABLES `b_rating_prepare` WRITE;
/*!40000 ALTER TABLE `b_rating_prepare` DISABLE KEYS */;
/*!40000 ALTER TABLE `b_rating_prepare` ENABLE KEYS */;
UNLOCK TABLES;

--
-- Table structure for table `b_rating_results`
--

DROP TABLE IF EXISTS `b_rating_results`;
/*!40101 SET @saved_cs_client     = @@character_set_client */;
/*!40101 SET character_set_client = utf8 */;
CREATE TABLE `b_rating_results` (
  `ID` int(11) NOT NULL AUTO_INCREMENT,
  `RATING_ID` int(11) NOT NULL,
  `ENTITY_TYPE_ID` varchar(50) COLLATE utf8_unicode_ci NOT NULL,
  `ENTITY_ID` int(11) NOT NULL,
  `CURRENT_VALUE` decimal(18,4) DEFAULT NULL,
  `PREVIOUS_VALUE` decimal(18,4) DEFAULT NULL,
  `CURRENT_POSITION` int(11) DEFAULT 0,
  `PREVIOUS_POSITION` int(11) DEFAULT 0,
  PRIMARY KEY (`ID`),
  KEY `IX_RATING_3` (`RATING_ID`,`ENTITY_TYPE_ID`,`ENTITY_ID`),
  KEY `IX_RATING_4` (`RATING_ID`,`ENTITY_ID`)
) ENGINE=InnoDB DEFAULT CHARSET=utf8 COLLATE=utf8_unicode_ci;
/*!40101 SET character_set_client = @saved_cs_client */;

--
-- Dumping data for table `b_rating_results`
--

LOCK TABLES `b_rating_results` WRITE;
/*!40000 ALTER TABLE `b_rating_results` DISABLE KEYS */;
/*!40000 ALTER TABLE `b_rating_results` ENABLE KEYS */;
UNLOCK TABLES;

--
-- Table structure for table `b_rating_rule`
--

DROP TABLE IF EXISTS `b_rating_rule`;
/*!40101 SET @saved_cs_client     = @@character_set_client */;
/*!40101 SET character_set_client = utf8 */;
CREATE TABLE `b_rating_rule` (
  `ID` int(11) NOT NULL AUTO_INCREMENT,
  `ACTIVE` char(1) COLLATE utf8_unicode_ci NOT NULL DEFAULT 'N',
  `NAME` varchar(256) COLLATE utf8_unicode_ci NOT NULL,
  `ENTITY_TYPE_ID` varchar(50) COLLATE utf8_unicode_ci NOT NULL,
  `CONDITION_NAME` varchar(200) COLLATE utf8_unicode_ci NOT NULL,
  `CONDITION_MODULE` varchar(50) COLLATE utf8_unicode_ci DEFAULT NULL,
  `CONDITION_CLASS` varchar(255) COLLATE utf8_unicode_ci NOT NULL,
  `CONDITION_METHOD` varchar(255) COLLATE utf8_unicode_ci NOT NULL,
  `CONDITION_CONFIG` text COLLATE utf8_unicode_ci DEFAULT NULL,
  `ACTION_NAME` varchar(200) COLLATE utf8_unicode_ci NOT NULL,
  `ACTION_CONFIG` text COLLATE utf8_unicode_ci DEFAULT NULL,
  `ACTIVATE` char(1) COLLATE utf8_unicode_ci NOT NULL DEFAULT 'N',
  `ACTIVATE_CLASS` varchar(255) COLLATE utf8_unicode_ci NOT NULL,
  `ACTIVATE_METHOD` varchar(255) COLLATE utf8_unicode_ci NOT NULL,
  `DEACTIVATE` char(1) COLLATE utf8_unicode_ci NOT NULL DEFAULT 'N',
  `DEACTIVATE_CLASS` varchar(255) COLLATE utf8_unicode_ci NOT NULL,
  `DEACTIVATE_METHOD` varchar(255) COLLATE utf8_unicode_ci NOT NULL,
  `CREATED` datetime DEFAULT NULL,
  `LAST_MODIFIED` datetime DEFAULT NULL,
  `LAST_APPLIED` datetime DEFAULT NULL,
  PRIMARY KEY (`ID`)
) ENGINE=InnoDB AUTO_INCREMENT=6 DEFAULT CHARSET=utf8 COLLATE=utf8_unicode_ci;
/*!40101 SET character_set_client = @saved_cs_client */;

--
-- Dumping data for table `b_rating_rule`
--

LOCK TABLES `b_rating_rule` WRITE;
/*!40000 ALTER TABLE `b_rating_rule` DISABLE KEYS */;
INSERT INTO `b_rating_rule` VALUES (1,'N','Добавление в группу пользователей, имеющих право голосовать за рейтинг','USER','AUTHORITY',NULL,'CRatingRulesMain','ratingCheck','a:1:{s:9:\"AUTHORITY\";a:2:{s:16:\"RATING_CONDITION\";i:1;s:12:\"RATING_VALUE\";i:1;}}','ADD_TO_GROUP','a:1:{s:12:\"ADD_TO_GROUP\";a:1:{s:8:\"GROUP_ID\";s:1:\"3\";}}','N','CRatingRulesMain','addToGroup','N','CRatingRulesMain ','addToGroup','2019-02-27 19:19:11','2019-02-27 19:19:11',NULL),(2,'N','Удаление из группы пользователей, не имеющих права голосовать за рейтинг','USER','AUTHORITY',NULL,'CRatingRulesMain','ratingCheck','a:1:{s:9:\"AUTHORITY\";a:2:{s:16:\"RATING_CONDITION\";i:2;s:12:\"RATING_VALUE\";i:1;}}','REMOVE_FROM_GROUP','a:1:{s:17:\"REMOVE_FROM_GROUP\";a:1:{s:8:\"GROUP_ID\";s:1:\"3\";}}','N','CRatingRulesMain','removeFromGroup','N','CRatingRulesMain ','removeFromGroup','2019-02-27 19:19:11','2019-02-27 19:19:11',NULL),(3,'N','Добавление в группу пользователей, имеющих право голосовать за авторитет','USER','AUTHORITY',NULL,'CRatingRulesMain','ratingCheck','a:1:{s:9:\"AUTHORITY\";a:2:{s:16:\"RATING_CONDITION\";i:1;s:12:\"RATING_VALUE\";i:2;}}','ADD_TO_GROUP','a:1:{s:12:\"ADD_TO_GROUP\";a:1:{s:8:\"GROUP_ID\";s:1:\"4\";}}','N','CRatingRulesMain','addToGroup','N','CRatingRulesMain ','addToGroup','2019-02-27 19:19:11','2019-02-27 19:19:11',NULL),(4,'N','Удаление из группы пользователей, не имеющих права голосовать за авторитет','USER','AUTHORITY',NULL,'CRatingRulesMain','ratingCheck','a:1:{s:9:\"AUTHORITY\";a:2:{s:16:\"RATING_CONDITION\";i:2;s:12:\"RATING_VALUE\";i:2;}}','REMOVE_FROM_GROUP','a:1:{s:17:\"REMOVE_FROM_GROUP\";a:1:{s:8:\"GROUP_ID\";s:1:\"4\";}}','N','CRatingRulesMain','removeFromGroup','N','CRatingRulesMain ','removeFromGroup','2019-02-27 19:19:11','2019-02-27 19:19:11',NULL),(5,'Y','Автоматическое голосование за авторитет пользователя','USER','VOTE',NULL,'CRatingRulesMain','voteCheck','a:1:{s:4:\"VOTE\";a:6:{s:10:\"VOTE_LIMIT\";i:90;s:11:\"VOTE_RESULT\";i:10;s:16:\"VOTE_FORUM_TOPIC\";d:0.5;s:15:\"VOTE_FORUM_POST\";d:0.1;s:14:\"VOTE_BLOG_POST\";d:0.5;s:17:\"VOTE_BLOG_COMMENT\";d:0.1;}}','empty','a:0:{}','N','empty','empty','N','empty ','empty','2019-02-27 19:19:11','2019-02-27 19:19:11',NULL);
/*!40000 ALTER TABLE `b_rating_rule` ENABLE KEYS */;
UNLOCK TABLES;

--
-- Table structure for table `b_rating_rule_vetting`
--

DROP TABLE IF EXISTS `b_rating_rule_vetting`;
/*!40101 SET @saved_cs_client     = @@character_set_client */;
/*!40101 SET character_set_client = utf8 */;
CREATE TABLE `b_rating_rule_vetting` (
  `ID` int(11) NOT NULL AUTO_INCREMENT,
  `RULE_ID` int(11) NOT NULL,
  `ENTITY_TYPE_ID` varchar(50) COLLATE utf8_unicode_ci NOT NULL,
  `ENTITY_ID` int(11) NOT NULL,
  `ACTIVATE` char(1) COLLATE utf8_unicode_ci NOT NULL DEFAULT 'N',
  `APPLIED` char(1) COLLATE utf8_unicode_ci NOT NULL DEFAULT 'N',
  PRIMARY KEY (`ID`),
  KEY `RULE_ID` (`RULE_ID`,`ENTITY_TYPE_ID`,`ENTITY_ID`)
) ENGINE=InnoDB DEFAULT CHARSET=utf8 COLLATE=utf8_unicode_ci;
/*!40101 SET character_set_client = @saved_cs_client */;

--
-- Dumping data for table `b_rating_rule_vetting`
--

LOCK TABLES `b_rating_rule_vetting` WRITE;
/*!40000 ALTER TABLE `b_rating_rule_vetting` DISABLE KEYS */;
/*!40000 ALTER TABLE `b_rating_rule_vetting` ENABLE KEYS */;
UNLOCK TABLES;

--
-- Table structure for table `b_rating_user`
--

DROP TABLE IF EXISTS `b_rating_user`;
/*!40101 SET @saved_cs_client     = @@character_set_client */;
/*!40101 SET character_set_client = utf8 */;
CREATE TABLE `b_rating_user` (
  `ID` int(11) NOT NULL AUTO_INCREMENT,
  `RATING_ID` int(11) NOT NULL,
  `ENTITY_ID` int(11) NOT NULL,
  `BONUS` decimal(18,4) DEFAULT 0.0000,
  `VOTE_WEIGHT` decimal(18,4) DEFAULT 0.0000,
  `VOTE_COUNT` int(11) DEFAULT 0,
  PRIMARY KEY (`ID`),
  KEY `RATING_ID` (`RATING_ID`,`ENTITY_ID`),
  KEY `IX_B_RAT_USER_2` (`ENTITY_ID`)
) ENGINE=InnoDB AUTO_INCREMENT=6 DEFAULT CHARSET=utf8 COLLATE=utf8_unicode_ci;
/*!40101 SET character_set_client = @saved_cs_client */;

--
-- Dumping data for table `b_rating_user`
--

LOCK TABLES `b_rating_user` WRITE;
/*!40000 ALTER TABLE `b_rating_user` DISABLE KEYS */;
INSERT INTO `b_rating_user` VALUES (1,2,1,3.0000,30.0000,13),(2,2,2,3.0000,30.0000,13),(3,2,3,3.0000,30.0000,13),(4,2,4,3.0000,30.0000,13),(5,2,5,3.0000,30.0000,13);
/*!40000 ALTER TABLE `b_rating_user` ENABLE KEYS */;
UNLOCK TABLES;

--
-- Table structure for table `b_rating_vote`
--

DROP TABLE IF EXISTS `b_rating_vote`;
/*!40101 SET @saved_cs_client     = @@character_set_client */;
/*!40101 SET character_set_client = utf8 */;
CREATE TABLE `b_rating_vote` (
  `ID` int(11) NOT NULL AUTO_INCREMENT,
  `RATING_VOTING_ID` int(11) NOT NULL,
  `ENTITY_TYPE_ID` varchar(50) COLLATE utf8_unicode_ci NOT NULL,
  `ENTITY_ID` int(11) NOT NULL,
  `OWNER_ID` int(11) NOT NULL,
  `VALUE` decimal(18,4) NOT NULL,
  `ACTIVE` char(1) COLLATE utf8_unicode_ci NOT NULL,
  `CREATED` datetime NOT NULL,
  `USER_ID` int(11) NOT NULL,
  `USER_IP` varchar(64) COLLATE utf8_unicode_ci NOT NULL,
  `REACTION` varchar(8) COLLATE utf8_unicode_ci DEFAULT NULL,
  PRIMARY KEY (`ID`),
  KEY `IX_RAT_VOTE_ID` (`RATING_VOTING_ID`,`USER_ID`),
  KEY `IX_RAT_VOTE_ID_2` (`ENTITY_TYPE_ID`,`ENTITY_ID`,`USER_ID`),
  KEY `IX_RAT_VOTE_ID_3` (`OWNER_ID`,`CREATED`),
  KEY `IX_RAT_VOTE_ID_4` (`USER_ID`),
  KEY `IX_RAT_VOTE_ID_5` (`CREATED`,`VALUE`),
  KEY `IX_RAT_VOTE_ID_6` (`ACTIVE`),
  KEY `IX_RAT_VOTE_ID_7` (`RATING_VOTING_ID`,`CREATED`),
  KEY `IX_RAT_VOTE_ID_8` (`ENTITY_TYPE_ID`,`CREATED`),
  KEY `IX_RAT_VOTE_ID_9` (`CREATED`,`USER_ID`)
) ENGINE=InnoDB DEFAULT CHARSET=utf8 COLLATE=utf8_unicode_ci;
/*!40101 SET character_set_client = @saved_cs_client */;

--
-- Dumping data for table `b_rating_vote`
--

LOCK TABLES `b_rating_vote` WRITE;
/*!40000 ALTER TABLE `b_rating_vote` DISABLE KEYS */;
/*!40000 ALTER TABLE `b_rating_vote` ENABLE KEYS */;
UNLOCK TABLES;

--
-- Table structure for table `b_rating_vote_group`
--

DROP TABLE IF EXISTS `b_rating_vote_group`;
/*!40101 SET @saved_cs_client     = @@character_set_client */;
/*!40101 SET character_set_client = utf8 */;
CREATE TABLE `b_rating_vote_group` (
  `ID` int(11) NOT NULL AUTO_INCREMENT,
  `GROUP_ID` int(11) NOT NULL,
  `TYPE` char(1) COLLATE utf8_unicode_ci NOT NULL,
  PRIMARY KEY (`ID`),
  KEY `RATING_ID` (`GROUP_ID`,`TYPE`)
) ENGINE=InnoDB AUTO_INCREMENT=7 DEFAULT CHARSET=utf8 COLLATE=utf8_unicode_ci;
/*!40101 SET character_set_client = @saved_cs_client */;

--
-- Dumping data for table `b_rating_vote_group`
--

LOCK TABLES `b_rating_vote_group` WRITE;
/*!40000 ALTER TABLE `b_rating_vote_group` DISABLE KEYS */;
INSERT INTO `b_rating_vote_group` VALUES (5,1,'A'),(1,1,'R'),(3,1,'R'),(2,3,'R'),(4,3,'R'),(6,4,'A');
/*!40000 ALTER TABLE `b_rating_vote_group` ENABLE KEYS */;
UNLOCK TABLES;

--
-- Table structure for table `b_rating_voting`
--

DROP TABLE IF EXISTS `b_rating_voting`;
/*!40101 SET @saved_cs_client     = @@character_set_client */;
/*!40101 SET character_set_client = utf8 */;
CREATE TABLE `b_rating_voting` (
  `ID` int(11) NOT NULL AUTO_INCREMENT,
  `ENTITY_TYPE_ID` varchar(50) COLLATE utf8_unicode_ci NOT NULL,
  `ENTITY_ID` int(11) NOT NULL,
  `OWNER_ID` int(11) NOT NULL,
  `ACTIVE` char(1) COLLATE utf8_unicode_ci NOT NULL,
  `CREATED` datetime DEFAULT NULL,
  `LAST_CALCULATED` datetime DEFAULT NULL,
  `TOTAL_VALUE` decimal(18,4) NOT NULL,
  `TOTAL_VOTES` int(11) NOT NULL,
  `TOTAL_POSITIVE_VOTES` int(11) NOT NULL,
  `TOTAL_NEGATIVE_VOTES` int(11) NOT NULL,
  PRIMARY KEY (`ID`),
  KEY `IX_ENTITY_TYPE_ID_2` (`ENTITY_TYPE_ID`,`ENTITY_ID`,`ACTIVE`),
  KEY `IX_ENTITY_TYPE_ID_4` (`TOTAL_VALUE`)
) ENGINE=InnoDB DEFAULT CHARSET=utf8 COLLATE=utf8_unicode_ci;
/*!40101 SET character_set_client = @saved_cs_client */;

--
-- Dumping data for table `b_rating_voting`
--

LOCK TABLES `b_rating_voting` WRITE;
/*!40000 ALTER TABLE `b_rating_voting` DISABLE KEYS */;
/*!40000 ALTER TABLE `b_rating_voting` ENABLE KEYS */;
UNLOCK TABLES;

--
-- Table structure for table `b_rating_voting_prepare`
--

DROP TABLE IF EXISTS `b_rating_voting_prepare`;
/*!40101 SET @saved_cs_client     = @@character_set_client */;
/*!40101 SET character_set_client = utf8 */;
CREATE TABLE `b_rating_voting_prepare` (
  `ID` int(11) NOT NULL AUTO_INCREMENT,
  `RATING_VOTING_ID` int(11) NOT NULL,
  `TOTAL_VALUE` decimal(18,4) NOT NULL,
  `TOTAL_VOTES` int(11) NOT NULL,
  `TOTAL_POSITIVE_VOTES` int(11) NOT NULL,
  `TOTAL_NEGATIVE_VOTES` int(11) NOT NULL,
  PRIMARY KEY (`ID`),
  KEY `IX_RATING_VOTING_ID` (`RATING_VOTING_ID`)
) ENGINE=InnoDB DEFAULT CHARSET=utf8 COLLATE=utf8_unicode_ci;
/*!40101 SET character_set_client = @saved_cs_client */;

--
-- Dumping data for table `b_rating_voting_prepare`
--

LOCK TABLES `b_rating_voting_prepare` WRITE;
/*!40000 ALTER TABLE `b_rating_voting_prepare` DISABLE KEYS */;
/*!40000 ALTER TABLE `b_rating_voting_prepare` ENABLE KEYS */;
UNLOCK TABLES;

--
-- Table structure for table `b_rating_voting_reaction`
--

DROP TABLE IF EXISTS `b_rating_voting_reaction`;
/*!40101 SET @saved_cs_client     = @@character_set_client */;
/*!40101 SET character_set_client = utf8 */;
CREATE TABLE `b_rating_voting_reaction` (
  `ENTITY_TYPE_ID` varchar(50) COLLATE utf8_unicode_ci NOT NULL,
  `ENTITY_ID` int(11) NOT NULL,
  `REACTION` varchar(8) COLLATE utf8_unicode_ci NOT NULL DEFAULT '',
  `TOTAL_VOTES` int(11) NOT NULL,
  PRIMARY KEY (`ENTITY_TYPE_ID`,`ENTITY_ID`,`REACTION`)
) ENGINE=InnoDB DEFAULT CHARSET=utf8 COLLATE=utf8_unicode_ci;
/*!40101 SET character_set_client = @saved_cs_client */;

--
-- Dumping data for table `b_rating_voting_reaction`
--

LOCK TABLES `b_rating_voting_reaction` WRITE;
/*!40000 ALTER TABLE `b_rating_voting_reaction` DISABLE KEYS */;
/*!40000 ALTER TABLE `b_rating_voting_reaction` ENABLE KEYS */;
UNLOCK TABLES;

--
-- Table structure for table `b_rating_weight`
--

DROP TABLE IF EXISTS `b_rating_weight`;
/*!40101 SET @saved_cs_client     = @@character_set_client */;
/*!40101 SET character_set_client = utf8 */;
CREATE TABLE `b_rating_weight` (
  `ID` int(11) NOT NULL AUTO_INCREMENT,
  `RATING_FROM` decimal(18,4) NOT NULL,
  `RATING_TO` decimal(18,4) NOT NULL,
  `WEIGHT` decimal(18,4) DEFAULT 0.0000,
  `COUNT` int(11) DEFAULT 0,
  PRIMARY KEY (`ID`)
) ENGINE=InnoDB AUTO_INCREMENT=2 DEFAULT CHARSET=utf8 COLLATE=utf8_unicode_ci;
/*!40101 SET character_set_client = @saved_cs_client */;

--
-- Dumping data for table `b_rating_weight`
--

LOCK TABLES `b_rating_weight` WRITE;
/*!40000 ALTER TABLE `b_rating_weight` DISABLE KEYS */;
INSERT INTO `b_rating_weight` VALUES (1,-1000000.0000,1000000.0000,1.0000,10);
/*!40000 ALTER TABLE `b_rating_weight` ENABLE KEYS */;
UNLOCK TABLES;

--
-- Table structure for table `b_rest_ap`
--

DROP TABLE IF EXISTS `b_rest_ap`;
/*!40101 SET @saved_cs_client     = @@character_set_client */;
/*!40101 SET character_set_client = utf8 */;
CREATE TABLE `b_rest_ap` (
  `ID` int(11) NOT NULL AUTO_INCREMENT,
  `USER_ID` int(11) NOT NULL,
  `PASSWORD` varchar(50) COLLATE utf8_unicode_ci NOT NULL,
  `ACTIVE` char(1) COLLATE utf8_unicode_ci DEFAULT 'Y',
  `TITLE` varchar(255) COLLATE utf8_unicode_ci DEFAULT '',
  `COMMENT` varchar(255) COLLATE utf8_unicode_ci DEFAULT '',
  `DATE_CREATE` datetime DEFAULT NULL,
  `DATE_LOGIN` datetime DEFAULT NULL,
  `LAST_IP` varchar(255) COLLATE utf8_unicode_ci DEFAULT NULL,
  PRIMARY KEY (`ID`),
  KEY `ix_b_rest_ap` (`USER_ID`,`PASSWORD`,`ACTIVE`)
) ENGINE=InnoDB DEFAULT CHARSET=utf8 COLLATE=utf8_unicode_ci;
/*!40101 SET character_set_client = @saved_cs_client */;

--
-- Dumping data for table `b_rest_ap`
--

LOCK TABLES `b_rest_ap` WRITE;
/*!40000 ALTER TABLE `b_rest_ap` DISABLE KEYS */;
/*!40000 ALTER TABLE `b_rest_ap` ENABLE KEYS */;
UNLOCK TABLES;

--
-- Table structure for table `b_rest_ap_permission`
--

DROP TABLE IF EXISTS `b_rest_ap_permission`;
/*!40101 SET @saved_cs_client     = @@character_set_client */;
/*!40101 SET character_set_client = utf8 */;
CREATE TABLE `b_rest_ap_permission` (
  `ID` int(11) NOT NULL AUTO_INCREMENT,
  `PASSWORD_ID` int(11) NOT NULL,
  `PERM` varchar(100) COLLATE utf8_unicode_ci NOT NULL,
  PRIMARY KEY (`ID`),
  UNIQUE KEY `ux_b_rest_ap_perm1` (`PASSWORD_ID`,`PERM`)
) ENGINE=InnoDB DEFAULT CHARSET=utf8 COLLATE=utf8_unicode_ci;
/*!40101 SET character_set_client = @saved_cs_client */;

--
-- Dumping data for table `b_rest_ap_permission`
--

LOCK TABLES `b_rest_ap_permission` WRITE;
/*!40000 ALTER TABLE `b_rest_ap_permission` DISABLE KEYS */;
/*!40000 ALTER TABLE `b_rest_ap_permission` ENABLE KEYS */;
UNLOCK TABLES;

--
-- Table structure for table `b_rest_app`
--

DROP TABLE IF EXISTS `b_rest_app`;
/*!40101 SET @saved_cs_client     = @@character_set_client */;
/*!40101 SET character_set_client = utf8 */;
CREATE TABLE `b_rest_app` (
  `ID` int(11) NOT NULL AUTO_INCREMENT,
  `CLIENT_ID` varchar(128) COLLATE utf8_unicode_ci NOT NULL,
  `CODE` varchar(128) COLLATE utf8_unicode_ci NOT NULL,
  `ACTIVE` char(1) COLLATE utf8_unicode_ci NOT NULL DEFAULT 'Y',
  `INSTALLED` char(1) COLLATE utf8_unicode_ci NOT NULL DEFAULT 'N',
  `URL` varchar(1000) COLLATE utf8_unicode_ci NOT NULL,
  `URL_DEMO` varchar(1000) COLLATE utf8_unicode_ci DEFAULT NULL,
  `URL_INSTALL` varchar(1000) COLLATE utf8_unicode_ci DEFAULT NULL,
  `VERSION` varchar(4) COLLATE utf8_unicode_ci DEFAULT '1',
  `SCOPE` varchar(2000) COLLATE utf8_unicode_ci NOT NULL,
  `STATUS` char(1) COLLATE utf8_unicode_ci NOT NULL DEFAULT 'F',
  `DATE_FINISH` date DEFAULT NULL,
  `IS_TRIALED` char(1) COLLATE utf8_unicode_ci DEFAULT 'N',
  `SHARED_KEY` varchar(32) COLLATE utf8_unicode_ci DEFAULT NULL,
  `CLIENT_SECRET` varchar(100) COLLATE utf8_unicode_ci DEFAULT NULL,
  `APP_NAME` varchar(1000) COLLATE utf8_unicode_ci DEFAULT NULL,
  `ACCESS` varchar(2000) COLLATE utf8_unicode_ci DEFAULT '',
  `APPLICATION_TOKEN` varchar(50) COLLATE utf8_unicode_ci DEFAULT '',
  `MOBILE` char(1) COLLATE utf8_unicode_ci DEFAULT 'N',
  `USER_INSTALL` char(1) COLLATE utf8_unicode_ci DEFAULT 'N',
  PRIMARY KEY (`ID`),
  UNIQUE KEY `ux_b_rest_app1` (`CLIENT_ID`)
) ENGINE=InnoDB DEFAULT CHARSET=utf8 COLLATE=utf8_unicode_ci;
/*!40101 SET character_set_client = @saved_cs_client */;

--
-- Dumping data for table `b_rest_app`
--

LOCK TABLES `b_rest_app` WRITE;
/*!40000 ALTER TABLE `b_rest_app` DISABLE KEYS */;
/*!40000 ALTER TABLE `b_rest_app` ENABLE KEYS */;
UNLOCK TABLES;

--
-- Table structure for table `b_rest_app_lang`
--

DROP TABLE IF EXISTS `b_rest_app_lang`;
/*!40101 SET @saved_cs_client     = @@character_set_client */;
/*!40101 SET character_set_client = utf8 */;
CREATE TABLE `b_rest_app_lang` (
  `ID` int(11) NOT NULL AUTO_INCREMENT,
  `APP_ID` int(11) NOT NULL,
  `LANGUAGE_ID` char(2) COLLATE utf8_unicode_ci NOT NULL,
  `MENU_NAME` varchar(500) COLLATE utf8_unicode_ci DEFAULT NULL,
  PRIMARY KEY (`ID`),
  UNIQUE KEY `ux_b_rest_app_lang1` (`APP_ID`,`LANGUAGE_ID`)
) ENGINE=InnoDB DEFAULT CHARSET=utf8 COLLATE=utf8_unicode_ci;
/*!40101 SET character_set_client = @saved_cs_client */;

--
-- Dumping data for table `b_rest_app_lang`
--

LOCK TABLES `b_rest_app_lang` WRITE;
/*!40000 ALTER TABLE `b_rest_app_lang` DISABLE KEYS */;
/*!40000 ALTER TABLE `b_rest_app_lang` ENABLE KEYS */;
UNLOCK TABLES;

--
-- Table structure for table `b_rest_app_log`
--

DROP TABLE IF EXISTS `b_rest_app_log`;
/*!40101 SET @saved_cs_client     = @@character_set_client */;
/*!40101 SET character_set_client = utf8 */;
CREATE TABLE `b_rest_app_log` (
  `ID` int(11) NOT NULL AUTO_INCREMENT,
  `TIMESTAMP_X` timestamp NOT NULL DEFAULT current_timestamp(),
  `APP_ID` int(11) NOT NULL,
  `ACTION_TYPE` varchar(50) COLLATE utf8_unicode_ci NOT NULL,
  `USER_ID` int(11) NOT NULL,
  `USER_ADMIN` char(1) COLLATE utf8_unicode_ci DEFAULT 'Y',
  PRIMARY KEY (`ID`),
  KEY `ix_b_rest_app_log1` (`APP_ID`)
) ENGINE=InnoDB DEFAULT CHARSET=utf8 COLLATE=utf8_unicode_ci;
/*!40101 SET character_set_client = @saved_cs_client */;

--
-- Dumping data for table `b_rest_app_log`
--

LOCK TABLES `b_rest_app_log` WRITE;
/*!40000 ALTER TABLE `b_rest_app_log` DISABLE KEYS */;
/*!40000 ALTER TABLE `b_rest_app_log` ENABLE KEYS */;
UNLOCK TABLES;

--
-- Table structure for table `b_rest_event`
--

DROP TABLE IF EXISTS `b_rest_event`;
/*!40101 SET @saved_cs_client     = @@character_set_client */;
/*!40101 SET character_set_client = utf8 */;
CREATE TABLE `b_rest_event` (
  `ID` int(11) NOT NULL AUTO_INCREMENT,
  `APP_ID` int(11) DEFAULT NULL,
  `EVENT_NAME` varchar(255) COLLATE utf8_unicode_ci NOT NULL,
  `EVENT_HANDLER` varchar(255) COLLATE utf8_unicode_ci NOT NULL,
  `USER_ID` int(11) DEFAULT 0,
  `TITLE` varchar(255) COLLATE utf8_unicode_ci DEFAULT '',
  `COMMENT` varchar(255) COLLATE utf8_unicode_ci DEFAULT '',
  `DATE_CREATE` datetime DEFAULT NULL,
  `APPLICATION_TOKEN` varchar(50) COLLATE utf8_unicode_ci DEFAULT '',
  `CONNECTOR_ID` varchar(255) COLLATE utf8_unicode_ci DEFAULT '',
  PRIMARY KEY (`ID`),
  UNIQUE KEY `ux_b_rest_event_app_event` (`APP_ID`,`EVENT_NAME`(50),`EVENT_HANDLER`(180),`USER_ID`,`CONNECTOR_ID`(70)),
  KEY `ix_b_rest_event_app_id` (`APP_ID`),
  KEY `ix_b_rest_event_event_name` (`EVENT_NAME`)
) ENGINE=InnoDB DEFAULT CHARSET=utf8 COLLATE=utf8_unicode_ci;
/*!40101 SET character_set_client = @saved_cs_client */;

--
-- Dumping data for table `b_rest_event`
--

LOCK TABLES `b_rest_event` WRITE;
/*!40000 ALTER TABLE `b_rest_event` DISABLE KEYS */;
/*!40000 ALTER TABLE `b_rest_event` ENABLE KEYS */;
UNLOCK TABLES;

--
-- Table structure for table `b_rest_event_offline`
--

DROP TABLE IF EXISTS `b_rest_event_offline`;
/*!40101 SET @saved_cs_client     = @@character_set_client */;
/*!40101 SET character_set_client = utf8 */;
CREATE TABLE `b_rest_event_offline` (
  `ID` int(11) NOT NULL AUTO_INCREMENT,
  `TIMESTAMP_X` timestamp NULL DEFAULT current_timestamp(),
  `MESSAGE_ID` varchar(100) COLLATE utf8_unicode_ci NOT NULL,
  `APP_ID` int(11) NOT NULL,
  `EVENT_NAME` varchar(255) COLLATE utf8_unicode_ci NOT NULL,
  `EVENT_DATA` text COLLATE utf8_unicode_ci DEFAULT NULL,
  `EVENT_ADDITIONAL` text COLLATE utf8_unicode_ci DEFAULT NULL,
  `PROCESS_ID` varchar(255) COLLATE utf8_unicode_ci DEFAULT '',
  `CONNECTOR_ID` varchar(255) COLLATE utf8_unicode_ci DEFAULT '',
  `ERROR` int(3) DEFAULT 0,
  PRIMARY KEY (`ID`),
  UNIQUE KEY `ux_b_rest_event_offline1` (`MESSAGE_ID`(50),`APP_ID`,`CONNECTOR_ID`(100),`PROCESS_ID`(50)),
  KEY `ix_b_rest_event_offline2` (`TIMESTAMP_X`)
) ENGINE=InnoDB DEFAULT CHARSET=utf8 COLLATE=utf8_unicode_ci;
/*!40101 SET character_set_client = @saved_cs_client */;

--
-- Dumping data for table `b_rest_event_offline`
--

LOCK TABLES `b_rest_event_offline` WRITE;
/*!40000 ALTER TABLE `b_rest_event_offline` DISABLE KEYS */;
/*!40000 ALTER TABLE `b_rest_event_offline` ENABLE KEYS */;
UNLOCK TABLES;

--
-- Table structure for table `b_rest_log`
--

DROP TABLE IF EXISTS `b_rest_log`;
/*!40101 SET @saved_cs_client     = @@character_set_client */;
/*!40101 SET character_set_client = utf8 */;
CREATE TABLE `b_rest_log` (
  `ID` int(11) NOT NULL AUTO_INCREMENT,
  `TIMESTAMP_X` timestamp NOT NULL DEFAULT current_timestamp(),
  `CLIENT_ID` varchar(45) COLLATE utf8_unicode_ci DEFAULT NULL,
  `PASSWORD_ID` int(11) DEFAULT NULL,
  `SCOPE` varchar(50) COLLATE utf8_unicode_ci DEFAULT NULL,
  `METHOD` varchar(255) COLLATE utf8_unicode_ci DEFAULT NULL,
  `REQUEST_METHOD` varchar(10) COLLATE utf8_unicode_ci DEFAULT NULL,
  `REQUEST_URI` varchar(255) COLLATE utf8_unicode_ci DEFAULT NULL,
  `REQUEST_AUTH` text COLLATE utf8_unicode_ci DEFAULT NULL,
  `REQUEST_DATA` text COLLATE utf8_unicode_ci DEFAULT NULL,
  `RESPONSE_STATUS` varchar(20) COLLATE utf8_unicode_ci DEFAULT NULL,
  `RESPONSE_DATA` longtext COLLATE utf8_unicode_ci DEFAULT NULL,
  PRIMARY KEY (`ID`)
) ENGINE=InnoDB DEFAULT CHARSET=utf8 COLLATE=utf8_unicode_ci;
/*!40101 SET character_set_client = @saved_cs_client */;

--
-- Dumping data for table `b_rest_log`
--

LOCK TABLES `b_rest_log` WRITE;
/*!40000 ALTER TABLE `b_rest_log` DISABLE KEYS */;
/*!40000 ALTER TABLE `b_rest_log` ENABLE KEYS */;
UNLOCK TABLES;

--
-- Table structure for table `b_rest_placement`
--

DROP TABLE IF EXISTS `b_rest_placement`;
/*!40101 SET @saved_cs_client     = @@character_set_client */;
/*!40101 SET character_set_client = utf8 */;
CREATE TABLE `b_rest_placement` (
  `ID` int(11) NOT NULL AUTO_INCREMENT,
  `APP_ID` int(11) DEFAULT NULL,
  `PLACEMENT` varchar(255) COLLATE utf8_unicode_ci NOT NULL,
  `PLACEMENT_HANDLER` varchar(255) COLLATE utf8_unicode_ci NOT NULL,
  `TITLE` varchar(255) COLLATE utf8_unicode_ci DEFAULT '',
  `COMMENT` varchar(255) COLLATE utf8_unicode_ci DEFAULT '',
  `DATE_CREATE` datetime DEFAULT NULL,
  `ADDITIONAL` varchar(255) COLLATE utf8_unicode_ci DEFAULT NULL,
  PRIMARY KEY (`ID`),
  UNIQUE KEY `ux_b_rest_placement1` (`APP_ID`,`PLACEMENT`(100),`PLACEMENT_HANDLER`(200)),
  KEY `ix_b_rest_placement3` (`PLACEMENT`(100),`ADDITIONAL`(100))
) ENGINE=InnoDB DEFAULT CHARSET=utf8 COLLATE=utf8_unicode_ci;
/*!40101 SET character_set_client = @saved_cs_client */;

--
-- Dumping data for table `b_rest_placement`
--

LOCK TABLES `b_rest_placement` WRITE;
/*!40000 ALTER TABLE `b_rest_placement` DISABLE KEYS */;
/*!40000 ALTER TABLE `b_rest_placement` ENABLE KEYS */;
UNLOCK TABLES;

--
-- Table structure for table `b_rest_stat`
--

DROP TABLE IF EXISTS `b_rest_stat`;
/*!40101 SET @saved_cs_client     = @@character_set_client */;
/*!40101 SET character_set_client = utf8 */;
CREATE TABLE `b_rest_stat` (
  `STAT_DATE` date NOT NULL,
  `APP_ID` int(11) NOT NULL,
  `METHOD_ID` int(11) NOT NULL,
  `HOUR_0` int(11) NOT NULL DEFAULT 0,
  `HOUR_1` int(11) NOT NULL DEFAULT 0,
  `HOUR_2` int(11) NOT NULL DEFAULT 0,
  `HOUR_3` int(11) NOT NULL DEFAULT 0,
  `HOUR_4` int(11) NOT NULL DEFAULT 0,
  `HOUR_5` int(11) NOT NULL DEFAULT 0,
  `HOUR_6` int(11) NOT NULL DEFAULT 0,
  `HOUR_7` int(11) NOT NULL DEFAULT 0,
  `HOUR_8` int(11) NOT NULL DEFAULT 0,
  `HOUR_9` int(11) NOT NULL DEFAULT 0,
  `HOUR_10` int(11) NOT NULL DEFAULT 0,
  `HOUR_11` int(11) NOT NULL DEFAULT 0,
  `HOUR_12` int(11) NOT NULL DEFAULT 0,
  `HOUR_13` int(11) NOT NULL DEFAULT 0,
  `HOUR_14` int(11) NOT NULL DEFAULT 0,
  `HOUR_15` int(11) NOT NULL DEFAULT 0,
  `HOUR_16` int(11) NOT NULL DEFAULT 0,
  `HOUR_17` int(11) NOT NULL DEFAULT 0,
  `HOUR_18` int(11) NOT NULL DEFAULT 0,
  `HOUR_19` int(11) NOT NULL DEFAULT 0,
  `HOUR_20` int(11) NOT NULL DEFAULT 0,
  `HOUR_21` int(11) NOT NULL DEFAULT 0,
  `HOUR_22` int(11) NOT NULL DEFAULT 0,
  `HOUR_23` int(11) NOT NULL DEFAULT 0,
  PRIMARY KEY (`APP_ID`,`STAT_DATE`,`METHOD_ID`)
) ENGINE=InnoDB DEFAULT CHARSET=utf8 COLLATE=utf8_unicode_ci;
/*!40101 SET character_set_client = @saved_cs_client */;

--
-- Dumping data for table `b_rest_stat`
--

LOCK TABLES `b_rest_stat` WRITE;
/*!40000 ALTER TABLE `b_rest_stat` DISABLE KEYS */;
/*!40000 ALTER TABLE `b_rest_stat` ENABLE KEYS */;
UNLOCK TABLES;

--
-- Table structure for table `b_rest_stat_method`
--

DROP TABLE IF EXISTS `b_rest_stat_method`;
/*!40101 SET @saved_cs_client     = @@character_set_client */;
/*!40101 SET character_set_client = utf8 */;
CREATE TABLE `b_rest_stat_method` (
  `ID` int(11) NOT NULL AUTO_INCREMENT,
  `NAME` varchar(255) COLLATE utf8_unicode_ci NOT NULL,
  PRIMARY KEY (`ID`),
  UNIQUE KEY `ux_b_rest_stat_method` (`NAME`)
) ENGINE=InnoDB DEFAULT CHARSET=utf8 COLLATE=utf8_unicode_ci;
/*!40101 SET character_set_client = @saved_cs_client */;

--
-- Dumping data for table `b_rest_stat_method`
--

LOCK TABLES `b_rest_stat_method` WRITE;
/*!40000 ALTER TABLE `b_rest_stat_method` DISABLE KEYS */;
/*!40000 ALTER TABLE `b_rest_stat_method` ENABLE KEYS */;
UNLOCK TABLES;

--
-- Table structure for table `b_search_content`
--

DROP TABLE IF EXISTS `b_search_content`;
/*!40101 SET @saved_cs_client     = @@character_set_client */;
/*!40101 SET character_set_client = utf8 */;
CREATE TABLE `b_search_content` (
  `ID` int(11) NOT NULL AUTO_INCREMENT,
  `DATE_CHANGE` datetime NOT NULL,
  `MODULE_ID` varchar(50) COLLATE utf8_unicode_ci NOT NULL,
  `ITEM_ID` varchar(255) COLLATE utf8_unicode_ci NOT NULL,
  `CUSTOM_RANK` int(11) NOT NULL DEFAULT 0,
  `USER_ID` int(11) DEFAULT NULL,
  `ENTITY_TYPE_ID` varchar(50) COLLATE utf8_unicode_ci DEFAULT NULL,
  `ENTITY_ID` varchar(255) COLLATE utf8_unicode_ci DEFAULT NULL,
  `URL` text COLLATE utf8_unicode_ci DEFAULT NULL,
  `TITLE` text COLLATE utf8_unicode_ci DEFAULT NULL,
  `BODY` longtext COLLATE utf8_unicode_ci DEFAULT NULL,
  `TAGS` text COLLATE utf8_unicode_ci DEFAULT NULL,
  `PARAM1` text COLLATE utf8_unicode_ci DEFAULT NULL,
  `PARAM2` text COLLATE utf8_unicode_ci DEFAULT NULL,
  `UPD` varchar(32) COLLATE utf8_unicode_ci DEFAULT NULL,
  `DATE_FROM` datetime DEFAULT NULL,
  `DATE_TO` datetime DEFAULT NULL,
  PRIMARY KEY (`ID`),
  UNIQUE KEY `UX_B_SEARCH_CONTENT` (`MODULE_ID`,`ITEM_ID`),
  KEY `IX_B_SEARCH_CONTENT_1` (`MODULE_ID`,`PARAM1`(50),`PARAM2`(50)),
  KEY `IX_B_SEARCH_CONTENT_2` (`ENTITY_ID`(50),`ENTITY_TYPE_ID`)
) ENGINE=InnoDB AUTO_INCREMENT=27 DEFAULT CHARSET=utf8 COLLATE=utf8_unicode_ci;
/*!40101 SET character_set_client = @saved_cs_client */;

--
-- Dumping data for table `b_search_content`
--

LOCK TABLES `b_search_content` WRITE;
/*!40000 ALTER TABLE `b_search_content` DISABLE KEYS */;
INSERT INTO `b_search_content` VALUES (1,'2019-02-28 14:48:24','main','s1|/hostes/index.php',0,NULL,NULL,NULL,'/hostes/index.php','Хостес','Страница находится в разработке ...','','','',NULL,NULL,NULL),(2,'2019-02-28 14:48:41','main','s1|/hostes/list/index.php',0,NULL,NULL,NULL,'/hostes/list/index.php','Список заявок','Страница находится в разработке ...','','','',NULL,NULL,NULL),(3,'2019-02-28 14:49:07','main','s1|/hostes/request/index.php',0,NULL,NULL,NULL,'/hostes/request/index.php','Заявка','Страница находится в разработке ...','','','',NULL,NULL,NULL),(4,'2019-02-28 14:49:20','main','s1|/sale/index.php',0,NULL,NULL,NULL,'/sale/index.php','Сейл','Страница находится в разработке ...','','','',NULL,NULL,NULL),(5,'2019-02-28 14:49:40','main','s1|/sale/list/index.php',0,NULL,NULL,NULL,'/sale/list/index.php','Список лидов','Страница находится в разработке ...','','','',NULL,NULL,NULL),(6,'2019-02-28 14:49:59','main','s1|/sale/lead/index.php',0,NULL,NULL,NULL,'/sale/lead/index.php','Лид','Страница находится в разработке ...','','','',NULL,NULL,NULL),(7,'2019-03-02 22:46:36','main','s1|/list/index.php',0,NULL,NULL,NULL,'/list/index.php','Список заявок','','','','',NULL,NULL,NULL),(14,'2019-12-07 13:11:04','iblock','2987',0,NULL,NULL,NULL,'=ID=2987&EXTERNAL_ID=2987&IBLOCK_SECTION_ID=&IBLOCK_TYPE_ID=reg_events&IBLOCK_ID=4&IBLOCK_CODE=events&IBLOCK_EXTERNAL_ID=&CODE=','Событие 1','','','reg_events','4',NULL,NULL,NULL),(15,'2019-12-03 12:59:49','iblock','2988',0,NULL,NULL,NULL,'=ID=2988&EXTERNAL_ID=2988&IBLOCK_SECTION_ID=&IBLOCK_TYPE_ID=reg_events&IBLOCK_ID=3&IBLOCK_CODE=dealer&IBLOCK_EXTERNAL_ID=&CODE=','Дилер №1','','','reg_events','3',NULL,NULL,NULL),(16,'2019-12-03 13:00:05','iblock','2989',0,NULL,NULL,NULL,'=ID=2989&EXTERNAL_ID=2989&IBLOCK_SECTION_ID=&IBLOCK_TYPE_ID=reg_events&IBLOCK_ID=3&IBLOCK_CODE=dealer&IBLOCK_EXTERNAL_ID=&CODE=','Дилер №2','','','reg_events','3',NULL,NULL,NULL),(17,'2019-12-03 13:00:18','iblock','2990',0,NULL,NULL,NULL,'=ID=2990&EXTERNAL_ID=2990&IBLOCK_SECTION_ID=&IBLOCK_TYPE_ID=reg_events&IBLOCK_ID=3&IBLOCK_CODE=dealer&IBLOCK_EXTERNAL_ID=&CODE=','Дилер №3','','','reg_events','3',NULL,NULL,NULL),(18,'2019-12-12 16:45:56','iblock','2991',0,NULL,NULL,NULL,'=ID=2991&EXTERNAL_ID=2991&IBLOCK_SECTION_ID=&IBLOCK_TYPE_ID=reg_events&IBLOCK_ID=9&IBLOCK_CODE=guests&IBLOCK_EXTERNAL_ID=&CODE=','Игорь','','','reg_events','9',NULL,NULL,NULL),(19,'2019-12-07 13:10:57','iblock','2992',0,NULL,NULL,NULL,'=ID=2992&EXTERNAL_ID=3000&IBLOCK_SECTION_ID=&IBLOCK_TYPE_ID=reg_events&IBLOCK_ID=4&IBLOCK_CODE=events&IBLOCK_EXTERNAL_ID=&CODE=','Событие 2','','','reg_events','4',NULL,NULL,NULL),(20,'2019-12-07 18:09:39','iblock','2993',0,NULL,NULL,NULL,'=ID=2993&EXTERNAL_ID=3001&IBLOCK_SECTION_ID=&IBLOCK_TYPE_ID=reg_events&IBLOCK_ID=4&IBLOCK_CODE=events&IBLOCK_EXTERNAL_ID=&CODE=','Событие 3','','','reg_events','4',NULL,NULL,NULL),(21,'2019-12-11 14:49:26','iblock','2994',0,NULL,NULL,NULL,'=ID=2994&EXTERNAL_ID=3002&IBLOCK_SECTION_ID=&IBLOCK_TYPE_ID=reg_events&IBLOCK_ID=4&IBLOCK_CODE=events&IBLOCK_EXTERNAL_ID=&CODE=','Событие 4','','','reg_events','4',NULL,NULL,NULL),(22,'2019-12-11 14:49:39','iblock','2995',0,NULL,NULL,NULL,'=ID=2995&EXTERNAL_ID=3003&IBLOCK_SECTION_ID=&IBLOCK_TYPE_ID=reg_events&IBLOCK_ID=4&IBLOCK_CODE=events&IBLOCK_EXTERNAL_ID=&CODE=','Событие 5','','','reg_events','4',NULL,NULL,NULL),(23,'2019-12-07 13:10:25','iblock','2996',0,NULL,NULL,NULL,'=ID=2996&EXTERNAL_ID=3004&IBLOCK_SECTION_ID=&IBLOCK_TYPE_ID=reg_events&IBLOCK_ID=4&IBLOCK_CODE=events&IBLOCK_EXTERNAL_ID=&CODE=','Событие 6','','','reg_events','4',NULL,NULL,NULL),(24,'2019-12-07 13:10:08','iblock','2997',0,NULL,NULL,NULL,'=ID=2997&EXTERNAL_ID=3005&IBLOCK_SECTION_ID=&IBLOCK_TYPE_ID=reg_events&IBLOCK_ID=4&IBLOCK_CODE=events&IBLOCK_EXTERNAL_ID=&CODE=','Событие 7','','','reg_events','4',NULL,NULL,NULL),(25,'2019-12-12 16:46:14','iblock','2998',0,NULL,NULL,NULL,'=ID=2998&EXTERNAL_ID=2998&IBLOCK_SECTION_ID=&IBLOCK_TYPE_ID=reg_events&IBLOCK_ID=9&IBLOCK_CODE=guests&IBLOCK_EXTERNAL_ID=&CODE=','Олег','','','reg_events','9',NULL,NULL,NULL);
/*!40000 ALTER TABLE `b_search_content` ENABLE KEYS */;
UNLOCK TABLES;

--
-- Table structure for table `b_search_content_freq`
--

DROP TABLE IF EXISTS `b_search_content_freq`;
/*!40101 SET @saved_cs_client     = @@character_set_client */;
/*!40101 SET character_set_client = utf8 */;
CREATE TABLE `b_search_content_freq` (
  `STEM` int(11) NOT NULL DEFAULT 0,
  `LANGUAGE_ID` char(2) COLLATE utf8_unicode_ci NOT NULL,
  `SITE_ID` char(2) COLLATE utf8_unicode_ci DEFAULT NULL,
  `FREQ` float DEFAULT NULL,
  `TF` float DEFAULT NULL,
  UNIQUE KEY `UX_B_SEARCH_CONTENT_FREQ` (`STEM`,`LANGUAGE_ID`,`SITE_ID`)
) ENGINE=InnoDB DEFAULT CHARSET=utf8 COLLATE=utf8_unicode_ci;
/*!40101 SET character_set_client = @saved_cs_client */;

--
-- Dumping data for table `b_search_content_freq`
--

LOCK TABLES `b_search_content_freq` WRITE;
/*!40000 ALTER TABLE `b_search_content_freq` DISABLE KEYS */;
/*!40000 ALTER TABLE `b_search_content_freq` ENABLE KEYS */;
UNLOCK TABLES;

--
-- Table structure for table `b_search_content_param`
--

DROP TABLE IF EXISTS `b_search_content_param`;
/*!40101 SET @saved_cs_client     = @@character_set_client */;
/*!40101 SET character_set_client = utf8 */;
CREATE TABLE `b_search_content_param` (
  `SEARCH_CONTENT_ID` int(11) NOT NULL,
  `PARAM_NAME` varchar(100) COLLATE utf8_unicode_ci NOT NULL,
  `PARAM_VALUE` varchar(100) COLLATE utf8_unicode_ci NOT NULL,
  KEY `IX_B_SEARCH_CONTENT_PARAM` (`SEARCH_CONTENT_ID`,`PARAM_NAME`),
  KEY `IX_B_SEARCH_CONTENT_PARAM_1` (`PARAM_NAME`,`PARAM_VALUE`(50),`SEARCH_CONTENT_ID`)
) ENGINE=InnoDB DEFAULT CHARSET=utf8 COLLATE=utf8_unicode_ci;
/*!40101 SET character_set_client = @saved_cs_client */;

--
-- Dumping data for table `b_search_content_param`
--

LOCK TABLES `b_search_content_param` WRITE;
/*!40000 ALTER TABLE `b_search_content_param` DISABLE KEYS */;
/*!40000 ALTER TABLE `b_search_content_param` ENABLE KEYS */;
UNLOCK TABLES;

--
-- Table structure for table `b_search_content_right`
--

DROP TABLE IF EXISTS `b_search_content_right`;
/*!40101 SET @saved_cs_client     = @@character_set_client */;
/*!40101 SET character_set_client = utf8 */;
CREATE TABLE `b_search_content_right` (
  `SEARCH_CONTENT_ID` int(11) NOT NULL,
  `GROUP_CODE` varchar(100) COLLATE utf8_unicode_ci NOT NULL,
  UNIQUE KEY `UX_B_SEARCH_CONTENT_RIGHT` (`SEARCH_CONTENT_ID`,`GROUP_CODE`)
) ENGINE=InnoDB DEFAULT CHARSET=utf8 COLLATE=utf8_unicode_ci;
/*!40101 SET character_set_client = @saved_cs_client */;

--
-- Dumping data for table `b_search_content_right`
--

LOCK TABLES `b_search_content_right` WRITE;
/*!40000 ALTER TABLE `b_search_content_right` DISABLE KEYS */;
INSERT INTO `b_search_content_right` VALUES (7,'G4'),(7,'G5'),(14,'G2'),(15,'G2'),(16,'G2'),(17,'G2'),(18,'G1'),(18,'G2'),(19,'G2'),(20,'G2'),(21,'G2'),(22,'G2'),(23,'G2'),(24,'G2'),(25,'G1'),(25,'G2');
/*!40000 ALTER TABLE `b_search_content_right` ENABLE KEYS */;
UNLOCK TABLES;

--
-- Table structure for table `b_search_content_site`
--

DROP TABLE IF EXISTS `b_search_content_site`;
/*!40101 SET @saved_cs_client     = @@character_set_client */;
/*!40101 SET character_set_client = utf8 */;
CREATE TABLE `b_search_content_site` (
  `SEARCH_CONTENT_ID` int(18) NOT NULL,
  `SITE_ID` char(2) COLLATE utf8_unicode_ci NOT NULL,
  `URL` text COLLATE utf8_unicode_ci DEFAULT NULL,
  PRIMARY KEY (`SEARCH_CONTENT_ID`,`SITE_ID`)
) ENGINE=InnoDB DEFAULT CHARSET=utf8 COLLATE=utf8_unicode_ci;
/*!40101 SET character_set_client = @saved_cs_client */;

--
-- Dumping data for table `b_search_content_site`
--

LOCK TABLES `b_search_content_site` WRITE;
/*!40000 ALTER TABLE `b_search_content_site` DISABLE KEYS */;
INSERT INTO `b_search_content_site` VALUES (1,'s1',''),(2,'s1',''),(3,'s1',''),(4,'s1',''),(5,'s1',''),(6,'s1',''),(7,'s1',''),(14,'s1',''),(15,'s1',''),(16,'s1',''),(17,'s1',''),(18,'s1',''),(19,'s1',''),(20,'s1',''),(21,'s1',''),(22,'s1',''),(23,'s1',''),(24,'s1',''),(25,'s1','');
/*!40000 ALTER TABLE `b_search_content_site` ENABLE KEYS */;
UNLOCK TABLES;

--
-- Table structure for table `b_search_content_stem`
--

DROP TABLE IF EXISTS `b_search_content_stem`;
/*!40101 SET @saved_cs_client     = @@character_set_client */;
/*!40101 SET character_set_client = utf8 */;
CREATE TABLE `b_search_content_stem` (
  `SEARCH_CONTENT_ID` int(11) NOT NULL,
  `LANGUAGE_ID` char(2) COLLATE utf8_unicode_ci NOT NULL,
  `STEM` int(11) NOT NULL,
  `TF` float NOT NULL,
  `PS` float NOT NULL,
  UNIQUE KEY `UX_B_SEARCH_CONTENT_STEM` (`STEM`,`LANGUAGE_ID`,`TF`,`PS`,`SEARCH_CONTENT_ID`),
  KEY `IND_B_SEARCH_CONTENT_STEM` (`SEARCH_CONTENT_ID`)
) ENGINE=InnoDB DEFAULT CHARSET=utf8 COLLATE=utf8_unicode_ci DELAY_KEY_WRITE=1;
/*!40101 SET character_set_client = @saved_cs_client */;

--
-- Dumping data for table `b_search_content_stem`
--

LOCK TABLES `b_search_content_stem` WRITE;
/*!40000 ALTER TABLE `b_search_content_stem` DISABLE KEYS */;
INSERT INTO `b_search_content_stem` VALUES (1,'ru',1,0.2314,1),(1,'ru',2,0.2314,2),(3,'ru',2,0.2314,2),(4,'ru',2,0.2314,2),(6,'ru',2,0.2314,2),(2,'ru',2,0.2314,3),(5,'ru',2,0.2314,3),(1,'ru',3,0.2314,3),(3,'ru',3,0.2314,3),(4,'ru',3,0.2314,3),(6,'ru',3,0.2314,3),(2,'ru',3,0.2314,4),(5,'ru',3,0.2314,4),(1,'ru',4,0.2314,5),(3,'ru',4,0.2314,5),(4,'ru',4,0.2314,5),(6,'ru',4,0.2314,5),(2,'ru',4,0.2314,6),(5,'ru',4,0.2314,6),(2,'ru',5,0.2314,1),(5,'ru',5,0.2314,1),(7,'ru',5,0.2314,1),(2,'ru',6,0.2314,2),(7,'ru',6,0.2314,2),(3,'ru',7,0.2314,1),(4,'ru',8,0.2314,1),(5,'ru',9,0.2314,2),(6,'ru',10,0.2314,1),(5,'ru',10,0.3667,2),(25,'ru',14,0.2314,1),(18,'ru',15,0.2314,1),(14,'ru',17,0.2314,1),(19,'ru',17,0.2314,1),(20,'ru',17,0.2314,1),(21,'ru',17,0.2314,1),(22,'ru',17,0.2314,1),(23,'ru',17,0.2314,1),(24,'ru',17,0.2314,1),(15,'ru',18,0.2314,1),(16,'ru',18,0.2314,1),(17,'ru',18,0.2314,1);
/*!40000 ALTER TABLE `b_search_content_stem` ENABLE KEYS */;
UNLOCK TABLES;

--
-- Table structure for table `b_search_content_text`
--

DROP TABLE IF EXISTS `b_search_content_text`;
/*!40101 SET @saved_cs_client     = @@character_set_client */;
/*!40101 SET character_set_client = utf8 */;
CREATE TABLE `b_search_content_text` (
  `SEARCH_CONTENT_ID` int(11) NOT NULL,
  `SEARCH_CONTENT_MD5` char(32) COLLATE utf8_unicode_ci NOT NULL,
  `SEARCHABLE_CONTENT` longtext COLLATE utf8_unicode_ci DEFAULT NULL,
  PRIMARY KEY (`SEARCH_CONTENT_ID`)
) ENGINE=InnoDB DEFAULT CHARSET=utf8 COLLATE=utf8_unicode_ci;
/*!40101 SET character_set_client = @saved_cs_client */;

--
-- Dumping data for table `b_search_content_text`
--

LOCK TABLES `b_search_content_text` WRITE;
/*!40000 ALTER TABLE `b_search_content_text` DISABLE KEYS */;
INSERT INTO `b_search_content_text` VALUES (1,'5bcf66b8b1cf83d8ac3a31ce708dd4ad','ХОСТЕС\r\nСТРАНИЦА НАХОДИТСЯ В РАЗРАБОТКЕ ...\r\n'),(2,'afc6ada05bb07f4dc2b62b6fe26134a0','СПИСОК ЗАЯВОК\r\nСТРАНИЦА НАХОДИТСЯ В РАЗРАБОТКЕ ...\r\n'),(3,'d9ae23ab99cf7b8a7fc99d611d54a8df','ЗАЯВКА\r\nСТРАНИЦА НАХОДИТСЯ В РАЗРАБОТКЕ ...\r\n'),(4,'a0bad068d73600bba4ae3f836acb4493','СЕЙЛ\r\nСТРАНИЦА НАХОДИТСЯ В РАЗРАБОТКЕ ...\r\n'),(5,'675dd39cff56a52c4dd92e418e25acc5','СПИСОК ЛИДОВ\r\nСТРАНИЦА НАХОДИТСЯ В РАЗРАБОТКЕ ...\r\n'),(6,'0b8af9a62bac00ae6f9881404cb29157','ЛИД\r\nСТРАНИЦА НАХОДИТСЯ В РАЗРАБОТКЕ ...\r\n'),(7,'fcbb4d73161615ba5589c30f198566dc','СПИСОК ЗАЯВОК\r\n\r\n'),(14,'deb11a08daac7b91104f9d8a3383d5f0','СОБЫТИЕ 1\r\n\r\n'),(15,'6059744715d35bb3e30e44df1882c464','ДИЛЕР №1\r\n\r\n'),(16,'f0221ad64bef0845db71f36b1929f5fa','ДИЛЕР №2\r\n\r\n'),(17,'131c1014fac7ccb12cfb9b32b286fc3f','ДИЛЕР №3\r\n\r\n'),(18,'7e2b9a1c4d41f336ee03427f82fd76eb','ИГОРЬ\r\n\r\n'),(19,'969a1a82ea76fbfb0c7d24621a54395a','СОБЫТИЕ 2\r\n\r\n'),(20,'2419947ceb1b6827bf6015e1128cf354','СОБЫТИЕ 3\r\n\r\n'),(21,'d6988d80095bb62f518450e27791122a','СОБЫТИЕ 4\r\n\r\n'),(22,'02a3da181e27f9b5a9b5d1613cf1aaa1','СОБЫТИЕ 5\r\n\r\n'),(23,'16cc78aeb4a065dcacf5557ff97330fa','СОБЫТИЕ 6\r\n\r\n'),(24,'e995abca97b64425912b66889d3f256e','СОБЫТИЕ 7\r\n\r\n'),(25,'d3475a31f2ebaf1a97c498777fd64aa1','ОЛЕГ\r\n\r\n');
/*!40000 ALTER TABLE `b_search_content_text` ENABLE KEYS */;
UNLOCK TABLES;

--
-- Table structure for table `b_search_content_title`
--

DROP TABLE IF EXISTS `b_search_content_title`;
/*!40101 SET @saved_cs_client     = @@character_set_client */;
/*!40101 SET character_set_client = utf8 */;
CREATE TABLE `b_search_content_title` (
  `SEARCH_CONTENT_ID` int(11) NOT NULL,
  `SITE_ID` char(2) COLLATE utf8_unicode_ci NOT NULL,
  `POS` int(11) NOT NULL,
  `WORD` varchar(100) COLLATE utf8_unicode_ci NOT NULL,
  UNIQUE KEY `UX_B_SEARCH_CONTENT_TITLE` (`SITE_ID`,`WORD`,`SEARCH_CONTENT_ID`,`POS`),
  KEY `IND_B_SEARCH_CONTENT_TITLE` (`SEARCH_CONTENT_ID`)
) ENGINE=InnoDB DEFAULT CHARSET=utf8 COLLATE=utf8_unicode_ci DELAY_KEY_WRITE=1;
/*!40101 SET character_set_client = @saved_cs_client */;

--
-- Dumping data for table `b_search_content_title`
--

LOCK TABLES `b_search_content_title` WRITE;
/*!40000 ALTER TABLE `b_search_content_title` DISABLE KEYS */;
INSERT INTO `b_search_content_title` VALUES (14,'s1',8,'1'),(15,'s1',7,'1'),(16,'s1',7,'2'),(19,'s1',8,'2'),(17,'s1',7,'3'),(20,'s1',8,'3'),(21,'s1',8,'4'),(22,'s1',8,'5'),(23,'s1',8,'6'),(24,'s1',8,'7'),(15,'s1',0,'ДИЛЕР'),(16,'s1',0,'ДИЛЕР'),(17,'s1',0,'ДИЛЕР'),(3,'s1',0,'ЗАЯВКА'),(2,'s1',7,'ЗАЯВОК'),(7,'s1',7,'ЗАЯВОК'),(18,'s1',0,'ИГОРЬ'),(6,'s1',0,'ЛИД'),(5,'s1',7,'ЛИДОВ'),(25,'s1',0,'ОЛЕГ'),(4,'s1',0,'СЕЙЛ'),(14,'s1',0,'СОБЫТИЕ'),(19,'s1',0,'СОБЫТИЕ'),(20,'s1',0,'СОБЫТИЕ'),(21,'s1',0,'СОБЫТИЕ'),(22,'s1',0,'СОБЫТИЕ'),(23,'s1',0,'СОБЫТИЕ'),(24,'s1',0,'СОБЫТИЕ'),(2,'s1',0,'СПИСОК'),(5,'s1',0,'СПИСОК'),(7,'s1',0,'СПИСОК'),(1,'s1',0,'ХОСТЕС');
/*!40000 ALTER TABLE `b_search_content_title` ENABLE KEYS */;
UNLOCK TABLES;

--
-- Table structure for table `b_search_custom_rank`
--

DROP TABLE IF EXISTS `b_search_custom_rank`;
/*!40101 SET @saved_cs_client     = @@character_set_client */;
/*!40101 SET character_set_client = utf8 */;
CREATE TABLE `b_search_custom_rank` (
  `ID` int(11) NOT NULL AUTO_INCREMENT,
  `APPLIED` char(1) COLLATE utf8_unicode_ci NOT NULL DEFAULT 'N',
  `RANK` int(11) NOT NULL DEFAULT 0,
  `SITE_ID` char(2) COLLATE utf8_unicode_ci NOT NULL,
  `MODULE_ID` varchar(200) COLLATE utf8_unicode_ci NOT NULL,
  `PARAM1` text COLLATE utf8_unicode_ci DEFAULT NULL,
  `PARAM2` text COLLATE utf8_unicode_ci DEFAULT NULL,
  `ITEM_ID` varchar(255) COLLATE utf8_unicode_ci DEFAULT NULL,
  PRIMARY KEY (`ID`),
  KEY `IND_B_SEARCH_CUSTOM_RANK` (`SITE_ID`,`MODULE_ID`)
) ENGINE=InnoDB DEFAULT CHARSET=utf8 COLLATE=utf8_unicode_ci;
/*!40101 SET character_set_client = @saved_cs_client */;

--
-- Dumping data for table `b_search_custom_rank`
--

LOCK TABLES `b_search_custom_rank` WRITE;
/*!40000 ALTER TABLE `b_search_custom_rank` DISABLE KEYS */;
/*!40000 ALTER TABLE `b_search_custom_rank` ENABLE KEYS */;
UNLOCK TABLES;

--
-- Table structure for table `b_search_phrase`
--

DROP TABLE IF EXISTS `b_search_phrase`;
/*!40101 SET @saved_cs_client     = @@character_set_client */;
/*!40101 SET character_set_client = utf8 */;
CREATE TABLE `b_search_phrase` (
  `ID` int(18) NOT NULL AUTO_INCREMENT,
  `TIMESTAMP_X` datetime NOT NULL,
  `SITE_ID` char(2) COLLATE utf8_unicode_ci NOT NULL,
  `RESULT_COUNT` int(11) NOT NULL,
  `PAGES` int(11) NOT NULL,
  `SESSION_ID` varchar(32) COLLATE utf8_unicode_ci NOT NULL,
  `PHRASE` varchar(250) COLLATE utf8_unicode_ci DEFAULT NULL,
  `TAGS` varchar(250) COLLATE utf8_unicode_ci DEFAULT NULL,
  `URL_TO` text COLLATE utf8_unicode_ci DEFAULT NULL,
  `URL_TO_404` char(1) COLLATE utf8_unicode_ci DEFAULT NULL,
  `URL_TO_SITE_ID` char(2) COLLATE utf8_unicode_ci DEFAULT NULL,
  `STAT_SESS_ID` int(18) DEFAULT NULL,
  `EVENT1` varchar(50) COLLATE utf8_unicode_ci DEFAULT NULL,
  PRIMARY KEY (`ID`),
  KEY `IND_PK_B_SEARCH_PHRASE_SESS_PH` (`SESSION_ID`,`PHRASE`(50)),
  KEY `IND_PK_B_SEARCH_PHRASE_SESS_TG` (`SESSION_ID`,`TAGS`(50)),
  KEY `IND_PK_B_SEARCH_PHRASE_TIME` (`TIMESTAMP_X`)
) ENGINE=InnoDB DEFAULT CHARSET=utf8 COLLATE=utf8_unicode_ci;
/*!40101 SET character_set_client = @saved_cs_client */;

--
-- Dumping data for table `b_search_phrase`
--

LOCK TABLES `b_search_phrase` WRITE;
/*!40000 ALTER TABLE `b_search_phrase` DISABLE KEYS */;
/*!40000 ALTER TABLE `b_search_phrase` ENABLE KEYS */;
UNLOCK TABLES;

--
-- Table structure for table `b_search_stem`
--

DROP TABLE IF EXISTS `b_search_stem`;
/*!40101 SET @saved_cs_client     = @@character_set_client */;
/*!40101 SET character_set_client = utf8 */;
CREATE TABLE `b_search_stem` (
  `ID` int(11) NOT NULL AUTO_INCREMENT,
  `STEM` varchar(50) CHARACTER SET utf8 COLLATE utf8_bin NOT NULL,
  PRIMARY KEY (`ID`),
  UNIQUE KEY `UX_B_SEARCH_STEM` (`STEM`)
) ENGINE=InnoDB AUTO_INCREMENT=25 DEFAULT CHARSET=utf8 COLLATE=utf8_unicode_ci;
/*!40101 SET character_set_client = @saved_cs_client */;

--
-- Dumping data for table `b_search_stem`
--

LOCK TABLES `b_search_stem` WRITE;
/*!40000 ALTER TABLE `b_search_stem` DISABLE KEYS */;
INSERT INTO `b_search_stem` VALUES (11,'EL1'),(13,'EL2'),(19,'ГОСТ'),(18,'ДИЛЕР'),(12,'ДИЛЛЕР'),(7,'ЗАЯВК'),(6,'ЗАЯВОК'),(23,'ИВА'),(22,'ИВАН'),(21,'ИВАНОВ'),(15,'ИГОР'),(16,'КОНДРАШИН'),(10,'ЛИД'),(9,'ЛИДОВ'),(3,'НАХОД'),(14,'ОЛЕГ'),(24,'ПЕТР'),(4,'РАЗРАБОТК'),(8,'СЕЙЛ'),(17,'СОБЫТ'),(5,'СПИСОК'),(2,'СТРАНИЦ'),(20,'ФЫВ'),(1,'ХОСТЕС');
/*!40000 ALTER TABLE `b_search_stem` ENABLE KEYS */;
UNLOCK TABLES;

--
-- Table structure for table `b_search_suggest`
--

DROP TABLE IF EXISTS `b_search_suggest`;
/*!40101 SET @saved_cs_client     = @@character_set_client */;
/*!40101 SET character_set_client = utf8 */;
CREATE TABLE `b_search_suggest` (
  `ID` int(11) NOT NULL AUTO_INCREMENT,
  `SITE_ID` char(2) COLLATE utf8_unicode_ci NOT NULL,
  `FILTER_MD5` varchar(32) COLLATE utf8_unicode_ci NOT NULL,
  `PHRASE` varchar(250) COLLATE utf8_unicode_ci NOT NULL,
  `RATE` float NOT NULL,
  `TIMESTAMP_X` datetime NOT NULL,
  `RESULT_COUNT` int(11) NOT NULL,
  PRIMARY KEY (`ID`),
  KEY `IND_B_SEARCH_SUGGEST` (`FILTER_MD5`,`PHRASE`(50),`RATE`),
  KEY `IND_B_SEARCH_SUGGEST_PHRASE` (`PHRASE`(50),`RATE`),
  KEY `IND_B_SEARCH_SUGGEST_TIME` (`TIMESTAMP_X`)
) ENGINE=InnoDB DEFAULT CHARSET=utf8 COLLATE=utf8_unicode_ci;
/*!40101 SET character_set_client = @saved_cs_client */;

--
-- Dumping data for table `b_search_suggest`
--

LOCK TABLES `b_search_suggest` WRITE;
/*!40000 ALTER TABLE `b_search_suggest` DISABLE KEYS */;
/*!40000 ALTER TABLE `b_search_suggest` ENABLE KEYS */;
UNLOCK TABLES;

--
-- Table structure for table `b_search_tags`
--

DROP TABLE IF EXISTS `b_search_tags`;
/*!40101 SET @saved_cs_client     = @@character_set_client */;
/*!40101 SET character_set_client = utf8 */;
CREATE TABLE `b_search_tags` (
  `SEARCH_CONTENT_ID` int(11) NOT NULL,
  `SITE_ID` char(2) COLLATE utf8_unicode_ci NOT NULL,
  `NAME` varchar(255) CHARACTER SET utf8 COLLATE utf8_bin NOT NULL,
  PRIMARY KEY (`SEARCH_CONTENT_ID`,`SITE_ID`,`NAME`),
  KEY `IX_B_SEARCH_TAGS_0` (`NAME`)
) ENGINE=InnoDB DEFAULT CHARSET=utf8 COLLATE=utf8_unicode_ci DELAY_KEY_WRITE=1;
/*!40101 SET character_set_client = @saved_cs_client */;

--
-- Dumping data for table `b_search_tags`
--

LOCK TABLES `b_search_tags` WRITE;
/*!40000 ALTER TABLE `b_search_tags` DISABLE KEYS */;
/*!40000 ALTER TABLE `b_search_tags` ENABLE KEYS */;
UNLOCK TABLES;

--
-- Table structure for table `b_search_user_right`
--

DROP TABLE IF EXISTS `b_search_user_right`;
/*!40101 SET @saved_cs_client     = @@character_set_client */;
/*!40101 SET character_set_client = utf8 */;
CREATE TABLE `b_search_user_right` (
  `USER_ID` int(11) NOT NULL,
  `GROUP_CODE` varchar(100) COLLATE utf8_unicode_ci NOT NULL,
  UNIQUE KEY `UX_B_SEARCH_USER_RIGHT` (`USER_ID`,`GROUP_CODE`)
) ENGINE=InnoDB DEFAULT CHARSET=utf8 COLLATE=utf8_unicode_ci;
/*!40101 SET character_set_client = @saved_cs_client */;

--
-- Dumping data for table `b_search_user_right`
--

LOCK TABLES `b_search_user_right` WRITE;
/*!40000 ALTER TABLE `b_search_user_right` DISABLE KEYS */;
/*!40000 ALTER TABLE `b_search_user_right` ENABLE KEYS */;
UNLOCK TABLES;

--
-- Table structure for table `b_seo_adv_autolog`
--

DROP TABLE IF EXISTS `b_seo_adv_autolog`;
/*!40101 SET @saved_cs_client     = @@character_set_client */;
/*!40101 SET character_set_client = utf8 */;
CREATE TABLE `b_seo_adv_autolog` (
  `ID` int(11) NOT NULL AUTO_INCREMENT,
  `ENGINE_ID` int(11) NOT NULL,
  `TIMESTAMP_X` timestamp NOT NULL DEFAULT current_timestamp() ON UPDATE current_timestamp(),
  `CAMPAIGN_ID` int(11) NOT NULL,
  `CAMPAIGN_XML_ID` varchar(255) COLLATE utf8_unicode_ci NOT NULL,
  `BANNER_ID` int(11) NOT NULL,
  `BANNER_XML_ID` varchar(255) COLLATE utf8_unicode_ci NOT NULL,
  `CAUSE_CODE` int(11) DEFAULT 0,
  `SUCCESS` char(1) COLLATE utf8_unicode_ci DEFAULT 'Y',
  PRIMARY KEY (`ID`),
  KEY `ix_b_seo_adv_autolog1` (`ENGINE_ID`),
  KEY `ix_b_seo_adv_autolog2` (`TIMESTAMP_X`)
) ENGINE=InnoDB DEFAULT CHARSET=utf8 COLLATE=utf8_unicode_ci;
/*!40101 SET character_set_client = @saved_cs_client */;

--
-- Dumping data for table `b_seo_adv_autolog`
--

LOCK TABLES `b_seo_adv_autolog` WRITE;
/*!40000 ALTER TABLE `b_seo_adv_autolog` DISABLE KEYS */;
/*!40000 ALTER TABLE `b_seo_adv_autolog` ENABLE KEYS */;
UNLOCK TABLES;

--
-- Table structure for table `b_seo_adv_banner`
--

DROP TABLE IF EXISTS `b_seo_adv_banner`;
/*!40101 SET @saved_cs_client     = @@character_set_client */;
/*!40101 SET character_set_client = utf8 */;
CREATE TABLE `b_seo_adv_banner` (
  `ID` int(11) NOT NULL AUTO_INCREMENT,
  `ENGINE_ID` int(11) NOT NULL,
  `OWNER_ID` varchar(255) COLLATE utf8_unicode_ci NOT NULL,
  `OWNER_NAME` varchar(255) COLLATE utf8_unicode_ci NOT NULL,
  `ACTIVE` char(1) COLLATE utf8_unicode_ci DEFAULT 'Y',
  `XML_ID` varchar(255) COLLATE utf8_unicode_ci NOT NULL,
  `LAST_UPDATE` timestamp NULL DEFAULT NULL,
  `NAME` varchar(255) COLLATE utf8_unicode_ci NOT NULL,
  `SETTINGS` text COLLATE utf8_unicode_ci DEFAULT NULL,
  `CAMPAIGN_ID` int(11) NOT NULL,
  `GROUP_ID` int(11) DEFAULT NULL,
  `AUTO_QUANTITY_OFF` char(1) COLLATE utf8_unicode_ci DEFAULT 'N',
  `AUTO_QUANTITY_ON` char(1) COLLATE utf8_unicode_ci DEFAULT 'N',
  PRIMARY KEY (`ID`),
  UNIQUE KEY `ux_b_seo_adv_banner` (`ENGINE_ID`,`XML_ID`),
  KEY `ix_b_seo_adv_banner1` (`CAMPAIGN_ID`),
  KEY `ix_b_seo_adv_banner2` (`AUTO_QUANTITY_OFF`,`AUTO_QUANTITY_ON`)
) ENGINE=InnoDB DEFAULT CHARSET=utf8 COLLATE=utf8_unicode_ci;
/*!40101 SET character_set_client = @saved_cs_client */;

--
-- Dumping data for table `b_seo_adv_banner`
--

LOCK TABLES `b_seo_adv_banner` WRITE;
/*!40000 ALTER TABLE `b_seo_adv_banner` DISABLE KEYS */;
/*!40000 ALTER TABLE `b_seo_adv_banner` ENABLE KEYS */;
UNLOCK TABLES;

--
-- Table structure for table `b_seo_adv_campaign`
--

DROP TABLE IF EXISTS `b_seo_adv_campaign`;
/*!40101 SET @saved_cs_client     = @@character_set_client */;
/*!40101 SET character_set_client = utf8 */;
CREATE TABLE `b_seo_adv_campaign` (
  `ID` int(11) NOT NULL AUTO_INCREMENT,
  `ENGINE_ID` int(11) NOT NULL,
  `ACTIVE` char(1) COLLATE utf8_unicode_ci NOT NULL DEFAULT 'Y',
  `OWNER_ID` varchar(255) COLLATE utf8_unicode_ci NOT NULL,
  `OWNER_NAME` varchar(255) COLLATE utf8_unicode_ci NOT NULL,
  `XML_ID` varchar(255) COLLATE utf8_unicode_ci NOT NULL,
  `NAME` varchar(255) COLLATE utf8_unicode_ci NOT NULL,
  `LAST_UPDATE` timestamp NULL DEFAULT NULL,
  `SETTINGS` text COLLATE utf8_unicode_ci DEFAULT NULL,
  PRIMARY KEY (`ID`),
  UNIQUE KEY `ux_b_seo_adv_campaign` (`ENGINE_ID`,`XML_ID`)
) ENGINE=InnoDB DEFAULT CHARSET=utf8 COLLATE=utf8_unicode_ci;
/*!40101 SET character_set_client = @saved_cs_client */;

--
-- Dumping data for table `b_seo_adv_campaign`
--

LOCK TABLES `b_seo_adv_campaign` WRITE;
/*!40000 ALTER TABLE `b_seo_adv_campaign` DISABLE KEYS */;
/*!40000 ALTER TABLE `b_seo_adv_campaign` ENABLE KEYS */;
UNLOCK TABLES;

--
-- Table structure for table `b_seo_adv_group`
--

DROP TABLE IF EXISTS `b_seo_adv_group`;
/*!40101 SET @saved_cs_client     = @@character_set_client */;
/*!40101 SET character_set_client = utf8 */;
CREATE TABLE `b_seo_adv_group` (
  `ID` int(11) NOT NULL AUTO_INCREMENT,
  `ENGINE_ID` int(11) NOT NULL,
  `OWNER_ID` varchar(255) COLLATE utf8_unicode_ci NOT NULL,
  `OWNER_NAME` varchar(255) COLLATE utf8_unicode_ci NOT NULL,
  `ACTIVE` char(1) COLLATE utf8_unicode_ci DEFAULT 'Y',
  `XML_ID` varchar(255) COLLATE utf8_unicode_ci NOT NULL,
  `LAST_UPDATE` timestamp NULL DEFAULT NULL,
  `NAME` varchar(255) COLLATE utf8_unicode_ci NOT NULL,
  `SETTINGS` text COLLATE utf8_unicode_ci DEFAULT NULL,
  `CAMPAIGN_ID` int(11) NOT NULL,
  PRIMARY KEY (`ID`),
  UNIQUE KEY `ux_b_seo_adv_group` (`ENGINE_ID`,`XML_ID`),
  KEY `ix_b_seo_adv_group1` (`CAMPAIGN_ID`)
) ENGINE=InnoDB DEFAULT CHARSET=utf8 COLLATE=utf8_unicode_ci;
/*!40101 SET character_set_client = @saved_cs_client */;

--
-- Dumping data for table `b_seo_adv_group`
--

LOCK TABLES `b_seo_adv_group` WRITE;
/*!40000 ALTER TABLE `b_seo_adv_group` DISABLE KEYS */;
/*!40000 ALTER TABLE `b_seo_adv_group` ENABLE KEYS */;
UNLOCK TABLES;

--
-- Table structure for table `b_seo_adv_link`
--

DROP TABLE IF EXISTS `b_seo_adv_link`;
/*!40101 SET @saved_cs_client     = @@character_set_client */;
/*!40101 SET character_set_client = utf8 */;
CREATE TABLE `b_seo_adv_link` (
  `LINK_TYPE` char(1) COLLATE utf8_unicode_ci NOT NULL,
  `LINK_ID` int(18) NOT NULL,
  `BANNER_ID` int(11) NOT NULL,
  PRIMARY KEY (`LINK_TYPE`,`LINK_ID`,`BANNER_ID`)
) ENGINE=InnoDB DEFAULT CHARSET=utf8 COLLATE=utf8_unicode_ci;
/*!40101 SET character_set_client = @saved_cs_client */;

--
-- Dumping data for table `b_seo_adv_link`
--

LOCK TABLES `b_seo_adv_link` WRITE;
/*!40000 ALTER TABLE `b_seo_adv_link` DISABLE KEYS */;
/*!40000 ALTER TABLE `b_seo_adv_link` ENABLE KEYS */;
UNLOCK TABLES;

--
-- Table structure for table `b_seo_adv_log`
--

DROP TABLE IF EXISTS `b_seo_adv_log`;
/*!40101 SET @saved_cs_client     = @@character_set_client */;
/*!40101 SET character_set_client = utf8 */;
CREATE TABLE `b_seo_adv_log` (
  `ID` int(11) NOT NULL AUTO_INCREMENT,
  `ENGINE_ID` int(11) NOT NULL,
  `TIMESTAMP_X` timestamp NOT NULL DEFAULT current_timestamp() ON UPDATE current_timestamp(),
  `REQUEST_URI` varchar(100) COLLATE utf8_unicode_ci NOT NULL,
  `REQUEST_DATA` text COLLATE utf8_unicode_ci DEFAULT NULL,
  `RESPONSE_TIME` float NOT NULL,
  `RESPONSE_STATUS` int(5) DEFAULT NULL,
  `RESPONSE_DATA` text COLLATE utf8_unicode_ci DEFAULT NULL,
  PRIMARY KEY (`ID`),
  KEY `ix_b_seo_adv_log1` (`ENGINE_ID`),
  KEY `ix_b_seo_adv_log2` (`TIMESTAMP_X`)
) ENGINE=InnoDB DEFAULT CHARSET=utf8 COLLATE=utf8_unicode_ci;
/*!40101 SET character_set_client = @saved_cs_client */;

--
-- Dumping data for table `b_seo_adv_log`
--

LOCK TABLES `b_seo_adv_log` WRITE;
/*!40000 ALTER TABLE `b_seo_adv_log` DISABLE KEYS */;
/*!40000 ALTER TABLE `b_seo_adv_log` ENABLE KEYS */;
UNLOCK TABLES;

--
-- Table structure for table `b_seo_adv_order`
--

DROP TABLE IF EXISTS `b_seo_adv_order`;
/*!40101 SET @saved_cs_client     = @@character_set_client */;
/*!40101 SET character_set_client = utf8 */;
CREATE TABLE `b_seo_adv_order` (
  `ID` int(11) NOT NULL AUTO_INCREMENT,
  `ENGINE_ID` int(11) NOT NULL,
  `TIMESTAMP_X` timestamp NOT NULL DEFAULT current_timestamp() ON UPDATE current_timestamp(),
  `CAMPAIGN_ID` int(11) NOT NULL,
  `BANNER_ID` int(11) NOT NULL,
  `ORDER_ID` int(11) NOT NULL,
  `SUM` float DEFAULT 0,
  `PROCESSED` char(1) COLLATE utf8_unicode_ci DEFAULT 'N',
  PRIMARY KEY (`ID`),
  UNIQUE KEY `ux_b_seo_adv_order` (`ENGINE_ID`,`CAMPAIGN_ID`,`BANNER_ID`,`ORDER_ID`),
  KEY `ix_b_seo_adv_order1` (`ORDER_ID`,`PROCESSED`)
) ENGINE=InnoDB DEFAULT CHARSET=utf8 COLLATE=utf8_unicode_ci;
/*!40101 SET character_set_client = @saved_cs_client */;

--
-- Dumping data for table `b_seo_adv_order`
--

LOCK TABLES `b_seo_adv_order` WRITE;
/*!40000 ALTER TABLE `b_seo_adv_order` DISABLE KEYS */;
/*!40000 ALTER TABLE `b_seo_adv_order` ENABLE KEYS */;
UNLOCK TABLES;

--
-- Table structure for table `b_seo_adv_region`
--

DROP TABLE IF EXISTS `b_seo_adv_region`;
/*!40101 SET @saved_cs_client     = @@character_set_client */;
/*!40101 SET character_set_client = utf8 */;
CREATE TABLE `b_seo_adv_region` (
  `ID` int(11) NOT NULL AUTO_INCREMENT,
  `ENGINE_ID` int(11) NOT NULL,
  `OWNER_ID` varchar(255) COLLATE utf8_unicode_ci NOT NULL,
  `OWNER_NAME` varchar(255) COLLATE utf8_unicode_ci NOT NULL,
  `ACTIVE` char(1) COLLATE utf8_unicode_ci DEFAULT 'Y',
  `XML_ID` varchar(255) COLLATE utf8_unicode_ci NOT NULL,
  `LAST_UPDATE` timestamp NULL DEFAULT NULL,
  `NAME` varchar(255) COLLATE utf8_unicode_ci NOT NULL,
  `SETTINGS` text COLLATE utf8_unicode_ci DEFAULT NULL,
  `PARENT_ID` int(11) NOT NULL,
  PRIMARY KEY (`ID`),
  UNIQUE KEY `ux_b_seo_adv_region` (`ENGINE_ID`,`XML_ID`),
  KEY `ix_b_seo_adv_region1` (`PARENT_ID`)
) ENGINE=InnoDB DEFAULT CHARSET=utf8 COLLATE=utf8_unicode_ci;
/*!40101 SET character_set_client = @saved_cs_client */;

--
-- Dumping data for table `b_seo_adv_region`
--

LOCK TABLES `b_seo_adv_region` WRITE;
/*!40000 ALTER TABLE `b_seo_adv_region` DISABLE KEYS */;
/*!40000 ALTER TABLE `b_seo_adv_region` ENABLE KEYS */;
UNLOCK TABLES;

--
-- Table structure for table `b_seo_keywords`
--

DROP TABLE IF EXISTS `b_seo_keywords`;
/*!40101 SET @saved_cs_client     = @@character_set_client */;
/*!40101 SET character_set_client = utf8 */;
CREATE TABLE `b_seo_keywords` (
  `ID` int(11) NOT NULL AUTO_INCREMENT,
  `SITE_ID` char(2) COLLATE utf8_unicode_ci NOT NULL,
  `URL` varchar(255) COLLATE utf8_unicode_ci DEFAULT NULL,
  `KEYWORDS` text COLLATE utf8_unicode_ci DEFAULT NULL,
  PRIMARY KEY (`ID`),
  KEY `ix_b_seo_keywords_url` (`URL`,`SITE_ID`)
) ENGINE=InnoDB DEFAULT CHARSET=utf8 COLLATE=utf8_unicode_ci;
/*!40101 SET character_set_client = @saved_cs_client */;

--
-- Dumping data for table `b_seo_keywords`
--

LOCK TABLES `b_seo_keywords` WRITE;
/*!40000 ALTER TABLE `b_seo_keywords` DISABLE KEYS */;
/*!40000 ALTER TABLE `b_seo_keywords` ENABLE KEYS */;
UNLOCK TABLES;

--
-- Table structure for table `b_seo_search_engine`
--

DROP TABLE IF EXISTS `b_seo_search_engine`;
/*!40101 SET @saved_cs_client     = @@character_set_client */;
/*!40101 SET character_set_client = utf8 */;
CREATE TABLE `b_seo_search_engine` (
  `ID` int(11) NOT NULL AUTO_INCREMENT,
  `CODE` varchar(50) COLLATE utf8_unicode_ci NOT NULL,
  `ACTIVE` char(1) COLLATE utf8_unicode_ci DEFAULT 'Y',
  `SORT` int(5) DEFAULT 100,
  `NAME` varchar(255) COLLATE utf8_unicode_ci NOT NULL,
  `CLIENT_ID` varchar(255) COLLATE utf8_unicode_ci DEFAULT NULL,
  `CLIENT_SECRET` varchar(255) COLLATE utf8_unicode_ci DEFAULT NULL,
  `REDIRECT_URI` varchar(255) COLLATE utf8_unicode_ci DEFAULT NULL,
  `SETTINGS` text COLLATE utf8_unicode_ci DEFAULT NULL,
  PRIMARY KEY (`ID`),
  UNIQUE KEY `ux_b_seo_search_engine_code` (`CODE`)
) ENGINE=InnoDB AUTO_INCREMENT=4 DEFAULT CHARSET=utf8 COLLATE=utf8_unicode_ci;
/*!40101 SET character_set_client = @saved_cs_client */;

--
-- Dumping data for table `b_seo_search_engine`
--

LOCK TABLES `b_seo_search_engine` WRITE;
/*!40000 ALTER TABLE `b_seo_search_engine` DISABLE KEYS */;
INSERT INTO `b_seo_search_engine` VALUES (1,'google','Y',200,'Google','868942902147-qrrd6ce1ajfkpse8ieq4gkpdeanvtnno.apps.googleusercontent.com','EItMlJpZLC2WRPKB6QsA5bV9','urn:ietf:wg:oauth:2.0:oob',NULL),(2,'yandex','Y',300,'Yandex','f848c7bfc1d34a94ba6d05439f81bbd7','da0e73b2d9cc4e809f3170e49cb9df01','https://oauth.yandex.ru/verification_code',NULL),(3,'yandex_direct','Y',400,'Yandex.Direct','','','https://oauth.yandex.ru/verification_code',NULL);
/*!40000 ALTER TABLE `b_seo_search_engine` ENABLE KEYS */;
UNLOCK TABLES;

--
-- Table structure for table `b_seo_service_log`
--

DROP TABLE IF EXISTS `b_seo_service_log`;
/*!40101 SET @saved_cs_client     = @@character_set_client */;
/*!40101 SET character_set_client = utf8 */;
CREATE TABLE `b_seo_service_log` (
  `ID` int(11) NOT NULL AUTO_INCREMENT,
  `DATE_INSERT` datetime NOT NULL,
  `TYPE` varchar(20) COLLATE utf8_unicode_ci NOT NULL,
  `CODE` varchar(20) COLLATE utf8_unicode_ci DEFAULT NULL,
  `MESSAGE` varchar(1000) COLLATE utf8_unicode_ci NOT NULL,
  `GROUP_ID` varchar(20) COLLATE utf8_unicode_ci NOT NULL,
  PRIMARY KEY (`ID`)
) ENGINE=InnoDB DEFAULT CHARSET=utf8 COLLATE=utf8_unicode_ci;
/*!40101 SET character_set_client = @saved_cs_client */;

--
-- Dumping data for table `b_seo_service_log`
--

LOCK TABLES `b_seo_service_log` WRITE;
/*!40000 ALTER TABLE `b_seo_service_log` DISABLE KEYS */;
/*!40000 ALTER TABLE `b_seo_service_log` ENABLE KEYS */;
UNLOCK TABLES;

--
-- Table structure for table `b_seo_service_rtg_queue`
--

DROP TABLE IF EXISTS `b_seo_service_rtg_queue`;
/*!40101 SET @saved_cs_client     = @@character_set_client */;
/*!40101 SET character_set_client = utf8 */;
CREATE TABLE `b_seo_service_rtg_queue` (
  `ID` int(11) NOT NULL AUTO_INCREMENT,
  `DATE_INSERT` datetime DEFAULT NULL,
  `TYPE` varchar(20) COLLATE utf8_unicode_ci NOT NULL,
  `ACCOUNT_ID` varchar(50) COLLATE utf8_unicode_ci DEFAULT NULL,
  `AUDIENCE_ID` varchar(50) COLLATE utf8_unicode_ci NOT NULL,
  `CONTACT_TYPE` varchar(15) COLLATE utf8_unicode_ci NOT NULL,
  `VALUE` varchar(255) COLLATE utf8_unicode_ci NOT NULL,
  `ACTION` char(3) COLLATE utf8_unicode_ci NOT NULL,
  `DATE_AUTO_REMOVE` datetime DEFAULT NULL,
  PRIMARY KEY (`ID`),
  KEY `IX_B_SEO_SRV_RTG_QUEUE_1` (`ACTION`,`DATE_AUTO_REMOVE`),
  KEY `IX_B_SEO_SRV_RTG_QUEUE_2` (`TYPE`,`ACTION`)
) ENGINE=InnoDB DEFAULT CHARSET=utf8 COLLATE=utf8_unicode_ci;
/*!40101 SET character_set_client = @saved_cs_client */;

--
-- Dumping data for table `b_seo_service_rtg_queue`
--

LOCK TABLES `b_seo_service_rtg_queue` WRITE;
/*!40000 ALTER TABLE `b_seo_service_rtg_queue` DISABLE KEYS */;
/*!40000 ALTER TABLE `b_seo_service_rtg_queue` ENABLE KEYS */;
UNLOCK TABLES;

--
-- Table structure for table `b_seo_service_subscription`
--

DROP TABLE IF EXISTS `b_seo_service_subscription`;
/*!40101 SET @saved_cs_client     = @@character_set_client */;
/*!40101 SET character_set_client = utf8 */;
CREATE TABLE `b_seo_service_subscription` (
  `ID` int(11) NOT NULL AUTO_INCREMENT,
  `DATE_INSERT` datetime DEFAULT NULL,
  `TYPE` varchar(20) COLLATE utf8_unicode_ci NOT NULL,
  `GROUP_ID` varchar(50) COLLATE utf8_unicode_ci NOT NULL,
  `CALLBACK_SERVER_ID` varchar(50) COLLATE utf8_unicode_ci DEFAULT NULL,
  `HAS_AUTH` char(1) COLLATE utf8_unicode_ci NOT NULL DEFAULT 'N',
  PRIMARY KEY (`ID`),
  KEY `IX_B_SEO_SERVICE_SUB_1` (`TYPE`,`GROUP_ID`)
) ENGINE=InnoDB DEFAULT CHARSET=utf8 COLLATE=utf8_unicode_ci;
/*!40101 SET character_set_client = @saved_cs_client */;

--
-- Dumping data for table `b_seo_service_subscription`
--

LOCK TABLES `b_seo_service_subscription` WRITE;
/*!40000 ALTER TABLE `b_seo_service_subscription` DISABLE KEYS */;
/*!40000 ALTER TABLE `b_seo_service_subscription` ENABLE KEYS */;
UNLOCK TABLES;

--
-- Table structure for table `b_seo_service_webhook`
--

DROP TABLE IF EXISTS `b_seo_service_webhook`;
/*!40101 SET @saved_cs_client     = @@character_set_client */;
/*!40101 SET character_set_client = utf8 */;
CREATE TABLE `b_seo_service_webhook` (
  `ID` int(11) NOT NULL AUTO_INCREMENT,
  `DATE_INSERT` datetime DEFAULT NULL,
  `TYPE` varchar(20) COLLATE utf8_unicode_ci NOT NULL,
  `EXTERNAL_ID` varchar(50) COLLATE utf8_unicode_ci NOT NULL,
  `SECURITY_CODE` varchar(32) COLLATE utf8_unicode_ci NOT NULL,
  PRIMARY KEY (`ID`),
  KEY `IX_B_SEO_SERVICE_WEBHOOK_1` (`TYPE`,`EXTERNAL_ID`)
) ENGINE=InnoDB DEFAULT CHARSET=utf8 COLLATE=utf8_unicode_ci;
/*!40101 SET character_set_client = @saved_cs_client */;

--
-- Dumping data for table `b_seo_service_webhook`
--

LOCK TABLES `b_seo_service_webhook` WRITE;
/*!40000 ALTER TABLE `b_seo_service_webhook` DISABLE KEYS */;
/*!40000 ALTER TABLE `b_seo_service_webhook` ENABLE KEYS */;
UNLOCK TABLES;

--
-- Table structure for table `b_seo_sitemap`
--

DROP TABLE IF EXISTS `b_seo_sitemap`;
/*!40101 SET @saved_cs_client     = @@character_set_client */;
/*!40101 SET character_set_client = utf8 */;
CREATE TABLE `b_seo_sitemap` (
  `ID` int(11) NOT NULL AUTO_INCREMENT,
  `TIMESTAMP_X` timestamp NOT NULL DEFAULT current_timestamp() ON UPDATE current_timestamp(),
  `SITE_ID` char(2) COLLATE utf8_unicode_ci NOT NULL,
  `ACTIVE` char(1) COLLATE utf8_unicode_ci DEFAULT 'Y',
  `NAME` varchar(255) COLLATE utf8_unicode_ci DEFAULT '',
  `DATE_RUN` datetime DEFAULT NULL,
  `SETTINGS` longtext COLLATE utf8_unicode_ci DEFAULT NULL,
  PRIMARY KEY (`ID`)
) ENGINE=InnoDB DEFAULT CHARSET=utf8 COLLATE=utf8_unicode_ci;
/*!40101 SET character_set_client = @saved_cs_client */;

--
-- Dumping data for table `b_seo_sitemap`
--

LOCK TABLES `b_seo_sitemap` WRITE;
/*!40000 ALTER TABLE `b_seo_sitemap` DISABLE KEYS */;
/*!40000 ALTER TABLE `b_seo_sitemap` ENABLE KEYS */;
UNLOCK TABLES;

--
-- Table structure for table `b_seo_sitemap_entity`
--

DROP TABLE IF EXISTS `b_seo_sitemap_entity`;
/*!40101 SET @saved_cs_client     = @@character_set_client */;
/*!40101 SET character_set_client = utf8 */;
CREATE TABLE `b_seo_sitemap_entity` (
  `ID` int(11) NOT NULL AUTO_INCREMENT,
  `ENTITY_TYPE` varchar(255) COLLATE utf8_unicode_ci NOT NULL,
  `ENTITY_ID` int(11) NOT NULL,
  `SITEMAP_ID` int(11) NOT NULL,
  PRIMARY KEY (`ID`),
  KEY `ix_b_seo_sitemap_entity_1` (`ENTITY_TYPE`,`ENTITY_ID`),
  KEY `ix_b_seo_sitemap_entity_2` (`SITEMAP_ID`)
) ENGINE=InnoDB DEFAULT CHARSET=utf8 COLLATE=utf8_unicode_ci;
/*!40101 SET character_set_client = @saved_cs_client */;

--
-- Dumping data for table `b_seo_sitemap_entity`
--

LOCK TABLES `b_seo_sitemap_entity` WRITE;
/*!40000 ALTER TABLE `b_seo_sitemap_entity` DISABLE KEYS */;
/*!40000 ALTER TABLE `b_seo_sitemap_entity` ENABLE KEYS */;
UNLOCK TABLES;

--
-- Table structure for table `b_seo_sitemap_iblock`
--

DROP TABLE IF EXISTS `b_seo_sitemap_iblock`;
/*!40101 SET @saved_cs_client     = @@character_set_client */;
/*!40101 SET character_set_client = utf8 */;
CREATE TABLE `b_seo_sitemap_iblock` (
  `ID` int(11) NOT NULL AUTO_INCREMENT,
  `IBLOCK_ID` int(11) NOT NULL,
  `SITEMAP_ID` int(11) NOT NULL,
  PRIMARY KEY (`ID`),
  KEY `ix_b_seo_sitemap_iblock_1` (`IBLOCK_ID`),
  KEY `ix_b_seo_sitemap_iblock_2` (`SITEMAP_ID`)
) ENGINE=InnoDB DEFAULT CHARSET=utf8 COLLATE=utf8_unicode_ci;
/*!40101 SET character_set_client = @saved_cs_client */;

--
-- Dumping data for table `b_seo_sitemap_iblock`
--

LOCK TABLES `b_seo_sitemap_iblock` WRITE;
/*!40000 ALTER TABLE `b_seo_sitemap_iblock` DISABLE KEYS */;
/*!40000 ALTER TABLE `b_seo_sitemap_iblock` ENABLE KEYS */;
UNLOCK TABLES;

--
-- Table structure for table `b_seo_sitemap_runtime`
--

DROP TABLE IF EXISTS `b_seo_sitemap_runtime`;
/*!40101 SET @saved_cs_client     = @@character_set_client */;
/*!40101 SET character_set_client = utf8 */;
CREATE TABLE `b_seo_sitemap_runtime` (
  `ID` int(11) NOT NULL AUTO_INCREMENT,
  `PID` int(11) NOT NULL,
  `PROCESSED` char(1) COLLATE utf8_unicode_ci NOT NULL DEFAULT 'N',
  `ITEM_PATH` varchar(700) COLLATE utf8_unicode_ci DEFAULT NULL,
  `ITEM_ID` int(11) DEFAULT NULL,
  `ITEM_TYPE` char(1) COLLATE utf8_unicode_ci NOT NULL DEFAULT 'D',
  `ACTIVE` char(1) COLLATE utf8_unicode_ci DEFAULT 'Y',
  `ACTIVE_ELEMENT` char(1) COLLATE utf8_unicode_ci DEFAULT 'Y',
  PRIMARY KEY (`ID`),
  KEY `ix_seo_sitemap_runtime1` (`PID`,`PROCESSED`,`ITEM_TYPE`,`ITEM_ID`)
) ENGINE=InnoDB DEFAULT CHARSET=utf8 COLLATE=utf8_unicode_ci;
/*!40101 SET character_set_client = @saved_cs_client */;

--
-- Dumping data for table `b_seo_sitemap_runtime`
--

LOCK TABLES `b_seo_sitemap_runtime` WRITE;
/*!40000 ALTER TABLE `b_seo_sitemap_runtime` DISABLE KEYS */;
/*!40000 ALTER TABLE `b_seo_sitemap_runtime` ENABLE KEYS */;
UNLOCK TABLES;

--
-- Table structure for table `b_seo_yandex_direct_stat`
--

DROP TABLE IF EXISTS `b_seo_yandex_direct_stat`;
/*!40101 SET @saved_cs_client     = @@character_set_client */;
/*!40101 SET character_set_client = utf8 */;
CREATE TABLE `b_seo_yandex_direct_stat` (
  `ID` int(18) NOT NULL AUTO_INCREMENT,
  `CAMPAIGN_ID` int(11) NOT NULL,
  `BANNER_ID` int(11) NOT NULL,
  `DATE_DAY` date NOT NULL,
  `CURRENCY` char(3) COLLATE utf8_unicode_ci DEFAULT NULL,
  `SUM` float DEFAULT 0,
  `SUM_SEARCH` float DEFAULT 0,
  `SUM_CONTEXT` float DEFAULT 0,
  `CLICKS` int(7) DEFAULT 0,
  `CLICKS_SEARCH` int(7) DEFAULT 0,
  `CLICKS_CONTEXT` int(7) DEFAULT 0,
  `SHOWS` int(7) DEFAULT 0,
  `SHOWS_SEARCH` int(7) DEFAULT 0,
  `SHOWS_CONTEXT` int(7) DEFAULT 0,
  PRIMARY KEY (`ID`),
  UNIQUE KEY `ux_seo_yandex_direct_stat` (`BANNER_ID`,`DATE_DAY`),
  KEY `ix_seo_yandex_direct_stat1` (`CAMPAIGN_ID`)
) ENGINE=InnoDB DEFAULT CHARSET=utf8 COLLATE=utf8_unicode_ci;
/*!40101 SET character_set_client = @saved_cs_client */;

--
-- Dumping data for table `b_seo_yandex_direct_stat`
--

LOCK TABLES `b_seo_yandex_direct_stat` WRITE;
/*!40000 ALTER TABLE `b_seo_yandex_direct_stat` DISABLE KEYS */;
/*!40000 ALTER TABLE `b_seo_yandex_direct_stat` ENABLE KEYS */;
UNLOCK TABLES;

--
-- Table structure for table `b_short_uri`
--

DROP TABLE IF EXISTS `b_short_uri`;
/*!40101 SET @saved_cs_client     = @@character_set_client */;
/*!40101 SET character_set_client = utf8 */;
CREATE TABLE `b_short_uri` (
  `ID` int(18) NOT NULL AUTO_INCREMENT,
  `URI` varchar(2000) COLLATE utf8_unicode_ci NOT NULL,
  `URI_CRC` int(18) NOT NULL,
  `SHORT_URI` varbinary(250) NOT NULL,
  `SHORT_URI_CRC` int(18) NOT NULL,
  `STATUS` int(18) NOT NULL DEFAULT 301,
  `MODIFIED` datetime NOT NULL,
  `LAST_USED` datetime DEFAULT NULL,
  `NUMBER_USED` int(18) NOT NULL DEFAULT 0,
  PRIMARY KEY (`ID`),
  KEY `ux_b_short_uri_1` (`SHORT_URI_CRC`),
  KEY `ux_b_short_uri_2` (`URI_CRC`)
) ENGINE=InnoDB DEFAULT CHARSET=utf8 COLLATE=utf8_unicode_ci;
/*!40101 SET character_set_client = @saved_cs_client */;

--
-- Dumping data for table `b_short_uri`
--

LOCK TABLES `b_short_uri` WRITE;
/*!40000 ALTER TABLE `b_short_uri` DISABLE KEYS */;
/*!40000 ALTER TABLE `b_short_uri` ENABLE KEYS */;
UNLOCK TABLES;

--
-- Table structure for table `b_site_template`
--

DROP TABLE IF EXISTS `b_site_template`;
/*!40101 SET @saved_cs_client     = @@character_set_client */;
/*!40101 SET character_set_client = utf8 */;
CREATE TABLE `b_site_template` (
  `ID` int(11) NOT NULL AUTO_INCREMENT,
  `SITE_ID` char(2) COLLATE utf8_unicode_ci NOT NULL,
  `CONDITION` varchar(255) COLLATE utf8_unicode_ci DEFAULT NULL,
  `SORT` int(11) NOT NULL DEFAULT 500,
  `TEMPLATE` varchar(255) COLLATE utf8_unicode_ci NOT NULL,
  PRIMARY KEY (`ID`),
  KEY `ix_site_template_site` (`SITE_ID`)
) ENGINE=InnoDB AUTO_INCREMENT=3 DEFAULT CHARSET=utf8 COLLATE=utf8_unicode_ci;
/*!40101 SET character_set_client = @saved_cs_client */;

--
-- Dumping data for table `b_site_template`
--

LOCK TABLES `b_site_template` WRITE;
/*!40000 ALTER TABLE `b_site_template` DISABLE KEYS */;
INSERT INTO `b_site_template` VALUES (2,'s1','',1,'main');
/*!40000 ALTER TABLE `b_site_template` ENABLE KEYS */;
UNLOCK TABLES;

--
-- Table structure for table `b_smile`
--

DROP TABLE IF EXISTS `b_smile`;
/*!40101 SET @saved_cs_client     = @@character_set_client */;
/*!40101 SET character_set_client = utf8 */;
CREATE TABLE `b_smile` (
  `ID` int(18) NOT NULL AUTO_INCREMENT,
  `TYPE` char(1) COLLATE utf8_unicode_ci NOT NULL DEFAULT 'S',
  `SET_ID` int(18) NOT NULL DEFAULT 0,
  `SORT` int(10) NOT NULL DEFAULT 150,
  `TYPING` varchar(100) COLLATE utf8_unicode_ci DEFAULT NULL,
  `CLICKABLE` char(1) COLLATE utf8_unicode_ci NOT NULL DEFAULT 'Y',
  `HIDDEN` char(1) COLLATE utf8_unicode_ci NOT NULL DEFAULT 'N',
  `IMAGE` varchar(255) COLLATE utf8_unicode_ci NOT NULL,
  `IMAGE_DEFINITION` varchar(10) COLLATE utf8_unicode_ci NOT NULL DEFAULT 'SD',
  `IMAGE_WIDTH` int(11) NOT NULL DEFAULT 0,
  `IMAGE_HEIGHT` int(11) NOT NULL DEFAULT 0,
  PRIMARY KEY (`ID`)
) ENGINE=InnoDB AUTO_INCREMENT=25 DEFAULT CHARSET=utf8 COLLATE=utf8_unicode_ci;
/*!40101 SET character_set_client = @saved_cs_client */;

--
-- Dumping data for table `b_smile`
--

LOCK TABLES `b_smile` WRITE;
/*!40000 ALTER TABLE `b_smile` DISABLE KEYS */;
INSERT INTO `b_smile` VALUES (1,'S',2,100,':) :-)','Y','N','bx_smile_smile.png','UHD',20,20),(2,'S',2,105,';) ;-)','Y','N','bx_smile_wink.png','UHD',20,20),(3,'S',2,110,':D :-D','Y','N','bx_smile_biggrin.png','UHD',20,20),(4,'S',2,115,'8) 8-)','Y','N','bx_smile_cool.png','UHD',20,20),(5,'S',2,120,':facepalm:','Y','N','bx_smile_facepalm.png','UHD',20,20),(6,'S',2,125,':{} :-{}','Y','N','bx_smile_kiss.png','UHD',20,20),(7,'S',2,130,':( :-(','Y','N','bx_smile_sad.png','UHD',20,20),(8,'S',2,135,':| :-|','Y','N','bx_smile_neutral.png','UHD',20,20),(9,'S',2,140,':oops:','Y','N','bx_smile_redface.png','UHD',20,20),(10,'S',2,145,':cry: :~(','Y','N','bx_smile_cry.png','UHD',20,20),(11,'S',2,150,':evil: >:-<','Y','N','bx_smile_evil.png','UHD',20,20),(12,'S',2,155,':o :-o :shock:','Y','N','bx_smile_eek.png','UHD',20,20),(13,'S',2,160,':/ :-/','Y','N','bx_smile_confuse.png','UHD',20,20),(14,'S',2,165,':idea:','Y','N','bx_smile_idea.png','UHD',20,20),(15,'S',2,170,':?:','Y','N','bx_smile_question.png','UHD',20,20),(16,'S',2,175,':!:','Y','N','bx_smile_exclaim.png','UHD',20,20),(17,'S',2,180,':like:','Y','N','bx_smile_like.png','UHD',20,20),(18,'I',2,175,'ICON_NOTE','Y','N','bx_icon_1.gif','SD',15,15),(19,'I',2,180,'ICON_DIRRECTION','Y','N','bx_icon_2.gif','SD',15,15),(20,'I',2,185,'ICON_IDEA','Y','N','bx_icon_3.gif','SD',15,15),(21,'I',2,190,'ICON_ATTANSION','Y','N','bx_icon_4.gif','SD',15,15),(22,'I',2,195,'ICON_QUESTION','Y','N','bx_icon_5.gif','SD',15,15),(23,'I',2,200,'ICON_BAD','Y','N','bx_icon_6.gif','SD',15,15),(24,'I',2,205,'ICON_GOOD','Y','N','bx_icon_7.gif','SD',15,15);
/*!40000 ALTER TABLE `b_smile` ENABLE KEYS */;
UNLOCK TABLES;

--
-- Table structure for table `b_smile_lang`
--

DROP TABLE IF EXISTS `b_smile_lang`;
/*!40101 SET @saved_cs_client     = @@character_set_client */;
/*!40101 SET character_set_client = utf8 */;
CREATE TABLE `b_smile_lang` (
  `ID` int(18) NOT NULL AUTO_INCREMENT,
  `TYPE` char(1) COLLATE utf8_unicode_ci NOT NULL DEFAULT 'S',
  `SID` int(11) NOT NULL,
  `LID` char(2) COLLATE utf8_unicode_ci NOT NULL,
  `NAME` varchar(255) COLLATE utf8_unicode_ci NOT NULL,
  PRIMARY KEY (`ID`),
  UNIQUE KEY `UX_SMILE_SL` (`TYPE`,`SID`,`LID`)
) ENGINE=InnoDB AUTO_INCREMENT=39 DEFAULT CHARSET=utf8 COLLATE=utf8_unicode_ci;
/*!40101 SET character_set_client = @saved_cs_client */;

--
-- Dumping data for table `b_smile_lang`
--

LOCK TABLES `b_smile_lang` WRITE;
/*!40000 ALTER TABLE `b_smile_lang` DISABLE KEYS */;
INSERT INTO `b_smile_lang` VALUES (1,'P',1,'ru','Стандартная галерея'),(2,'P',1,'en','Standard gallery'),(3,'G',2,'ru','Основной набор'),(4,'G',2,'en','Default pack'),(5,'S',1,'ru','С улыбкой'),(6,'S',1,'en','Smile'),(7,'S',2,'ru','Шутливо'),(8,'S',2,'en','Wink'),(9,'S',3,'ru','Широкая улыбка'),(10,'S',3,'en','Big grin'),(11,'S',4,'ru','Здорово'),(12,'S',4,'en','Cool'),(13,'S',5,'ru','Разочарование'),(14,'S',5,'en','Facepalm'),(15,'S',6,'ru','Поцелуй'),(16,'S',6,'en','Kiss'),(17,'S',7,'ru','Печально'),(18,'S',7,'en','Sad'),(19,'S',8,'ru','Скептически'),(20,'S',8,'en','Skeptic'),(21,'S',9,'ru','Смущенный'),(22,'S',9,'en','Embarrassed'),(23,'S',10,'ru','Очень грустно'),(24,'S',10,'en','Crying'),(25,'S',11,'ru','Со злостью'),(26,'S',11,'en','Angry'),(27,'S',12,'ru','Удивленно'),(28,'S',12,'en','Surprised'),(29,'S',13,'ru','Смущенно'),(30,'S',13,'en','Confused'),(31,'S',14,'ru','Идея'),(32,'S',14,'en','Idea'),(33,'S',15,'ru','Вопрос'),(34,'S',15,'en','Question'),(35,'S',16,'ru','Восклицание'),(36,'S',16,'en','Exclamation'),(37,'S',17,'ru','Нравится'),(38,'S',17,'en','Like');
/*!40000 ALTER TABLE `b_smile_lang` ENABLE KEYS */;
UNLOCK TABLES;

--
-- Table structure for table `b_smile_set`
--

DROP TABLE IF EXISTS `b_smile_set`;
/*!40101 SET @saved_cs_client     = @@character_set_client */;
/*!40101 SET character_set_client = utf8 */;
CREATE TABLE `b_smile_set` (
  `ID` int(18) NOT NULL AUTO_INCREMENT,
  `TYPE` char(1) COLLATE utf8_unicode_ci NOT NULL DEFAULT 'G',
  `PARENT_ID` int(18) NOT NULL DEFAULT 0,
  `STRING_ID` varchar(255) COLLATE utf8_unicode_ci DEFAULT NULL,
  `SORT` int(10) NOT NULL DEFAULT 150,
  PRIMARY KEY (`ID`)
) ENGINE=InnoDB AUTO_INCREMENT=3 DEFAULT CHARSET=utf8 COLLATE=utf8_unicode_ci;
/*!40101 SET character_set_client = @saved_cs_client */;

--
-- Dumping data for table `b_smile_set`
--

LOCK TABLES `b_smile_set` WRITE;
/*!40000 ALTER TABLE `b_smile_set` DISABLE KEYS */;
INSERT INTO `b_smile_set` VALUES (1,'P',0,'bitrix',150),(2,'G',1,'bitrix_main',150);
/*!40000 ALTER TABLE `b_smile_set` ENABLE KEYS */;
UNLOCK TABLES;

--
-- Table structure for table `b_socialservices_ap`
--

DROP TABLE IF EXISTS `b_socialservices_ap`;
/*!40101 SET @saved_cs_client     = @@character_set_client */;
/*!40101 SET character_set_client = utf8 */;
CREATE TABLE `b_socialservices_ap` (
  `ID` int(11) NOT NULL AUTO_INCREMENT,
  `TIMESTAMP_X` timestamp NULL DEFAULT current_timestamp(),
  `USER_ID` int(11) NOT NULL,
  `DOMAIN` varchar(255) COLLATE utf8_unicode_ci NOT NULL,
  `ENDPOINT` varchar(255) COLLATE utf8_unicode_ci DEFAULT NULL,
  `LOGIN` varchar(50) COLLATE utf8_unicode_ci DEFAULT NULL,
  `PASSWORD` varchar(50) COLLATE utf8_unicode_ci DEFAULT NULL,
  `LAST_AUTHORIZE` datetime DEFAULT NULL,
  `SETTINGS` varchar(1000) COLLATE utf8_unicode_ci DEFAULT NULL,
  PRIMARY KEY (`ID`),
  KEY `ix_socialservices_ap1` (`USER_ID`,`DOMAIN`)
) ENGINE=InnoDB DEFAULT CHARSET=utf8 COLLATE=utf8_unicode_ci;
/*!40101 SET character_set_client = @saved_cs_client */;

--
-- Dumping data for table `b_socialservices_ap`
--

LOCK TABLES `b_socialservices_ap` WRITE;
/*!40000 ALTER TABLE `b_socialservices_ap` DISABLE KEYS */;
/*!40000 ALTER TABLE `b_socialservices_ap` ENABLE KEYS */;
UNLOCK TABLES;

--
-- Table structure for table `b_socialservices_contact`
--

DROP TABLE IF EXISTS `b_socialservices_contact`;
/*!40101 SET @saved_cs_client     = @@character_set_client */;
/*!40101 SET character_set_client = utf8 */;
CREATE TABLE `b_socialservices_contact` (
  `ID` int(11) NOT NULL AUTO_INCREMENT,
  `TIMESTAMP_X` timestamp NULL DEFAULT current_timestamp(),
  `USER_ID` int(11) NOT NULL,
  `CONTACT_USER_ID` int(11) DEFAULT NULL,
  `CONTACT_XML_ID` int(11) DEFAULT NULL,
  `CONTACT_NAME` varchar(255) COLLATE utf8_unicode_ci DEFAULT NULL,
  `CONTACT_LAST_NAME` varchar(255) COLLATE utf8_unicode_ci DEFAULT NULL,
  `CONTACT_PHOTO` varchar(255) COLLATE utf8_unicode_ci DEFAULT NULL,
  `LAST_AUTHORIZE` datetime DEFAULT NULL,
  `NOTIFY` char(1) COLLATE utf8_unicode_ci DEFAULT 'N',
  PRIMARY KEY (`ID`),
  KEY `ix_b_socialservices_contact1` (`USER_ID`),
  KEY `ix_b_socialservices_contact2` (`CONTACT_USER_ID`),
  KEY `ix_b_socialservices_contact3` (`TIMESTAMP_X`),
  KEY `ix_b_socialservices_contact4` (`LAST_AUTHORIZE`)
) ENGINE=InnoDB DEFAULT CHARSET=utf8 COLLATE=utf8_unicode_ci;
/*!40101 SET character_set_client = @saved_cs_client */;

--
-- Dumping data for table `b_socialservices_contact`
--

LOCK TABLES `b_socialservices_contact` WRITE;
/*!40000 ALTER TABLE `b_socialservices_contact` DISABLE KEYS */;
/*!40000 ALTER TABLE `b_socialservices_contact` ENABLE KEYS */;
UNLOCK TABLES;

--
-- Table structure for table `b_socialservices_contact_connect`
--

DROP TABLE IF EXISTS `b_socialservices_contact_connect`;
/*!40101 SET @saved_cs_client     = @@character_set_client */;
/*!40101 SET character_set_client = utf8 */;
CREATE TABLE `b_socialservices_contact_connect` (
  `ID` int(11) NOT NULL AUTO_INCREMENT,
  `TIMESTAMP_X` timestamp NULL DEFAULT current_timestamp(),
  `CONTACT_ID` int(11) DEFAULT NULL,
  `LINK_ID` int(11) DEFAULT NULL,
  `CONTACT_PROFILE_ID` int(11) NOT NULL,
  `CONTACT_PORTAL` varchar(255) COLLATE utf8_unicode_ci NOT NULL,
  `CONNECT_TYPE` char(1) COLLATE utf8_unicode_ci DEFAULT 'P',
  `LAST_AUTHORIZE` datetime DEFAULT NULL,
  PRIMARY KEY (`ID`),
  KEY `ix_b_socialservices_contact_connect1` (`CONTACT_ID`),
  KEY `ix_b_socialservices_contact_connect2` (`LINK_ID`),
  KEY `ix_b_socialservices_contact_connect3` (`LAST_AUTHORIZE`)
) ENGINE=InnoDB DEFAULT CHARSET=utf8 COLLATE=utf8_unicode_ci;
/*!40101 SET character_set_client = @saved_cs_client */;

--
-- Dumping data for table `b_socialservices_contact_connect`
--

LOCK TABLES `b_socialservices_contact_connect` WRITE;
/*!40000 ALTER TABLE `b_socialservices_contact_connect` DISABLE KEYS */;
/*!40000 ALTER TABLE `b_socialservices_contact_connect` ENABLE KEYS */;
UNLOCK TABLES;

--
-- Table structure for table `b_socialservices_message`
--

DROP TABLE IF EXISTS `b_socialservices_message`;
/*!40101 SET @saved_cs_client     = @@character_set_client */;
/*!40101 SET character_set_client = utf8 */;
CREATE TABLE `b_socialservices_message` (
  `ID` int(11) NOT NULL AUTO_INCREMENT,
  `USER_ID` int(11) NOT NULL,
  `SOCSERV_USER_ID` int(11) NOT NULL,
  `PROVIDER` varchar(100) COLLATE utf8_unicode_ci NOT NULL,
  `MESSAGE` varchar(1000) COLLATE utf8_unicode_ci DEFAULT NULL,
  `INSERT_DATE` datetime DEFAULT NULL,
  `SUCCES_SENT` char(1) COLLATE utf8_unicode_ci NOT NULL DEFAULT 'N',
  PRIMARY KEY (`ID`)
) ENGINE=InnoDB DEFAULT CHARSET=utf8 COLLATE=utf8_unicode_ci;
/*!40101 SET character_set_client = @saved_cs_client */;

--
-- Dumping data for table `b_socialservices_message`
--

LOCK TABLES `b_socialservices_message` WRITE;
/*!40000 ALTER TABLE `b_socialservices_message` DISABLE KEYS */;
/*!40000 ALTER TABLE `b_socialservices_message` ENABLE KEYS */;
UNLOCK TABLES;

--
-- Table structure for table `b_socialservices_user`
--

DROP TABLE IF EXISTS `b_socialservices_user`;
/*!40101 SET @saved_cs_client     = @@character_set_client */;
/*!40101 SET character_set_client = utf8 */;
CREATE TABLE `b_socialservices_user` (
  `ID` int(11) NOT NULL AUTO_INCREMENT,
  `LOGIN` varchar(100) COLLATE utf8_unicode_ci NOT NULL,
  `NAME` varchar(100) COLLATE utf8_unicode_ci DEFAULT NULL,
  `LAST_NAME` varchar(100) COLLATE utf8_unicode_ci DEFAULT NULL,
  `EMAIL` varchar(100) COLLATE utf8_unicode_ci DEFAULT NULL,
  `PERSONAL_PHOTO` int(11) DEFAULT NULL,
  `EXTERNAL_AUTH_ID` varchar(100) COLLATE utf8_unicode_ci NOT NULL,
  `USER_ID` int(11) NOT NULL,
  `XML_ID` varchar(100) COLLATE utf8_unicode_ci NOT NULL,
  `CAN_DELETE` char(1) COLLATE utf8_unicode_ci NOT NULL DEFAULT 'Y',
  `PERSONAL_WWW` varchar(100) COLLATE utf8_unicode_ci DEFAULT NULL,
  `PERMISSIONS` varchar(555) COLLATE utf8_unicode_ci DEFAULT NULL,
  `OATOKEN` varchar(3000) COLLATE utf8_unicode_ci DEFAULT NULL,
  `OATOKEN_EXPIRES` int(11) DEFAULT NULL,
  `OASECRET` varchar(250) COLLATE utf8_unicode_ci DEFAULT NULL,
  `REFRESH_TOKEN` varchar(1000) COLLATE utf8_unicode_ci DEFAULT NULL,
  `SEND_ACTIVITY` char(1) COLLATE utf8_unicode_ci DEFAULT 'Y',
  `SITE_ID` varchar(50) COLLATE utf8_unicode_ci DEFAULT NULL,
  `INITIALIZED` char(1) COLLATE utf8_unicode_ci DEFAULT 'N',
  PRIMARY KEY (`ID`),
  UNIQUE KEY `IX_B_SOCIALSERVICES_USER` (`XML_ID`,`EXTERNAL_AUTH_ID`),
  KEY `IX_B_SOCIALSERVICES_US_1` (`USER_ID`),
  KEY `IX_B_SOCIALSERVICES_US_3` (`LOGIN`)
) ENGINE=InnoDB DEFAULT CHARSET=utf8 COLLATE=utf8_unicode_ci;
/*!40101 SET character_set_client = @saved_cs_client */;

--
-- Dumping data for table `b_socialservices_user`
--

LOCK TABLES `b_socialservices_user` WRITE;
/*!40000 ALTER TABLE `b_socialservices_user` DISABLE KEYS */;
/*!40000 ALTER TABLE `b_socialservices_user` ENABLE KEYS */;
UNLOCK TABLES;

--
-- Table structure for table `b_socialservices_user_link`
--

DROP TABLE IF EXISTS `b_socialservices_user_link`;
/*!40101 SET @saved_cs_client     = @@character_set_client */;
/*!40101 SET character_set_client = utf8 */;
CREATE TABLE `b_socialservices_user_link` (
  `ID` int(11) NOT NULL AUTO_INCREMENT,
  `USER_ID` int(11) NOT NULL,
  `SOCSERV_USER_ID` int(11) NOT NULL,
  `LINK_USER_ID` int(11) DEFAULT NULL,
  `LINK_UID` varchar(100) COLLATE utf8_unicode_ci NOT NULL,
  `LINK_NAME` varchar(255) COLLATE utf8_unicode_ci DEFAULT NULL,
  `LINK_LAST_NAME` varchar(255) COLLATE utf8_unicode_ci DEFAULT NULL,
  `LINK_PICTURE` varchar(255) COLLATE utf8_unicode_ci DEFAULT NULL,
  `LINK_EMAIL` varchar(255) COLLATE utf8_unicode_ci DEFAULT NULL,
  `TIMESTAMP_X` timestamp NULL DEFAULT NULL,
  PRIMARY KEY (`ID`),
  KEY `ix_b_socialservices_user_link_5` (`SOCSERV_USER_ID`),
  KEY `ix_b_socialservices_user_link_6` (`LINK_USER_ID`,`TIMESTAMP_X`),
  KEY `ix_b_socialservices_user_link_7` (`LINK_UID`)
) ENGINE=InnoDB DEFAULT CHARSET=utf8 COLLATE=utf8_unicode_ci;
/*!40101 SET character_set_client = @saved_cs_client */;

--
-- Dumping data for table `b_socialservices_user_link`
--

LOCK TABLES `b_socialservices_user_link` WRITE;
/*!40000 ALTER TABLE `b_socialservices_user_link` DISABLE KEYS */;
/*!40000 ALTER TABLE `b_socialservices_user_link` ENABLE KEYS */;
UNLOCK TABLES;

--
-- Table structure for table `b_sticker`
--

DROP TABLE IF EXISTS `b_sticker`;
/*!40101 SET @saved_cs_client     = @@character_set_client */;
/*!40101 SET character_set_client = utf8 */;
CREATE TABLE `b_sticker` (
  `ID` int(11) NOT NULL AUTO_INCREMENT,
  `SITE_ID` char(2) COLLATE utf8_unicode_ci DEFAULT NULL,
  `PAGE_URL` varchar(255) COLLATE utf8_unicode_ci NOT NULL,
  `PAGE_TITLE` varchar(255) COLLATE utf8_unicode_ci NOT NULL,
  `DATE_CREATE` datetime NOT NULL,
  `DATE_UPDATE` datetime NOT NULL,
  `MODIFIED_BY` int(18) NOT NULL,
  `CREATED_BY` int(18) NOT NULL,
  `PERSONAL` char(1) COLLATE utf8_unicode_ci NOT NULL DEFAULT 'N',
  `CONTENT` text COLLATE utf8_unicode_ci DEFAULT NULL,
  `POS_TOP` int(11) DEFAULT NULL,
  `POS_LEFT` int(11) DEFAULT NULL,
  `WIDTH` int(11) DEFAULT NULL,
  `HEIGHT` int(11) DEFAULT NULL,
  `COLOR` int(11) DEFAULT NULL,
  `COLLAPSED` char(1) COLLATE utf8_unicode_ci NOT NULL DEFAULT 'N',
  `COMPLETED` char(1) COLLATE utf8_unicode_ci NOT NULL DEFAULT 'N',
  `CLOSED` char(1) COLLATE utf8_unicode_ci NOT NULL DEFAULT 'N',
  `DELETED` char(1) COLLATE utf8_unicode_ci NOT NULL DEFAULT 'N',
  `MARKER_TOP` int(11) DEFAULT NULL,
  `MARKER_LEFT` int(11) DEFAULT NULL,
  `MARKER_WIDTH` int(11) DEFAULT NULL,
  `MARKER_HEIGHT` int(11) DEFAULT NULL,
  `MARKER_ADJUST` text COLLATE utf8_unicode_ci DEFAULT NULL,
  PRIMARY KEY (`ID`)
) ENGINE=InnoDB DEFAULT CHARSET=utf8 COLLATE=utf8_unicode_ci;
/*!40101 SET character_set_client = @saved_cs_client */;

--
-- Dumping data for table `b_sticker`
--

LOCK TABLES `b_sticker` WRITE;
/*!40000 ALTER TABLE `b_sticker` DISABLE KEYS */;
/*!40000 ALTER TABLE `b_sticker` ENABLE KEYS */;
UNLOCK TABLES;

--
-- Table structure for table `b_sticker_group_task`
--

DROP TABLE IF EXISTS `b_sticker_group_task`;
/*!40101 SET @saved_cs_client     = @@character_set_client */;
/*!40101 SET character_set_client = utf8 */;
CREATE TABLE `b_sticker_group_task` (
  `GROUP_ID` int(11) NOT NULL,
  `TASK_ID` int(11) NOT NULL,
  PRIMARY KEY (`GROUP_ID`,`TASK_ID`)
) ENGINE=InnoDB DEFAULT CHARSET=utf8 COLLATE=utf8_unicode_ci;
/*!40101 SET character_set_client = @saved_cs_client */;

--
-- Dumping data for table `b_sticker_group_task`
--

LOCK TABLES `b_sticker_group_task` WRITE;
/*!40000 ALTER TABLE `b_sticker_group_task` DISABLE KEYS */;
/*!40000 ALTER TABLE `b_sticker_group_task` ENABLE KEYS */;
UNLOCK TABLES;

--
-- Table structure for table `b_task`
--

DROP TABLE IF EXISTS `b_task`;
/*!40101 SET @saved_cs_client     = @@character_set_client */;
/*!40101 SET character_set_client = utf8 */;
CREATE TABLE `b_task` (
  `ID` int(18) NOT NULL AUTO_INCREMENT,
  `NAME` varchar(100) COLLATE utf8_unicode_ci NOT NULL,
  `LETTER` char(1) COLLATE utf8_unicode_ci DEFAULT NULL,
  `MODULE_ID` varchar(50) COLLATE utf8_unicode_ci NOT NULL,
  `SYS` char(1) COLLATE utf8_unicode_ci NOT NULL,
  `DESCRIPTION` varchar(255) COLLATE utf8_unicode_ci DEFAULT NULL,
  `BINDING` varchar(50) COLLATE utf8_unicode_ci DEFAULT 'module',
  PRIMARY KEY (`ID`),
  KEY `ix_task` (`MODULE_ID`,`BINDING`,`LETTER`,`SYS`)
) ENGINE=InnoDB AUTO_INCREMENT=44 DEFAULT CHARSET=utf8 COLLATE=utf8_unicode_ci;
/*!40101 SET character_set_client = @saved_cs_client */;

--
-- Dumping data for table `b_task`
--

LOCK TABLES `b_task` WRITE;
/*!40000 ALTER TABLE `b_task` DISABLE KEYS */;
INSERT INTO `b_task` VALUES (1,'main_denied','D','main','Y',NULL,'module'),(2,'main_change_profile','P','main','Y',NULL,'module'),(3,'main_view_all_settings','R','main','Y',NULL,'module'),(4,'main_view_all_settings_change_profile','T','main','Y',NULL,'module'),(5,'main_edit_subordinate_users','V','main','Y',NULL,'module'),(6,'main_full_access','W','main','Y',NULL,'module'),(7,'fm_folder_access_denied','D','main','Y',NULL,'file'),(8,'fm_folder_access_read','R','main','Y',NULL,'file'),(9,'fm_folder_access_write','W','main','Y',NULL,'file'),(10,'fm_folder_access_full','X','main','Y',NULL,'file'),(11,'fm_folder_access_workflow','U','main','Y',NULL,'file'),(12,'bitrixcloud_deny','D','bitrixcloud','Y',NULL,'module'),(13,'bitrixcloud_control','W','bitrixcloud','Y',NULL,'module'),(14,'clouds_denied','D','clouds','Y',NULL,'module'),(15,'clouds_browse','F','clouds','Y',NULL,'module'),(16,'clouds_upload','U','clouds','Y',NULL,'module'),(17,'clouds_full_access','W','clouds','Y',NULL,'module'),(18,'fileman_denied','D','fileman','Y','','module'),(19,'fileman_allowed_folders','F','fileman','Y','','module'),(20,'fileman_full_access','W','fileman','Y','','module'),(21,'medialib_denied','D','fileman','Y','','medialib'),(22,'medialib_view','F','fileman','Y','','medialib'),(23,'medialib_only_new','R','fileman','Y','','medialib'),(24,'medialib_edit_items','V','fileman','Y','','medialib'),(25,'medialib_editor','W','fileman','Y','','medialib'),(26,'medialib_full','X','fileman','Y','','medialib'),(27,'stickers_denied','D','fileman','Y','','stickers'),(28,'stickers_read','R','fileman','Y','','stickers'),(29,'stickers_edit','W','fileman','Y','','stickers'),(30,'hblock_denied','D','highloadblock','Y',NULL,'module'),(31,'hblock_read','R','highloadblock','Y',NULL,'module'),(32,'hblock_write','W','highloadblock','Y',NULL,'module'),(33,'iblock_deny','D','iblock','Y',NULL,'iblock'),(34,'iblock_read','R','iblock','Y',NULL,'iblock'),(35,'iblock_element_add','E','iblock','Y',NULL,'iblock'),(36,'iblock_admin_read','S','iblock','Y',NULL,'iblock'),(37,'iblock_admin_add','T','iblock','Y',NULL,'iblock'),(38,'iblock_limited_edit','U','iblock','Y',NULL,'iblock'),(39,'iblock_full_edit','W','iblock','Y',NULL,'iblock'),(40,'iblock_full','X','iblock','Y',NULL,'iblock'),(41,'seo_denied','D','seo','Y','','module'),(42,'seo_edit','F','seo','Y','','module'),(43,'seo_full_access','W','seo','Y','','module');
/*!40000 ALTER TABLE `b_task` ENABLE KEYS */;
UNLOCK TABLES;

--
-- Table structure for table `b_task_operation`
--

DROP TABLE IF EXISTS `b_task_operation`;
/*!40101 SET @saved_cs_client     = @@character_set_client */;
/*!40101 SET character_set_client = utf8 */;
CREATE TABLE `b_task_operation` (
  `TASK_ID` int(18) NOT NULL,
  `OPERATION_ID` int(18) NOT NULL,
  PRIMARY KEY (`TASK_ID`,`OPERATION_ID`)
) ENGINE=InnoDB DEFAULT CHARSET=utf8 COLLATE=utf8_unicode_ci;
/*!40101 SET character_set_client = @saved_cs_client */;

--
-- Dumping data for table `b_task_operation`
--

LOCK TABLES `b_task_operation` WRITE;
/*!40000 ALTER TABLE `b_task_operation` DISABLE KEYS */;
INSERT INTO `b_task_operation` VALUES (2,2),(2,3),(3,2),(3,4),(3,5),(3,6),(3,7),(4,2),(4,3),(4,4),(4,5),(4,6),(4,7),(5,2),(5,3),(5,5),(5,6),(5,7),(5,8),(5,9),(6,2),(6,3),(6,4),(6,5),(6,6),(6,7),(6,10),(6,11),(6,12),(6,13),(6,14),(6,15),(6,16),(6,17),(6,18),(8,19),(8,20),(8,21),(9,19),(9,20),(9,21),(9,22),(9,23),(9,24),(9,25),(9,26),(9,27),(9,28),(9,29),(9,30),(9,31),(9,32),(9,33),(9,34),(10,19),(10,20),(10,21),(10,22),(10,23),(10,24),(10,25),(10,26),(10,27),(10,28),(10,29),(10,30),(10,31),(10,32),(10,33),(10,34),(10,35),(11,19),(11,20),(11,21),(11,24),(11,28),(13,36),(13,37),(13,38),(15,39),(16,39),(16,40),(17,39),(17,40),(17,41),(19,44),(19,45),(19,46),(19,47),(19,48),(19,49),(19,50),(19,52),(19,53),(20,42),(20,43),(20,44),(20,45),(20,46),(20,47),(20,48),(20,49),(20,50),(20,51),(20,52),(20,53),(20,54),(22,55),(23,55),(23,56),(23,60),(24,55),(24,60),(24,61),(24,62),(25,55),(25,56),(25,57),(25,58),(25,60),(25,61),(25,62),(26,55),(26,56),(26,57),(26,58),(26,59),(26,60),(26,61),(26,62),(28,63),(29,63),(29,64),(29,65),(29,66),(31,67),(32,68),(32,69),(34,70),(34,71),(35,72),(36,70),(36,71),(36,73),(37,70),(37,71),(37,72),(37,73),(38,70),(38,71),(38,72),(38,73),(38,74),(38,75),(38,76),(38,77),(39,70),(39,71),(39,72),(39,73),(39,74),(39,75),(39,76),(39,77),(39,78),(39,79),(39,80),(39,81),(40,70),(40,71),(40,72),(40,73),(40,74),(40,75),(40,76),(40,77),(40,78),(40,79),(40,80),(40,81),(40,82),(40,83),(40,84),(40,85),(40,86),(40,87),(42,89),(43,88),(43,89);
/*!40000 ALTER TABLE `b_task_operation` ENABLE KEYS */;
UNLOCK TABLES;

--
-- Table structure for table `b_undo`
--

DROP TABLE IF EXISTS `b_undo`;
/*!40101 SET @saved_cs_client     = @@character_set_client */;
/*!40101 SET character_set_client = utf8 */;
CREATE TABLE `b_undo` (
  `ID` varchar(255) COLLATE utf8_unicode_ci NOT NULL,
  `MODULE_ID` varchar(50) COLLATE utf8_unicode_ci DEFAULT NULL,
  `UNDO_TYPE` varchar(50) COLLATE utf8_unicode_ci DEFAULT NULL,
  `UNDO_HANDLER` varchar(255) COLLATE utf8_unicode_ci DEFAULT NULL,
  `CONTENT` mediumtext COLLATE utf8_unicode_ci DEFAULT NULL,
  `USER_ID` int(11) DEFAULT NULL,
  `TIMESTAMP_X` int(11) DEFAULT NULL,
  PRIMARY KEY (`ID`)
) ENGINE=InnoDB DEFAULT CHARSET=utf8 COLLATE=utf8_unicode_ci;
/*!40101 SET character_set_client = @saved_cs_client */;

--
-- Dumping data for table `b_undo`
--

LOCK TABLES `b_undo` WRITE;
/*!40000 ALTER TABLE `b_undo` DISABLE KEYS */;
/*!40000 ALTER TABLE `b_undo` ENABLE KEYS */;
UNLOCK TABLES;

--
-- Table structure for table `b_urlpreview_metadata`
--

DROP TABLE IF EXISTS `b_urlpreview_metadata`;
/*!40101 SET @saved_cs_client     = @@character_set_client */;
/*!40101 SET character_set_client = utf8 */;
CREATE TABLE `b_urlpreview_metadata` (
  `ID` int(11) NOT NULL AUTO_INCREMENT,
  `URL` varchar(2000) COLLATE utf8_unicode_ci NOT NULL,
  `TYPE` char(1) COLLATE utf8_unicode_ci NOT NULL DEFAULT 'S',
  `DATE_INSERT` datetime NOT NULL,
  `DATE_EXPIRE` datetime DEFAULT NULL,
  `TITLE` varchar(200) COLLATE utf8_unicode_ci DEFAULT NULL,
  `DESCRIPTION` text COLLATE utf8_unicode_ci DEFAULT NULL,
  `IMAGE_ID` int(11) DEFAULT NULL,
  `IMAGE` varchar(2000) COLLATE utf8_unicode_ci DEFAULT NULL,
  `EMBED` mediumtext COLLATE utf8_unicode_ci DEFAULT NULL,
  `EXTRA` text COLLATE utf8_unicode_ci DEFAULT NULL,
  PRIMARY KEY (`ID`),
  KEY `IX_URLPREVIEW_METADATA_URL` (`URL`(255))
) ENGINE=InnoDB DEFAULT CHARSET=utf8 COLLATE=utf8_unicode_ci;
/*!40101 SET character_set_client = @saved_cs_client */;

--
-- Dumping data for table `b_urlpreview_metadata`
--

LOCK TABLES `b_urlpreview_metadata` WRITE;
/*!40000 ALTER TABLE `b_urlpreview_metadata` DISABLE KEYS */;
/*!40000 ALTER TABLE `b_urlpreview_metadata` ENABLE KEYS */;
UNLOCK TABLES;

--
-- Table structure for table `b_urlpreview_route`
--

DROP TABLE IF EXISTS `b_urlpreview_route`;
/*!40101 SET @saved_cs_client     = @@character_set_client */;
/*!40101 SET character_set_client = utf8 */;
CREATE TABLE `b_urlpreview_route` (
  `ID` int(11) NOT NULL AUTO_INCREMENT,
  `ROUTE` varchar(2000) COLLATE utf8_unicode_ci NOT NULL,
  `MODULE` varchar(50) COLLATE utf8_unicode_ci NOT NULL,
  `CLASS` varchar(150) COLLATE utf8_unicode_ci NOT NULL,
  `PARAMETERS` mediumtext COLLATE utf8_unicode_ci DEFAULT NULL,
  PRIMARY KEY (`ID`),
  UNIQUE KEY `UX_URLPREVIEW_ROUTE_ROUTE` (`ROUTE`(255))
) ENGINE=InnoDB DEFAULT CHARSET=utf8 COLLATE=utf8_unicode_ci;
/*!40101 SET character_set_client = @saved_cs_client */;

--
-- Dumping data for table `b_urlpreview_route`
--

LOCK TABLES `b_urlpreview_route` WRITE;
/*!40000 ALTER TABLE `b_urlpreview_route` DISABLE KEYS */;
/*!40000 ALTER TABLE `b_urlpreview_route` ENABLE KEYS */;
UNLOCK TABLES;

--
-- Table structure for table `b_user`
--

DROP TABLE IF EXISTS `b_user`;
/*!40101 SET @saved_cs_client     = @@character_set_client */;
/*!40101 SET character_set_client = utf8 */;
CREATE TABLE `b_user` (
  `ID` int(18) NOT NULL AUTO_INCREMENT,
  `TIMESTAMP_X` timestamp NOT NULL DEFAULT current_timestamp() ON UPDATE current_timestamp(),
  `LOGIN` varchar(50) COLLATE utf8_unicode_ci NOT NULL,
  `PASSWORD` varchar(50) COLLATE utf8_unicode_ci NOT NULL,
  `CHECKWORD` varchar(50) COLLATE utf8_unicode_ci DEFAULT NULL,
  `ACTIVE` char(1) COLLATE utf8_unicode_ci NOT NULL DEFAULT 'Y',
  `NAME` varchar(50) COLLATE utf8_unicode_ci DEFAULT NULL,
  `LAST_NAME` varchar(50) COLLATE utf8_unicode_ci DEFAULT NULL,
  `EMAIL` varchar(255) COLLATE utf8_unicode_ci DEFAULT NULL,
  `LAST_LOGIN` datetime DEFAULT NULL,
  `DATE_REGISTER` datetime NOT NULL,
  `LID` char(2) COLLATE utf8_unicode_ci DEFAULT NULL,
  `PERSONAL_PROFESSION` varchar(255) COLLATE utf8_unicode_ci DEFAULT NULL,
  `PERSONAL_WWW` varchar(255) COLLATE utf8_unicode_ci DEFAULT NULL,
  `PERSONAL_ICQ` varchar(255) COLLATE utf8_unicode_ci DEFAULT NULL,
  `PERSONAL_GENDER` char(1) COLLATE utf8_unicode_ci DEFAULT NULL,
  `PERSONAL_BIRTHDATE` varchar(50) COLLATE utf8_unicode_ci DEFAULT NULL,
  `PERSONAL_PHOTO` int(18) DEFAULT NULL,
  `PERSONAL_PHONE` varchar(255) COLLATE utf8_unicode_ci DEFAULT NULL,
  `PERSONAL_FAX` varchar(255) COLLATE utf8_unicode_ci DEFAULT NULL,
  `PERSONAL_MOBILE` varchar(255) COLLATE utf8_unicode_ci DEFAULT NULL,
  `PERSONAL_PAGER` varchar(255) COLLATE utf8_unicode_ci DEFAULT NULL,
  `PERSONAL_STREET` text COLLATE utf8_unicode_ci DEFAULT NULL,
  `PERSONAL_MAILBOX` varchar(255) COLLATE utf8_unicode_ci DEFAULT NULL,
  `PERSONAL_CITY` varchar(255) COLLATE utf8_unicode_ci DEFAULT NULL,
  `PERSONAL_STATE` varchar(255) COLLATE utf8_unicode_ci DEFAULT NULL,
  `PERSONAL_ZIP` varchar(255) COLLATE utf8_unicode_ci DEFAULT NULL,
  `PERSONAL_COUNTRY` varchar(255) COLLATE utf8_unicode_ci DEFAULT NULL,
  `PERSONAL_NOTES` text COLLATE utf8_unicode_ci DEFAULT NULL,
  `WORK_COMPANY` varchar(255) COLLATE utf8_unicode_ci DEFAULT NULL,
  `WORK_DEPARTMENT` varchar(255) COLLATE utf8_unicode_ci DEFAULT NULL,
  `WORK_POSITION` varchar(255) COLLATE utf8_unicode_ci DEFAULT NULL,
  `WORK_WWW` varchar(255) COLLATE utf8_unicode_ci DEFAULT NULL,
  `WORK_PHONE` varchar(255) COLLATE utf8_unicode_ci DEFAULT NULL,
  `WORK_FAX` varchar(255) COLLATE utf8_unicode_ci DEFAULT NULL,
  `WORK_PAGER` varchar(255) COLLATE utf8_unicode_ci DEFAULT NULL,
  `WORK_STREET` text COLLATE utf8_unicode_ci DEFAULT NULL,
  `WORK_MAILBOX` varchar(255) COLLATE utf8_unicode_ci DEFAULT NULL,
  `WORK_CITY` varchar(255) COLLATE utf8_unicode_ci DEFAULT NULL,
  `WORK_STATE` varchar(255) COLLATE utf8_unicode_ci DEFAULT NULL,
  `WORK_ZIP` varchar(255) COLLATE utf8_unicode_ci DEFAULT NULL,
  `WORK_COUNTRY` varchar(255) COLLATE utf8_unicode_ci DEFAULT NULL,
  `WORK_PROFILE` text COLLATE utf8_unicode_ci DEFAULT NULL,
  `WORK_LOGO` int(18) DEFAULT NULL,
  `WORK_NOTES` text COLLATE utf8_unicode_ci DEFAULT NULL,
  `ADMIN_NOTES` text COLLATE utf8_unicode_ci DEFAULT NULL,
  `STORED_HASH` varchar(32) COLLATE utf8_unicode_ci DEFAULT NULL,
  `XML_ID` varchar(255) COLLATE utf8_unicode_ci DEFAULT NULL,
  `PERSONAL_BIRTHDAY` date DEFAULT NULL,
  `EXTERNAL_AUTH_ID` varchar(255) COLLATE utf8_unicode_ci DEFAULT NULL,
  `CHECKWORD_TIME` datetime DEFAULT NULL,
  `SECOND_NAME` varchar(50) COLLATE utf8_unicode_ci DEFAULT NULL,
  `CONFIRM_CODE` varchar(8) COLLATE utf8_unicode_ci DEFAULT NULL,
  `LOGIN_ATTEMPTS` int(18) DEFAULT NULL,
  `LAST_ACTIVITY_DATE` datetime DEFAULT NULL,
  `AUTO_TIME_ZONE` char(1) COLLATE utf8_unicode_ci DEFAULT NULL,
  `TIME_ZONE` varchar(50) COLLATE utf8_unicode_ci DEFAULT NULL,
  `TIME_ZONE_OFFSET` int(18) DEFAULT NULL,
  `TITLE` varchar(255) COLLATE utf8_unicode_ci DEFAULT NULL,
  `BX_USER_ID` varchar(32) COLLATE utf8_unicode_ci DEFAULT NULL,
  `LANGUAGE_ID` char(2) COLLATE utf8_unicode_ci DEFAULT NULL,
  PRIMARY KEY (`ID`),
  UNIQUE KEY `ix_login` (`LOGIN`,`EXTERNAL_AUTH_ID`),
  KEY `ix_b_user_email` (`EMAIL`),
  KEY `ix_b_user_activity_date` (`LAST_ACTIVITY_DATE`),
  KEY `IX_B_USER_XML_ID` (`XML_ID`)
) ENGINE=InnoDB AUTO_INCREMENT=6 DEFAULT CHARSET=utf8 COLLATE=utf8_unicode_ci;
/*!40101 SET character_set_client = @saved_cs_client */;

--
-- Dumping data for table `b_user`
--

LOCK TABLES `b_user` WRITE;
/*!40000 ALTER TABLE `b_user` DISABLE KEYS */;
INSERT INTO `b_user` VALUES (1,'2020-01-10 11:18:08','desin','Lw3.*4Cf46abb1a5d5ef95ea784ac4d11f4e6040','mi9qZ7T73a94b89d855dda760c3a4312d790a741','Y','Антон','Десин','desin@itpeople.ru','2019-10-31 14:31:58','2019-02-27 19:20:07','s1','','','','',NULL,NULL,'','','','','','','','','','0','','','','','','','','','','','','','','0','',NULL,'','',NULL,'',NULL,NULL,'2020-01-10 11:18:08','',NULL,0,NULL,'',NULL,NULL,'','4461161128a17562fc8fae1753f78643',''),(2,'2020-01-10 11:16:53','coord','M2i-*1Aof0d711f6ab09e9b20c062b33ae56a4dd','k7htOguPe0df9e99f276fa358e04373ae7458c04','Y','Координатор','','desin@itpeople.ru','2019-12-12 16:29:25','2019-03-02 22:25:19','s1','','','','',NULL,NULL,'','','','','','','','','','1','','','','','','','','','','','','','','1','',NULL,'','',NULL,'',NULL,NULL,'2020-01-10 11:16:53','',NULL,0,NULL,'',NULL,NULL,'','4461161128a17562fc8fae1753f78643',''),(3,'2020-01-10 11:17:46','host','O3q_}Bc2e729910d61d99c26044fef01addb89e7','NaBwbq0J653749504fe6675d8228c3e4b9b48e5e','Y','Хостес','','desin@itpeople.ru','2019-12-12 16:41:34','2019-03-02 22:25:40','s1','','','','',NULL,NULL,'','','','','','','','','','1','','','','','','','','','','','','','','1','',NULL,'','',NULL,'',NULL,NULL,'2020-01-10 11:17:46','',NULL,0,NULL,'',NULL,NULL,'','4461161128a17562fc8fae1753f78643',''),(4,'2020-01-10 11:18:32','admin','$yD4@2tE299e4b0cfebf423a9f6119771000f5a2','Ct9FoqmMa0416e738f7b715298ef94c3293bd5cd','Y','Администратор','','desin@itpeople.ru','2020-01-10 11:15:09','2019-10-31 14:36:21','s1','','','','',NULL,NULL,'','','','','','','','','','0','','','','','','','','','','','','','','0','',NULL,'','',NULL,'',NULL,NULL,'2020-01-10 11:18:32','',NULL,0,NULL,'',NULL,NULL,'','eb60bdea5aebb56b136ea9bacec7e382',''),(5,'2020-01-10 11:17:23','super','J-q9;jS241369817a09a89710d338036d16bd33e','P6vzsAqPa6fb1a08017dfb49289371cdd6eb9221','Y','Супервизор','','anton.desin@gmail.com','2019-12-20 13:16:07','2019-12-11 15:45:54','s1','','','','',NULL,NULL,'','','','','','','','','','0','','','','','','','','','','','','','','0','',NULL,'','',NULL,'',NULL,NULL,'2020-01-10 11:17:23','',NULL,0,NULL,'',NULL,NULL,'','4e82f9be506dba46896fb4231458c78c','');
/*!40000 ALTER TABLE `b_user` ENABLE KEYS */;
UNLOCK TABLES;

--
-- Table structure for table `b_user_access`
--

DROP TABLE IF EXISTS `b_user_access`;
/*!40101 SET @saved_cs_client     = @@character_set_client */;
/*!40101 SET character_set_client = utf8 */;
CREATE TABLE `b_user_access` (
  `USER_ID` int(11) DEFAULT NULL,
  `PROVIDER_ID` varchar(50) COLLATE utf8_unicode_ci DEFAULT NULL,
  `ACCESS_CODE` varchar(100) COLLATE utf8_unicode_ci DEFAULT NULL,
  KEY `ix_ua_user_provider` (`USER_ID`,`PROVIDER_ID`),
  KEY `ix_ua_user_access` (`USER_ID`,`ACCESS_CODE`),
  KEY `ix_ua_access` (`ACCESS_CODE`)
) ENGINE=InnoDB DEFAULT CHARSET=utf8 COLLATE=utf8_unicode_ci;
/*!40101 SET character_set_client = @saved_cs_client */;

--
-- Dumping data for table `b_user_access`
--

LOCK TABLES `b_user_access` WRITE;
/*!40000 ALTER TABLE `b_user_access` DISABLE KEYS */;
INSERT INTO `b_user_access` VALUES (0,'group','G2'),(1,'user','U1'),(3,'user','U3'),(2,'user','U2'),(4,'user','U4'),(5,'user','U5');
/*!40000 ALTER TABLE `b_user_access` ENABLE KEYS */;
UNLOCK TABLES;

--
-- Table structure for table `b_user_access_check`
--

DROP TABLE IF EXISTS `b_user_access_check`;
/*!40101 SET @saved_cs_client     = @@character_set_client */;
/*!40101 SET character_set_client = utf8 */;
CREATE TABLE `b_user_access_check` (
  `USER_ID` int(11) DEFAULT NULL,
  `PROVIDER_ID` varchar(50) COLLATE utf8_unicode_ci DEFAULT NULL,
  KEY `ix_uac_user_provider` (`USER_ID`,`PROVIDER_ID`)
) ENGINE=InnoDB DEFAULT CHARSET=utf8 COLLATE=utf8_unicode_ci;
/*!40101 SET character_set_client = @saved_cs_client */;

--
-- Dumping data for table `b_user_access_check`
--

LOCK TABLES `b_user_access_check` WRITE;
/*!40000 ALTER TABLE `b_user_access_check` DISABLE KEYS */;
INSERT INTO `b_user_access_check` VALUES (1,'user'),(2,'user'),(3,'user'),(4,'user'),(5,'user');
/*!40000 ALTER TABLE `b_user_access_check` ENABLE KEYS */;
UNLOCK TABLES;

--
-- Table structure for table `b_user_auth_action`
--

DROP TABLE IF EXISTS `b_user_auth_action`;
/*!40101 SET @saved_cs_client     = @@character_set_client */;
/*!40101 SET character_set_client = utf8 */;
CREATE TABLE `b_user_auth_action` (
  `ID` int(11) NOT NULL AUTO_INCREMENT,
  `USER_ID` int(11) NOT NULL,
  `PRIORITY` int(11) NOT NULL DEFAULT 100,
  `ACTION` varchar(20) COLLATE utf8_unicode_ci DEFAULT NULL,
  `ACTION_DATE` datetime NOT NULL,
  PRIMARY KEY (`ID`),
  KEY `ix_auth_action_user` (`USER_ID`,`PRIORITY`),
  KEY `ix_auth_action_date` (`ACTION_DATE`)
) ENGINE=InnoDB AUTO_INCREMENT=10 DEFAULT CHARSET=utf8 COLLATE=utf8_unicode_ci;
/*!40101 SET character_set_client = @saved_cs_client */;

--
-- Dumping data for table `b_user_auth_action`
--

LOCK TABLES `b_user_auth_action` WRITE;
/*!40000 ALTER TABLE `b_user_auth_action` DISABLE KEYS */;
INSERT INTO `b_user_auth_action` VALUES (7,2,100,'logout','2020-01-10 11:16:53'),(8,5,100,'logout','2020-01-10 11:17:23'),(9,3,100,'logout','2020-01-10 11:17:46');
/*!40000 ALTER TABLE `b_user_auth_action` ENABLE KEYS */;
UNLOCK TABLES;

--
-- Table structure for table `b_user_counter`
--

DROP TABLE IF EXISTS `b_user_counter`;
/*!40101 SET @saved_cs_client     = @@character_set_client */;
/*!40101 SET character_set_client = utf8 */;
CREATE TABLE `b_user_counter` (
  `USER_ID` int(18) NOT NULL,
  `SITE_ID` char(2) COLLATE utf8_unicode_ci NOT NULL DEFAULT '**',
  `CODE` varchar(50) COLLATE utf8_unicode_ci NOT NULL,
  `CNT` int(18) NOT NULL DEFAULT 0,
  `LAST_DATE` datetime DEFAULT NULL,
  `TIMESTAMP_X` datetime NOT NULL DEFAULT '3000-01-01 00:00:00',
  `TAG` varchar(255) COLLATE utf8_unicode_ci DEFAULT NULL,
  `PARAMS` text COLLATE utf8_unicode_ci DEFAULT NULL,
  `SENT` char(1) COLLATE utf8_unicode_ci DEFAULT '0',
  PRIMARY KEY (`USER_ID`,`SITE_ID`,`CODE`),
  KEY `ix_buc_tag` (`TAG`),
  KEY `ix_buc_code` (`CODE`),
  KEY `ix_buc_ts` (`TIMESTAMP_X`),
  KEY `ix_buc_sent_userid` (`SENT`,`USER_ID`)
) ENGINE=InnoDB DEFAULT CHARSET=utf8 COLLATE=utf8_unicode_ci;
/*!40101 SET character_set_client = @saved_cs_client */;

--
-- Dumping data for table `b_user_counter`
--

LOCK TABLES `b_user_counter` WRITE;
/*!40000 ALTER TABLE `b_user_counter` DISABLE KEYS */;
/*!40000 ALTER TABLE `b_user_counter` ENABLE KEYS */;
UNLOCK TABLES;

--
-- Table structure for table `b_user_digest`
--

DROP TABLE IF EXISTS `b_user_digest`;
/*!40101 SET @saved_cs_client     = @@character_set_client */;
/*!40101 SET character_set_client = utf8 */;
CREATE TABLE `b_user_digest` (
  `USER_ID` int(11) NOT NULL,
  `DIGEST_HA1` varchar(32) COLLATE utf8_unicode_ci NOT NULL,
  PRIMARY KEY (`USER_ID`)
) ENGINE=InnoDB DEFAULT CHARSET=utf8 COLLATE=utf8_unicode_ci;
/*!40101 SET character_set_client = @saved_cs_client */;

--
-- Dumping data for table `b_user_digest`
--

LOCK TABLES `b_user_digest` WRITE;
/*!40000 ALTER TABLE `b_user_digest` DISABLE KEYS */;
/*!40000 ALTER TABLE `b_user_digest` ENABLE KEYS */;
UNLOCK TABLES;

--
-- Table structure for table `b_user_field`
--

DROP TABLE IF EXISTS `b_user_field`;
/*!40101 SET @saved_cs_client     = @@character_set_client */;
/*!40101 SET character_set_client = utf8 */;
CREATE TABLE `b_user_field` (
  `ID` int(11) NOT NULL AUTO_INCREMENT,
  `ENTITY_ID` varchar(20) COLLATE utf8_unicode_ci DEFAULT NULL,
  `FIELD_NAME` varchar(20) COLLATE utf8_unicode_ci DEFAULT NULL,
  `USER_TYPE_ID` varchar(50) COLLATE utf8_unicode_ci DEFAULT NULL,
  `XML_ID` varchar(255) COLLATE utf8_unicode_ci DEFAULT NULL,
  `SORT` int(11) DEFAULT NULL,
  `MULTIPLE` char(1) COLLATE utf8_unicode_ci NOT NULL DEFAULT 'N',
  `MANDATORY` char(1) COLLATE utf8_unicode_ci NOT NULL DEFAULT 'N',
  `SHOW_FILTER` char(1) COLLATE utf8_unicode_ci NOT NULL DEFAULT 'N',
  `SHOW_IN_LIST` char(1) COLLATE utf8_unicode_ci NOT NULL DEFAULT 'Y',
  `EDIT_IN_LIST` char(1) COLLATE utf8_unicode_ci NOT NULL DEFAULT 'Y',
  `IS_SEARCHABLE` char(1) COLLATE utf8_unicode_ci NOT NULL DEFAULT 'N',
  `SETTINGS` text COLLATE utf8_unicode_ci DEFAULT NULL,
  PRIMARY KEY (`ID`),
  UNIQUE KEY `ux_user_type_entity` (`ENTITY_ID`,`FIELD_NAME`)
) ENGINE=InnoDB AUTO_INCREMENT=41 DEFAULT CHARSET=utf8 COLLATE=utf8_unicode_ci;
/*!40101 SET character_set_client = @saved_cs_client */;

--
-- Dumping data for table `b_user_field`
--

LOCK TABLES `b_user_field` WRITE;
/*!40000 ALTER TABLE `b_user_field` DISABLE KEYS */;
INSERT INTO `b_user_field` VALUES (1,'HLBLOCK_1','UF_NAME','string','',200,'N','Y','N','Y','Y','N','a:6:{s:4:\"SIZE\";i:50;s:4:\"ROWS\";i:1;s:6:\"REGEXP\";s:0:\"\";s:10:\"MIN_LENGTH\";i:0;s:10:\"MAX_LENGTH\";i:0;s:13:\"DEFAULT_VALUE\";s:0:\"\";}'),(2,'HLBLOCK_1','UF_CODE','string','',100,'N','Y','N','Y','Y','N','a:6:{s:4:\"SIZE\";i:50;s:4:\"ROWS\";i:1;s:6:\"REGEXP\";s:0:\"\";s:10:\"MIN_LENGTH\";i:0;s:10:\"MAX_LENGTH\";i:0;s:13:\"DEFAULT_VALUE\";s:0:\"\";}'),(3,'HLBLOCK_1','UF_SORT','integer','',50,'N','N','N','Y','Y','N','a:4:{s:4:\"SIZE\";i:50;s:9:\"MIN_VALUE\";i:0;s:9:\"MAX_VALUE\";i:0;s:13:\"DEFAULT_VALUE\";i:50;}'),(4,'HLBLOCK_1','UF_DESCRIPTION','string','',100,'N','N','N','Y','Y','N','a:6:{s:4:\"SIZE\";i:20;s:4:\"ROWS\";i:1;s:6:\"REGEXP\";N;s:10:\"MIN_LENGTH\";i:0;s:10:\"MAX_LENGTH\";i:0;s:13:\"DEFAULT_VALUE\";N;}'),(5,'HLBLOCK_1','UF_FULL_DESCRIPTION','string','',100,'N','N','N','Y','Y','N','a:6:{s:4:\"SIZE\";i:20;s:4:\"ROWS\";i:1;s:6:\"REGEXP\";N;s:10:\"MIN_LENGTH\";i:0;s:10:\"MAX_LENGTH\";i:0;s:13:\"DEFAULT_VALUE\";N;}'),(6,'HLBLOCK_2','UF_NAME','string','',200,'N','Y','N','Y','Y','N','a:6:{s:4:\"SIZE\";i:20;s:4:\"ROWS\";i:1;s:6:\"REGEXP\";N;s:10:\"MIN_LENGTH\";i:0;s:10:\"MAX_LENGTH\";i:0;s:13:\"DEFAULT_VALUE\";N;}'),(7,'HLBLOCK_2','UF_SORT','integer','',300,'N','N','N','Y','Y','N','a:4:{s:4:\"SIZE\";i:20;s:9:\"MIN_VALUE\";i:0;s:9:\"MAX_VALUE\";i:0;s:13:\"DEFAULT_VALUE\";s:0:\"\";}'),(8,'HLBLOCK_2','UF_XML_ID','string','',400,'N','Y','N','Y','Y','N','a:6:{s:4:\"SIZE\";i:20;s:4:\"ROWS\";i:1;s:6:\"REGEXP\";N;s:10:\"MIN_LENGTH\";i:0;s:10:\"MAX_LENGTH\";i:0;s:13:\"DEFAULT_VALUE\";N;}'),(9,'HLBLOCK_2','UF_LINK','string','',500,'N','N','N','Y','Y','N','a:6:{s:4:\"SIZE\";i:20;s:4:\"ROWS\";i:1;s:6:\"REGEXP\";N;s:10:\"MIN_LENGTH\";i:0;s:10:\"MAX_LENGTH\";i:0;s:13:\"DEFAULT_VALUE\";N;}'),(10,'HLBLOCK_2','UF_DESCRIPTION','string','',600,'N','N','N','Y','Y','N','a:6:{s:4:\"SIZE\";i:20;s:4:\"ROWS\";i:1;s:6:\"REGEXP\";N;s:10:\"MIN_LENGTH\";i:0;s:10:\"MAX_LENGTH\";i:0;s:13:\"DEFAULT_VALUE\";N;}'),(11,'HLBLOCK_2','UF_FULL_DESCRIPTION','string','',700,'N','N','N','Y','Y','N','a:6:{s:4:\"SIZE\";i:20;s:4:\"ROWS\";i:1;s:6:\"REGEXP\";N;s:10:\"MIN_LENGTH\";i:0;s:10:\"MAX_LENGTH\";i:0;s:13:\"DEFAULT_VALUE\";N;}'),(12,'HLBLOCK_2','UF_DEF','boolean','',800,'N','N','N','Y','Y','N','a:4:{s:13:\"DEFAULT_VALUE\";i:0;s:7:\"DISPLAY\";s:8:\"CHECKBOX\";s:5:\"LABEL\";a:2:{i:0;N;i:1;N;}s:14:\"LABEL_CHECKBOX\";N;}'),(13,'HLBLOCK_2','UF_FILE','file','',900,'N','N','N','Y','Y','N','a:6:{s:4:\"SIZE\";i:20;s:10:\"LIST_WIDTH\";i:0;s:11:\"LIST_HEIGHT\";i:0;s:13:\"MAX_SHOW_SIZE\";i:0;s:16:\"MAX_ALLOWED_SIZE\";i:0;s:10:\"EXTENSIONS\";a:0:{}}'),(14,'HLBLOCK_3','UF_NAME','string','',200,'N','Y','N','Y','Y','N','a:6:{s:4:\"SIZE\";i:20;s:4:\"ROWS\";i:1;s:6:\"REGEXP\";N;s:10:\"MIN_LENGTH\";i:0;s:10:\"MAX_LENGTH\";i:0;s:13:\"DEFAULT_VALUE\";N;}'),(15,'HLBLOCK_3','UF_SORT','integer','',300,'N','N','N','Y','Y','N','a:4:{s:4:\"SIZE\";i:20;s:9:\"MIN_VALUE\";i:0;s:9:\"MAX_VALUE\";i:0;s:13:\"DEFAULT_VALUE\";s:0:\"\";}'),(16,'HLBLOCK_3','UF_XML_ID','string','',400,'N','Y','N','Y','Y','N','a:6:{s:4:\"SIZE\";i:20;s:4:\"ROWS\";i:1;s:6:\"REGEXP\";N;s:10:\"MIN_LENGTH\";i:0;s:10:\"MAX_LENGTH\";i:0;s:13:\"DEFAULT_VALUE\";N;}'),(17,'HLBLOCK_3','UF_LINK','string','',500,'N','N','N','Y','Y','N','a:6:{s:4:\"SIZE\";i:20;s:4:\"ROWS\";i:1;s:6:\"REGEXP\";N;s:10:\"MIN_LENGTH\";i:0;s:10:\"MAX_LENGTH\";i:0;s:13:\"DEFAULT_VALUE\";N;}'),(18,'HLBLOCK_3','UF_DESCRIPTION','string','',600,'N','N','N','Y','Y','N','a:6:{s:4:\"SIZE\";i:20;s:4:\"ROWS\";i:1;s:6:\"REGEXP\";N;s:10:\"MIN_LENGTH\";i:0;s:10:\"MAX_LENGTH\";i:0;s:13:\"DEFAULT_VALUE\";N;}'),(19,'HLBLOCK_3','UF_FULL_DESCRIPTION','string','',700,'N','N','N','Y','Y','N','a:6:{s:4:\"SIZE\";i:20;s:4:\"ROWS\";i:1;s:6:\"REGEXP\";N;s:10:\"MIN_LENGTH\";i:0;s:10:\"MAX_LENGTH\";i:0;s:13:\"DEFAULT_VALUE\";N;}'),(20,'HLBLOCK_3','UF_DEF','boolean','',800,'N','N','N','Y','Y','N','a:4:{s:13:\"DEFAULT_VALUE\";i:0;s:7:\"DISPLAY\";s:8:\"CHECKBOX\";s:5:\"LABEL\";a:2:{i:0;N;i:1;N;}s:14:\"LABEL_CHECKBOX\";N;}'),(21,'HLBLOCK_3','UF_FILE','file','',900,'N','N','N','Y','Y','N','a:6:{s:4:\"SIZE\";i:20;s:10:\"LIST_WIDTH\";i:0;s:11:\"LIST_HEIGHT\";i:0;s:13:\"MAX_SHOW_SIZE\";i:0;s:16:\"MAX_ALLOWED_SIZE\";i:0;s:10:\"EXTENSIONS\";a:0:{}}'),(22,'HLBLOCK_4','UF_NAME','string','',200,'N','Y','N','Y','Y','N','a:6:{s:4:\"SIZE\";i:20;s:4:\"ROWS\";i:1;s:6:\"REGEXP\";N;s:10:\"MIN_LENGTH\";i:0;s:10:\"MAX_LENGTH\";i:0;s:13:\"DEFAULT_VALUE\";N;}'),(23,'HLBLOCK_4','UF_SORT','integer','',300,'N','N','N','Y','Y','N','a:4:{s:4:\"SIZE\";i:20;s:9:\"MIN_VALUE\";i:0;s:9:\"MAX_VALUE\";i:0;s:13:\"DEFAULT_VALUE\";s:0:\"\";}'),(24,'HLBLOCK_4','UF_XML_ID','string','',400,'N','Y','N','Y','Y','N','a:6:{s:4:\"SIZE\";i:20;s:4:\"ROWS\";i:1;s:6:\"REGEXP\";N;s:10:\"MIN_LENGTH\";i:0;s:10:\"MAX_LENGTH\";i:0;s:13:\"DEFAULT_VALUE\";N;}'),(25,'HLBLOCK_4','UF_LINK','string','',500,'N','N','N','Y','Y','N','a:6:{s:4:\"SIZE\";i:20;s:4:\"ROWS\";i:1;s:6:\"REGEXP\";N;s:10:\"MIN_LENGTH\";i:0;s:10:\"MAX_LENGTH\";i:0;s:13:\"DEFAULT_VALUE\";N;}'),(26,'HLBLOCK_4','UF_DESCRIPTION','string','',600,'N','N','N','Y','Y','N','a:6:{s:4:\"SIZE\";i:20;s:4:\"ROWS\";i:1;s:6:\"REGEXP\";N;s:10:\"MIN_LENGTH\";i:0;s:10:\"MAX_LENGTH\";i:0;s:13:\"DEFAULT_VALUE\";N;}'),(27,'HLBLOCK_4','UF_FULL_DESCRIPTION','string','',700,'N','N','N','Y','Y','N','a:6:{s:4:\"SIZE\";i:20;s:4:\"ROWS\";i:1;s:6:\"REGEXP\";N;s:10:\"MIN_LENGTH\";i:0;s:10:\"MAX_LENGTH\";i:0;s:13:\"DEFAULT_VALUE\";N;}'),(28,'HLBLOCK_4','UF_DEF','boolean','',800,'N','N','N','Y','Y','N','a:4:{s:13:\"DEFAULT_VALUE\";i:0;s:7:\"DISPLAY\";s:8:\"CHECKBOX\";s:5:\"LABEL\";a:2:{i:0;N;i:1;N;}s:14:\"LABEL_CHECKBOX\";N;}'),(29,'HLBLOCK_4','UF_FILE','file','',900,'N','N','N','Y','Y','N','a:6:{s:4:\"SIZE\";i:20;s:10:\"LIST_WIDTH\";i:0;s:11:\"LIST_HEIGHT\";i:0;s:13:\"MAX_SHOW_SIZE\";i:0;s:16:\"MAX_ALLOWED_SIZE\";i:0;s:10:\"EXTENSIONS\";a:0:{}}'),(30,'HLBLOCK_6','UF_NAME','string','',200,'N','Y','N','Y','Y','N','a:6:{s:4:\"SIZE\";i:20;s:4:\"ROWS\";i:1;s:6:\"REGEXP\";N;s:10:\"MIN_LENGTH\";i:0;s:10:\"MAX_LENGTH\";i:0;s:13:\"DEFAULT_VALUE\";N;}'),(31,'HLBLOCK_6','UF_SORT','integer','',300,'N','N','N','Y','Y','N','a:4:{s:4:\"SIZE\";i:20;s:9:\"MIN_VALUE\";i:0;s:9:\"MAX_VALUE\";i:0;s:13:\"DEFAULT_VALUE\";s:0:\"\";}'),(32,'HLBLOCK_6','UF_XML_ID','string','',400,'N','Y','N','Y','Y','N','a:6:{s:4:\"SIZE\";i:20;s:4:\"ROWS\";i:1;s:6:\"REGEXP\";N;s:10:\"MIN_LENGTH\";i:0;s:10:\"MAX_LENGTH\";i:0;s:13:\"DEFAULT_VALUE\";N;}'),(33,'HLBLOCK_6','UF_LINK','string','',500,'N','N','N','Y','Y','N','a:6:{s:4:\"SIZE\";i:20;s:4:\"ROWS\";i:1;s:6:\"REGEXP\";N;s:10:\"MIN_LENGTH\";i:0;s:10:\"MAX_LENGTH\";i:0;s:13:\"DEFAULT_VALUE\";N;}'),(34,'HLBLOCK_6','UF_DESCRIPTION','string','',600,'N','N','N','Y','Y','N','a:6:{s:4:\"SIZE\";i:20;s:4:\"ROWS\";i:1;s:6:\"REGEXP\";N;s:10:\"MIN_LENGTH\";i:0;s:10:\"MAX_LENGTH\";i:0;s:13:\"DEFAULT_VALUE\";N;}'),(35,'HLBLOCK_6','UF_FULL_DESCRIPTION','string','',700,'N','N','N','Y','Y','N','a:6:{s:4:\"SIZE\";i:20;s:4:\"ROWS\";i:1;s:6:\"REGEXP\";N;s:10:\"MIN_LENGTH\";i:0;s:10:\"MAX_LENGTH\";i:0;s:13:\"DEFAULT_VALUE\";N;}'),(36,'HLBLOCK_6','UF_DEF','boolean','',800,'N','N','N','Y','Y','N','a:4:{s:13:\"DEFAULT_VALUE\";i:0;s:7:\"DISPLAY\";s:8:\"CHECKBOX\";s:5:\"LABEL\";a:2:{i:0;N;i:1;N;}s:14:\"LABEL_CHECKBOX\";N;}'),(37,'HLBLOCK_6','UF_FILE','file','',900,'N','N','N','Y','Y','N','a:6:{s:4:\"SIZE\";i:20;s:10:\"LIST_WIDTH\";i:0;s:11:\"LIST_HEIGHT\";i:0;s:13:\"MAX_SHOW_SIZE\";i:0;s:16:\"MAX_ALLOWED_SIZE\";i:0;s:10:\"EXTENSIONS\";a:0:{}}'),(38,'HLBLOCK_1','UF_XML_ID','string','',100,'N','N','N','Y','Y','N','a:6:{s:4:\"SIZE\";i:20;s:4:\"ROWS\";i:1;s:6:\"REGEXP\";s:0:\"\";s:10:\"MIN_LENGTH\";i:0;s:10:\"MAX_LENGTH\";i:0;s:13:\"DEFAULT_VALUE\";s:0:\"\";}'),(39,'HLBLOCK_1','UF_IMAGE','file','',100,'N','Y','N','Y','Y','N','a:6:{s:4:\"SIZE\";i:20;s:10:\"LIST_WIDTH\";i:200;s:11:\"LIST_HEIGHT\";i:200;s:13:\"MAX_SHOW_SIZE\";i:0;s:16:\"MAX_ALLOWED_SIZE\";i:0;s:10:\"EXTENSIONS\";a:0:{}}'),(40,'USER','UF_DEALER_CENTER','iblock_element','dealer_center',100,'N','N','N','Y','Y','N','a:5:{s:7:\"DISPLAY\";s:4:\"LIST\";s:11:\"LIST_HEIGHT\";i:1;s:9:\"IBLOCK_ID\";i:3;s:13:\"DEFAULT_VALUE\";s:0:\"\";s:13:\"ACTIVE_FILTER\";s:1:\"N\";}');
/*!40000 ALTER TABLE `b_user_field` ENABLE KEYS */;
UNLOCK TABLES;

--
-- Table structure for table `b_user_field_confirm`
--

DROP TABLE IF EXISTS `b_user_field_confirm`;
/*!40101 SET @saved_cs_client     = @@character_set_client */;
/*!40101 SET character_set_client = utf8 */;
CREATE TABLE `b_user_field_confirm` (
  `ID` int(18) NOT NULL AUTO_INCREMENT,
  `USER_ID` int(18) NOT NULL,
  `DATE_CHANGE` timestamp NOT NULL DEFAULT current_timestamp() ON UPDATE current_timestamp(),
  `FIELD` varchar(255) COLLATE utf8_unicode_ci NOT NULL,
  `FIELD_VALUE` varchar(255) COLLATE utf8_unicode_ci NOT NULL,
  `CONFIRM_CODE` varchar(32) COLLATE utf8_unicode_ci NOT NULL,
  PRIMARY KEY (`ID`),
  KEY `ix_b_user_field_confirm1` (`USER_ID`,`CONFIRM_CODE`)
) ENGINE=InnoDB DEFAULT CHARSET=utf8 COLLATE=utf8_unicode_ci;
/*!40101 SET character_set_client = @saved_cs_client */;

--
-- Dumping data for table `b_user_field_confirm`
--

LOCK TABLES `b_user_field_confirm` WRITE;
/*!40000 ALTER TABLE `b_user_field_confirm` DISABLE KEYS */;
/*!40000 ALTER TABLE `b_user_field_confirm` ENABLE KEYS */;
UNLOCK TABLES;

--
-- Table structure for table `b_user_field_enum`
--

DROP TABLE IF EXISTS `b_user_field_enum`;
/*!40101 SET @saved_cs_client     = @@character_set_client */;
/*!40101 SET character_set_client = utf8 */;
CREATE TABLE `b_user_field_enum` (
  `ID` int(11) NOT NULL AUTO_INCREMENT,
  `USER_FIELD_ID` int(11) DEFAULT NULL,
  `VALUE` varchar(255) COLLATE utf8_unicode_ci NOT NULL,
  `DEF` char(1) COLLATE utf8_unicode_ci NOT NULL DEFAULT 'N',
  `SORT` int(11) NOT NULL DEFAULT 500,
  `XML_ID` varchar(255) COLLATE utf8_unicode_ci NOT NULL,
  PRIMARY KEY (`ID`),
  UNIQUE KEY `ux_user_field_enum` (`USER_FIELD_ID`,`XML_ID`)
) ENGINE=InnoDB DEFAULT CHARSET=utf8 COLLATE=utf8_unicode_ci;
/*!40101 SET character_set_client = @saved_cs_client */;

--
-- Dumping data for table `b_user_field_enum`
--

LOCK TABLES `b_user_field_enum` WRITE;
/*!40000 ALTER TABLE `b_user_field_enum` DISABLE KEYS */;
/*!40000 ALTER TABLE `b_user_field_enum` ENABLE KEYS */;
UNLOCK TABLES;

--
-- Table structure for table `b_user_field_lang`
--

DROP TABLE IF EXISTS `b_user_field_lang`;
/*!40101 SET @saved_cs_client     = @@character_set_client */;
/*!40101 SET character_set_client = utf8 */;
CREATE TABLE `b_user_field_lang` (
  `USER_FIELD_ID` int(11) NOT NULL,
  `LANGUAGE_ID` char(2) COLLATE utf8_unicode_ci NOT NULL,
  `EDIT_FORM_LABEL` varchar(255) COLLATE utf8_unicode_ci DEFAULT NULL,
  `LIST_COLUMN_LABEL` varchar(255) COLLATE utf8_unicode_ci DEFAULT NULL,
  `LIST_FILTER_LABEL` varchar(255) COLLATE utf8_unicode_ci DEFAULT NULL,
  `ERROR_MESSAGE` varchar(255) COLLATE utf8_unicode_ci DEFAULT NULL,
  `HELP_MESSAGE` varchar(255) COLLATE utf8_unicode_ci DEFAULT NULL,
  PRIMARY KEY (`USER_FIELD_ID`,`LANGUAGE_ID`)
) ENGINE=InnoDB DEFAULT CHARSET=utf8 COLLATE=utf8_unicode_ci;
/*!40101 SET character_set_client = @saved_cs_client */;

--
-- Dumping data for table `b_user_field_lang`
--

LOCK TABLES `b_user_field_lang` WRITE;
/*!40000 ALTER TABLE `b_user_field_lang` DISABLE KEYS */;
INSERT INTO `b_user_field_lang` VALUES (1,'en','Название','Название','Название','',''),(1,'ru','Название','Название','Название','',''),(2,'en','Код','Код','Код','',''),(2,'ru','Код','Код','Код','',''),(3,'en','Сортировка','Сортировка','Сортировка','',''),(3,'ru','Сортировка','Сортировка','Сортировка','',''),(4,'ru','Описание','Описание','Описание',NULL,NULL),(5,'ru','Полное описание','Полное описание','Полное описание',NULL,NULL),(6,'ru','Название','Название','Название',NULL,NULL),(7,'ru','Сортировка','Сортировка','Сортировка',NULL,NULL),(8,'ru','Внешний код','Внешний код','Внешний код',NULL,NULL),(9,'ru','Ссылка','Ссылка','Ссылка',NULL,NULL),(10,'ru','Описание','Описание','Описание',NULL,NULL),(11,'ru','Полное описание','Полное описание','Полное описание',NULL,NULL),(12,'ru','По умолчанию','По умолчанию','По умолчанию',NULL,NULL),(13,'ru','Изображение','Изображение','Изображение',NULL,NULL),(14,'ru','Название','Название','Название',NULL,NULL),(15,'ru','Сортировка','Сортировка','Сортировка',NULL,NULL),(16,'ru','Внешний код','Внешний код','Внешний код',NULL,NULL),(17,'ru','Ссылка','Ссылка','Ссылка',NULL,NULL),(18,'ru','Описание','Описание','Описание',NULL,NULL),(19,'ru','Полное описание','Полное описание','Полное описание',NULL,NULL),(20,'ru','По умолчанию','По умолчанию','По умолчанию',NULL,NULL),(21,'ru','Изображение','Изображение','Изображение',NULL,NULL),(22,'ru','Название','Название','Название',NULL,NULL),(23,'ru','Сортировка','Сортировка','Сортировка',NULL,NULL),(24,'ru','Внешний код','Внешний код','Внешний код',NULL,NULL),(25,'ru','Ссылка','Ссылка','Ссылка',NULL,NULL),(26,'ru','Описание','Описание','Описание',NULL,NULL),(27,'ru','Полное описание','Полное описание','Полное описание',NULL,NULL),(28,'ru','По умолчанию','По умолчанию','По умолчанию',NULL,NULL),(29,'ru','Изображение','Изображение','Изображение',NULL,NULL),(30,'ru','Название','Название','Название',NULL,NULL),(31,'ru','Сортировка','Сортировка','Сортировка',NULL,NULL),(32,'ru','Внешний код','Внешний код','Внешний код',NULL,NULL),(33,'ru','Ссылка','Ссылка','Ссылка',NULL,NULL),(34,'ru','Описание','Описание','Описание',NULL,NULL),(35,'ru','Полное описание','Полное описание','Полное описание',NULL,NULL),(36,'ru','По умолчанию','По умолчанию','По умолчанию',NULL,NULL),(37,'ru','Изображение','Изображение','Изображение',NULL,NULL),(38,'en','','','','',''),(38,'ru','','','','',''),(39,'en','Картинка','Картинка','Картинка','',''),(39,'ru','Картинка','Картинка','Картинка','',''),(40,'en','Дилер-центр',NULL,NULL,NULL,NULL),(40,'ru','Дилер-центр',NULL,NULL,NULL,NULL);
/*!40000 ALTER TABLE `b_user_field_lang` ENABLE KEYS */;
UNLOCK TABLES;

--
-- Table structure for table `b_user_group`
--

DROP TABLE IF EXISTS `b_user_group`;
/*!40101 SET @saved_cs_client     = @@character_set_client */;
/*!40101 SET character_set_client = utf8 */;
CREATE TABLE `b_user_group` (
  `USER_ID` int(18) NOT NULL,
  `GROUP_ID` int(18) NOT NULL,
  `DATE_ACTIVE_FROM` datetime DEFAULT NULL,
  `DATE_ACTIVE_TO` datetime DEFAULT NULL,
  UNIQUE KEY `ix_user_group` (`USER_ID`,`GROUP_ID`),
  KEY `ix_user_group_group` (`GROUP_ID`)
) ENGINE=InnoDB DEFAULT CHARSET=utf8 COLLATE=utf8_unicode_ci;
/*!40101 SET character_set_client = @saved_cs_client */;

--
-- Dumping data for table `b_user_group`
--

LOCK TABLES `b_user_group` WRITE;
/*!40000 ALTER TABLE `b_user_group` DISABLE KEYS */;
INSERT INTO `b_user_group` VALUES (1,1,NULL,NULL),(1,3,NULL,NULL),(1,4,NULL,NULL),(2,3,NULL,NULL),(2,4,NULL,NULL),(2,6,NULL,NULL),(3,3,NULL,NULL),(3,4,NULL,NULL),(3,5,NULL,NULL),(4,1,NULL,NULL),(4,3,NULL,NULL),(4,4,NULL,NULL),(5,1,NULL,NULL),(5,3,NULL,NULL),(5,4,NULL,NULL);
/*!40000 ALTER TABLE `b_user_group` ENABLE KEYS */;
UNLOCK TABLES;

--
-- Table structure for table `b_user_hit_auth`
--

DROP TABLE IF EXISTS `b_user_hit_auth`;
/*!40101 SET @saved_cs_client     = @@character_set_client */;
/*!40101 SET character_set_client = utf8 */;
CREATE TABLE `b_user_hit_auth` (
  `ID` int(18) NOT NULL AUTO_INCREMENT,
  `USER_ID` int(18) NOT NULL,
  `HASH` varchar(32) COLLATE utf8_unicode_ci NOT NULL,
  `URL` varchar(255) COLLATE utf8_unicode_ci NOT NULL,
  `SITE_ID` char(2) COLLATE utf8_unicode_ci DEFAULT NULL,
  `TIMESTAMP_X` timestamp NOT NULL DEFAULT current_timestamp() ON UPDATE current_timestamp(),
  PRIMARY KEY (`ID`),
  KEY `IX_USER_HIT_AUTH_1` (`HASH`),
  KEY `IX_USER_HIT_AUTH_2` (`USER_ID`),
  KEY `IX_USER_HIT_AUTH_3` (`TIMESTAMP_X`)
) ENGINE=InnoDB DEFAULT CHARSET=utf8 COLLATE=utf8_unicode_ci;
/*!40101 SET character_set_client = @saved_cs_client */;

--
-- Dumping data for table `b_user_hit_auth`
--

LOCK TABLES `b_user_hit_auth` WRITE;
/*!40000 ALTER TABLE `b_user_hit_auth` DISABLE KEYS */;
/*!40000 ALTER TABLE `b_user_hit_auth` ENABLE KEYS */;
UNLOCK TABLES;

--
-- Table structure for table `b_user_index`
--

DROP TABLE IF EXISTS `b_user_index`;
/*!40101 SET @saved_cs_client     = @@character_set_client */;
/*!40101 SET character_set_client = utf8 */;
CREATE TABLE `b_user_index` (
  `USER_ID` int(11) NOT NULL,
  `SEARCH_USER_CONTENT` text COLLATE utf8_unicode_ci DEFAULT NULL,
  `SEARCH_DEPARTMENT_CONTENT` text COLLATE utf8_unicode_ci DEFAULT NULL,
  `SEARCH_ADMIN_CONTENT` text COLLATE utf8_unicode_ci DEFAULT NULL,
  `NAME` varchar(50) COLLATE utf8_unicode_ci DEFAULT NULL,
  `LAST_NAME` varchar(50) COLLATE utf8_unicode_ci DEFAULT NULL,
  `SECOND_NAME` varchar(50) COLLATE utf8_unicode_ci DEFAULT NULL,
  `WORK_POSITION` varchar(255) COLLATE utf8_unicode_ci DEFAULT NULL,
  `UF_DEPARTMENT_NAME` varchar(255) COLLATE utf8_unicode_ci DEFAULT NULL,
  PRIMARY KEY (`USER_ID`),
  FULLTEXT KEY `IXF_B_USER_INDEX_1` (`SEARCH_USER_CONTENT`),
  FULLTEXT KEY `IXF_B_USER_INDEX_2` (`SEARCH_DEPARTMENT_CONTENT`),
  FULLTEXT KEY `IXF_B_USER_INDEX_3` (`SEARCH_ADMIN_CONTENT`)
) ENGINE=InnoDB DEFAULT CHARSET=utf8 COLLATE=utf8_unicode_ci;
/*!40101 SET character_set_client = @saved_cs_client */;

--
-- Dumping data for table `b_user_index`
--

LOCK TABLES `b_user_index` WRITE;
/*!40000 ALTER TABLE `b_user_index` DISABLE KEYS */;
INSERT INTO `b_user_index` VALUES (1,'001 Антон Десин','','001 Антон Десин qrfva vgcrbcyr qrfva@vgcrbcyr.eh','Антон','Десин','','',''),(2,'002 Координатор','','002 Координатор qrfva vgcrbcyr qrfva@vgcrbcyr.eh pbbeq','Координатор','','','',''),(3,'003 Хостес','','003 Хостес qrfva vgcrbcyr qrfva@vgcrbcyr.eh ubfg','Хостес','','','',''),(4,'004 Администратор','','004 Администратор qrfva vgcrbcyr qrfva@vgcrbcyr.eh nqzva','Администратор','','','',''),(5,'005 Супервизор','','005 Супервизор nagba qrfva tznvy pbz nagba.qrfva@tznvy.pbz fhcre','Супервизор','','','','');
/*!40000 ALTER TABLE `b_user_index` ENABLE KEYS */;
UNLOCK TABLES;

--
-- Table structure for table `b_user_option`
--

DROP TABLE IF EXISTS `b_user_option`;
/*!40101 SET @saved_cs_client     = @@character_set_client */;
/*!40101 SET character_set_client = utf8 */;
CREATE TABLE `b_user_option` (
  `ID` int(11) NOT NULL AUTO_INCREMENT,
  `USER_ID` int(11) NOT NULL,
  `CATEGORY` varchar(50) COLLATE utf8_unicode_ci NOT NULL,
  `NAME` varchar(255) COLLATE utf8_unicode_ci NOT NULL,
  `VALUE` mediumtext COLLATE utf8_unicode_ci DEFAULT NULL,
  `COMMON` char(1) COLLATE utf8_unicode_ci NOT NULL DEFAULT 'N',
  PRIMARY KEY (`ID`),
  UNIQUE KEY `ux_user_category_name` (`USER_ID`,`CATEGORY`,`NAME`)
) ENGINE=InnoDB AUTO_INCREMENT=302 DEFAULT CHARSET=utf8 COLLATE=utf8_unicode_ci;
/*!40101 SET character_set_client = @saved_cs_client */;

--
-- Dumping data for table `b_user_option`
--

LOCK TABLES `b_user_option` WRITE;
/*!40000 ALTER TABLE `b_user_option` DISABLE KEYS */;
INSERT INTO `b_user_option` VALUES (1,0,'intranet','~gadgets_admin_index','a:1:{i:0;a:1:{s:7:\"GADGETS\";a:8:{s:20:\"ADMIN_INFO@333333333\";a:3:{s:6:\"COLUMN\";i:0;s:3:\"ROW\";i:0;s:4:\"HIDE\";s:1:\"N\";}s:19:\"HTML_AREA@444444444\";a:5:{s:6:\"COLUMN\";i:0;s:3:\"ROW\";i:1;s:4:\"HIDE\";s:1:\"N\";s:8:\"USERDATA\";a:1:{s:7:\"content\";s:797:\"<table class=\"bx-gadgets-info-site-table\" cellspacing=\"0\"><tr>	<td class=\"bx-gadget-gray\">Создатель сайта:</td>	<td>Группа компаний &laquo;1С-Битрикс&raquo;.</td>	<td class=\"bx-gadgets-info-site-logo\" rowspan=\"5\"><img src=\"/bitrix/components/bitrix/desktop/templates/admin/images/site_logo.png\"></td></tr><tr>	<td class=\"bx-gadget-gray\">Адрес сайта:</td>	<td><a href=\"http://www.1c-bitrix.ru\">www.1c-bitrix.ru</a></td></tr><tr>	<td class=\"bx-gadget-gray\">Сайт сдан:</td>	<td>12 декабря 2010 г.</td></tr><tr>	<td class=\"bx-gadget-gray\">Ответственное лицо:</td>	<td>Иван Иванов</td></tr><tr>	<td class=\"bx-gadget-gray\">E-mail:</td>	<td><a href=\"mailto:info@1c-bitrix.ru\">info@1c-bitrix.ru</a></td></tr></table>\";}s:8:\"SETTINGS\";a:1:{s:9:\"TITLE_STD\";s:34:\"Информация о сайте\";}}s:25:\"ADMIN_CHECKLIST@777888999\";a:3:{s:6:\"COLUMN\";i:0;s:3:\"ROW\";i:2;s:4:\"HIDE\";s:1:\"N\";}s:19:\"RSSREADER@777777777\";a:4:{s:6:\"COLUMN\";i:1;s:3:\"ROW\";i:3;s:4:\"HIDE\";s:1:\"N\";s:8:\"SETTINGS\";a:3:{s:9:\"TITLE_STD\";s:33:\"Новости 1С-Битрикс\";s:3:\"CNT\";i:10;s:7:\"RSS_URL\";s:45:\"https://www.1c-bitrix.ru/about/life/news/rss/\";}}s:24:\"ADMIN_SECURITY@555555555\";a:3:{s:6:\"COLUMN\";i:1;s:3:\"ROW\";i:0;s:4:\"HIDE\";s:1:\"N\";}s:25:\"ADMIN_SITESPEED@666666777\";a:3:{s:6:\"COLUMN\";i:1;s:3:\"ROW\";i:1;s:4:\"HIDE\";s:1:\"N\";}s:23:\"ADMIN_PERFMON@666666666\";a:3:{s:6:\"COLUMN\";i:1;s:3:\"ROW\";i:2;s:4:\"HIDE\";s:1:\"N\";}s:23:\"ADMIN_MARKETPALCE@22549\";a:3:{s:6:\"COLUMN\";i:1;s:3:\"ROW\";i:3;s:4:\"HIDE\";s:1:\"N\";}}}}','Y'),(2,1,'admin_panel','settings','a:3:{s:4:\"edit\";s:3:\"off\";s:9:\"collapsed\";s:2:\"on\";s:3:\"fix\";s:2:\"on\";}','N'),(3,1,'hot_keys','user_defined','b:1;','N'),(4,1,'favorite','favorite_menu','a:1:{s:5:\"stick\";s:1:\"N\";}','N'),(5,1,'socialservices','networkPopup','a:1:{s:9:\"showcount\";s:2:\"19\";}','N'),(8,1,'admin_menu','pos','a:1:{s:8:\"sections\";s:79:\"menu_iblock_/sale,menu_iblock_/lead,backup,menu_perfmon,menu_fileman,menu_users\";}','N'),(33,1,'main.interface.grid','tbl_iblock_admin_13edbe8b95261c3a88680818cace44a4','a:3:{s:5:\"views\";a:1:{s:7:\"default\";a:3:{s:7:\"columns\";s:0:\"\";s:13:\"columns_sizes\";a:2:{s:6:\"expand\";i:1;s:7:\"columns\";a:0:{}}s:15:\"sticked_columns\";a:0:{}}}s:7:\"filters\";a:0:{}s:12:\"current_view\";s:7:\"default\";}','N'),(39,1,'filter','tbl_model_filter_id','a:1:{s:4:\"rows\";s:1:\"0\";}','N'),(43,1,'main.interface.grid','tbl_iblock_element_9743a4aa1df123c8c2e45e76b92654a8','a:3:{s:5:\"views\";a:1:{s:7:\"default\";a:6:{s:7:\"columns\";s:173:\"ID,PROPERTY_15,PROPERTY_1,PROPERTY_2,PROPERTY_3,PROPERTY_4,PROPERTY_5,PROPERTY_14,PROPERTY_6,PROPERTY_7,PROPERTY_8,PROPERTY_9,PROPERTY_10,PROPERTY_11,PROPERTY_12,PROPERTY_13\";s:13:\"columns_sizes\";a:2:{s:6:\"expand\";i:1;s:7:\"columns\";a:0:{}}s:15:\"sticked_columns\";a:0:{}s:12:\"custom_names\";N;s:12:\"last_sort_by\";s:10:\"PROPERTY_3\";s:15:\"last_sort_order\";s:3:\"asc\";}}s:7:\"filters\";a:0:{}s:12:\"current_view\";s:7:\"default\";}','N'),(45,1,'html_editor','type_selector_PREVIEW_TEXT1','a:1:{s:4:\"type\";s:6:\"editor\";}','N'),(48,1,'filter','tbl_b_hlbd_requesttype_filter_id','a:1:{s:4:\"rows\";s:1:\"0\";}','N'),(49,1,'filter','tbl_lead_status_filter_id','a:1:{s:4:\"rows\";s:1:\"0\";}','N'),(50,1,'filter','tbl_request_type_filter_id','a:1:{s:4:\"rows\";s:1:\"0\";}','N'),(51,1,'filter','tbl_client_type_filter_id','a:1:{s:4:\"rows\";s:1:\"0\";}','N'),(52,1,'filter','tbl_testdrive_role_filter_id','a:1:{s:4:\"rows\";s:1:\"0\";}','N'),(54,1,'main.interface.grid','tbl_iblock_13edbe8b95261c3a88680818cace44a4','a:3:{s:5:\"views\";a:1:{s:7:\"default\";a:3:{s:7:\"columns\";s:0:\"\";s:13:\"columns_sizes\";a:2:{s:6:\"expand\";i:1;s:7:\"columns\";a:0:{}}s:15:\"sticked_columns\";a:0:{}}}s:7:\"filters\";a:0:{}s:12:\"current_view\";s:7:\"default\";}','N'),(57,1,'main.interface.grid','tbl_iblock_admin_e70b59714528d5798b1c8adaf0d0ed15','a:3:{s:5:\"views\";a:1:{s:7:\"default\";a:3:{s:7:\"columns\";s:0:\"\";s:13:\"columns_sizes\";a:2:{s:6:\"expand\";i:1;s:7:\"columns\";a:0:{}}s:15:\"sticked_columns\";a:0:{}}}s:7:\"filters\";a:0:{}s:12:\"current_view\";s:7:\"default\";}','N'),(60,1,'main.interface.grid','tbl_iblock_element_1d94f54e754dd8bd6012970a7ea8e64c','a:3:{s:5:\"views\";a:1:{s:7:\"default\";a:3:{s:7:\"columns\";s:0:\"\";s:13:\"columns_sizes\";a:2:{s:6:\"expand\";i:1;s:7:\"columns\";a:0:{}}s:15:\"sticked_columns\";a:0:{}}}s:7:\"filters\";a:0:{}s:12:\"current_view\";s:7:\"default\";}','N'),(61,1,'form','form_element_2','a:1:{s:4:\"tabs\";s:134:\"edit1--#--Элемент--,--ID--#--ID--,--ACTIVE--#--Активность--,--SORT--#--Сортировка--,--NAME--#--*Имя--;--\";}','N'),(62,0,'form','form_element_2','a:1:{s:4:\"tabs\";s:134:\"edit1--#--Элемент--,--ID--#--ID--,--ACTIVE--#--Активность--,--SORT--#--Сортировка--,--NAME--#--*Имя--;--\";}','Y'),(83,1,'filter','tbl_iblock_el_search03e8636da665c4ceb1aa8d5c4d354217_filter','a:1:{s:4:\"rows\";s:2:\"id\";}','N'),(85,1,'main.ui.filter','tbl_iblock_element_9743a4aa1df123c8c2e45e76b92654a8','a:6:{s:14:\"use_pin_preset\";b:1;s:15:\"deleted_presets\";a:0:{}s:15:\"default_presets\";a:0:{}s:7:\"default\";s:14:\"default_filter\";s:6:\"filter\";s:14:\"default_filter\";s:7:\"filters\";a:2:{s:14:\"default_filter\";a:3:{s:4:\"name\";s:12:\"Фильтр\";s:6:\"fields\";a:0:{}s:11:\"filter_rows\";s:15:\"NAME,PROPERTY_3\";}s:10:\"tmp_filter\";a:3:{s:4:\"name\";s:12:\"Фильтр\";s:6:\"fields\";a:8:{s:4:\"NAME\";s:0:\"\";s:18:\"PROPERTY_3_datesel\";s:4:\"NONE\";s:15:\"PROPERTY_3_from\";s:0:\"\";s:13:\"PROPERTY_3_to\";s:0:\"\";s:15:\"PROPERTY_3_days\";s:0:\"\";s:16:\"PROPERTY_3_month\";s:0:\"\";s:18:\"PROPERTY_3_quarter\";s:0:\"\";s:15:\"PROPERTY_3_year\";s:0:\"\";}s:11:\"filter_rows\";s:15:\"NAME,PROPERTY_3\";}}}','N'),(111,1,'list','tbl_model','a:4:{s:7:\"columns\";s:45:\"ID,UF_NAME,UF_XML_ID,UF_SORT,UF_CODE,UF_IMAGE\";s:2:\"by\";s:2:\"ID\";s:5:\"order\";s:3:\"asc\";s:9:\"page_size\";s:2:\"20\";}','N'),(112,0,'list','tbl_model','a:4:{s:7:\"columns\";s:45:\"ID,UF_NAME,UF_XML_ID,UF_SORT,UF_CODE,UF_IMAGE\";s:2:\"by\";s:2:\"ID\";s:5:\"order\";s:3:\"asc\";s:9:\"page_size\";s:2:\"20\";}','Y'),(116,1,'form','form_element_1','a:1:{s:4:\"tabs\";s:722:\"edit1--#--Элемент--,--ID--#--ID--,--DATE_CREATE--#--Создан--,--TIMESTAMP_X--#--Изменен--,--ACTIVE--#--Активность--,--NAME--#--*Название--,--PROPERTY_15--#--Статус--,--PROPERTY_1--#--Интерес к моделям--,--PROPERTY_2--#--Тест-драйв (модель)--,--PROPERTY_3--#--*Дата и время--,--PROPERTY_4--#--*Город--,--PROPERTY_5--#--Менеджер--,--PROPERTY_14--#--Пол--,--PROPERTY_6--#--*Фамилия--,--PROPERTY_7--#--*Имя--,--PROPERTY_8--#--Отчество--,--PROPERTY_9--#--*Телефон--,--PROPERTY_10--#--Email--,--PROPERTY_11--#--Вид тест-драйва--,--PROPERTY_12--#--Клиент--,--PROPERTY_13--#--Тип--;--\";}','N'),(117,0,'form','form_element_1','a:1:{s:4:\"tabs\";s:722:\"edit1--#--Элемент--,--ID--#--ID--,--DATE_CREATE--#--Создан--,--TIMESTAMP_X--#--Изменен--,--ACTIVE--#--Активность--,--NAME--#--*Название--,--PROPERTY_15--#--Статус--,--PROPERTY_1--#--Интерес к моделям--,--PROPERTY_2--#--Тест-драйв (модель)--,--PROPERTY_3--#--*Дата и время--,--PROPERTY_4--#--*Город--,--PROPERTY_5--#--Менеджер--,--PROPERTY_14--#--Пол--,--PROPERTY_6--#--*Фамилия--,--PROPERTY_7--#--*Имя--,--PROPERTY_8--#--Отчество--,--PROPERTY_9--#--*Телефон--,--PROPERTY_10--#--Email--,--PROPERTY_11--#--Вид тест-драйва--,--PROPERTY_12--#--Клиент--,--PROPERTY_13--#--Тип--;--\";}','Y'),(129,1,'main.interface.grid','tbl_user','a:3:{s:5:\"views\";a:1:{s:7:\"default\";a:3:{s:7:\"columns\";s:0:\"\";s:13:\"columns_sizes\";a:2:{s:6:\"expand\";i:1;s:7:\"columns\";a:0:{}}s:15:\"sticked_columns\";a:0:{}}}s:7:\"filters\";a:0:{}s:12:\"current_view\";s:7:\"default\";}','N'),(130,3,'hot_keys','user_defined','b:1;','N'),(134,1,'html_editor','user_settings_','a:2:{s:13:\"taskbar_shown\";s:1:\"1\";s:13:\"taskbar_width\";s:2:\"20\";}','N'),(171,2,'hot_keys','user_defined','b:1;','N'),(192,1,'fileman','code_editor','a:1:{s:5:\"theme\";s:5:\"light\";}','N'),(200,4,'hot_keys','user_defined','b:1;','N'),(201,4,'favorite','favorite_menu','a:1:{s:5:\"stick\";s:1:\"N\";}','N'),(202,4,'socialservices','networkPopup','a:2:{s:9:\"showcount\";s:1:\"5\";s:8:\"dontshow\";s:1:\"Y\";}','N'),(206,4,'admin_menu','pos','a:1:{s:8:\"sections\";s:100:\"menu_util,menu_fileman,ws_reducemigrations_menu,menu_iblock_/lead,menu_iblock_/reg_events,menu_users\";}','N'),(211,4,'main.interface.grid','tbl_iblock_32447fb50a603bb69539ba0a287a83c7','a:3:{s:5:\"views\";a:1:{s:7:\"default\";a:3:{s:7:\"columns\";s:0:\"\";s:13:\"columns_sizes\";a:2:{s:6:\"expand\";i:1;s:7:\"columns\";a:0:{}}s:15:\"sticked_columns\";a:0:{}}}s:7:\"filters\";a:0:{}s:12:\"current_view\";s:7:\"default\";}','N'),(216,4,'main.interface.grid','tbl_iblock_element_2a9bbcd1994600658e42cdf0fcc6277b','a:3:{s:5:\"views\";a:1:{s:7:\"default\";a:3:{s:7:\"columns\";s:0:\"\";s:13:\"columns_sizes\";a:2:{s:6:\"expand\";i:1;s:7:\"columns\";a:0:{}}s:15:\"sticked_columns\";a:0:{}}}s:7:\"filters\";a:0:{}s:12:\"current_view\";s:7:\"default\";}','N'),(222,4,'main.interface.grid','tbl_iblock_element_352e62fe6c203bc964c42abc1d4ba230','a:3:{s:5:\"views\";a:1:{s:7:\"default\";a:3:{s:7:\"columns\";s:0:\"\";s:13:\"columns_sizes\";a:2:{s:6:\"expand\";i:1;s:7:\"columns\";a:0:{}}s:15:\"sticked_columns\";a:0:{}}}s:7:\"filters\";a:0:{}s:12:\"current_view\";s:7:\"default\";}','N'),(224,4,'main.interface.grid','tbl_iblock_admin_32447fb50a603bb69539ba0a287a83c7','a:3:{s:5:\"views\";a:1:{s:7:\"default\";a:3:{s:7:\"columns\";s:0:\"\";s:13:\"columns_sizes\";a:2:{s:6:\"expand\";i:1;s:7:\"columns\";a:0:{}}s:15:\"sticked_columns\";a:0:{}}}s:7:\"filters\";a:0:{}s:12:\"current_view\";s:7:\"default\";}','N'),(236,4,'main.interface.grid','tbl_iblock_e70b59714528d5798b1c8adaf0d0ed15','a:3:{s:5:\"views\";a:1:{s:7:\"default\";a:3:{s:7:\"columns\";s:0:\"\";s:13:\"columns_sizes\";a:2:{s:6:\"expand\";i:1;s:7:\"columns\";a:0:{}}s:15:\"sticked_columns\";a:0:{}}}s:7:\"filters\";a:0:{}s:12:\"current_view\";s:7:\"default\";}','N'),(237,4,'main.interface.grid','tbl_iblock_element_1d94f54e754dd8bd6012970a7ea8e64c','a:3:{s:5:\"views\";a:1:{s:7:\"default\";a:3:{s:7:\"columns\";s:0:\"\";s:13:\"columns_sizes\";a:2:{s:6:\"expand\";i:1;s:7:\"columns\";a:0:{}}s:15:\"sticked_columns\";a:0:{}}}s:7:\"filters\";a:0:{}s:12:\"current_view\";s:7:\"default\";}','N'),(240,4,'main.interface.grid','tbl_iblock_element_9743a4aa1df123c8c2e45e76b92654a8','a:3:{s:5:\"views\";a:1:{s:7:\"default\";a:3:{s:7:\"columns\";s:0:\"\";s:13:\"columns_sizes\";a:2:{s:6:\"expand\";i:1;s:7:\"columns\";a:0:{}}s:15:\"sticked_columns\";a:0:{}}}s:7:\"filters\";a:0:{}s:12:\"current_view\";s:7:\"default\";}','N'),(244,4,'main.interface.grid','tbl_iblock_element_303791ff0ad186d26ee67635e85a7693','a:3:{s:5:\"views\";a:1:{s:7:\"default\";a:3:{s:7:\"columns\";s:0:\"\";s:13:\"columns_sizes\";a:2:{s:6:\"expand\";i:1;s:7:\"columns\";a:0:{}}s:15:\"sticked_columns\";a:0:{}}}s:7:\"filters\";a:0:{}s:12:\"current_view\";s:7:\"default\";}','N'),(246,4,'filter','tbl_iblock_el_search411ebaf25a244a06a3d327722871bff3_filter','a:1:{s:4:\"rows\";s:2:\"id\";}','N'),(253,4,'main.interface.grid','tbl_iblock_element_73f1013921da3aa436c259d4b1b81666','a:3:{s:5:\"views\";a:1:{s:7:\"default\";a:3:{s:7:\"columns\";s:0:\"\";s:13:\"columns_sizes\";a:2:{s:6:\"expand\";i:1;s:7:\"columns\";a:0:{}}s:15:\"sticked_columns\";a:0:{}}}s:7:\"filters\";a:0:{}s:12:\"current_view\";s:7:\"default\";}','N'),(258,4,'edit','admin_tabs','a:1:{s:10:\"fix_bottom\";s:2:\"on\";}','N'),(259,4,'edit','tabControl_8fb0db4f9d2e367f30fc091c1b096d08','a:1:{s:6:\"expand\";s:3:\"off\";}','N'),(264,4,'main.interface.grid','tbl_iblock_element_7fc803c9bf10879117d2ac5953d954af','a:3:{s:5:\"views\";a:1:{s:7:\"default\";a:3:{s:7:\"columns\";s:0:\"\";s:13:\"columns_sizes\";a:2:{s:6:\"expand\";i:1;s:7:\"columns\";a:0:{}}s:15:\"sticked_columns\";a:0:{}}}s:7:\"filters\";a:0:{}s:12:\"current_view\";s:7:\"default\";}','N'),(265,4,'filter','tbl_iblock_el_searchd5a7832c2858a785a60ce76baabcfce0_filter','a:1:{s:4:\"rows\";s:2:\"id\";}','N'),(269,4,'main.interface.grid','tbl_iblock_element_fc7c4574cb7c7cae40ea5a69767815bf','a:3:{s:5:\"views\";a:1:{s:7:\"default\";a:3:{s:7:\"columns\";s:0:\"\";s:13:\"columns_sizes\";a:2:{s:6:\"expand\";i:1;s:7:\"columns\";a:0:{}}s:15:\"sticked_columns\";a:0:{}}}s:7:\"filters\";a:0:{}s:12:\"current_view\";s:7:\"default\";}','N'),(270,4,'filter','tbl_iblock_el_search8c01d436aa1d928d6da640c060bc79f1_filter','a:1:{s:4:\"rows\";s:2:\"id\";}','N'),(285,4,'main.interface.grid','tbl_user','a:3:{s:5:\"views\";a:1:{s:7:\"default\";a:3:{s:7:\"columns\";s:0:\"\";s:13:\"columns_sizes\";a:2:{s:6:\"expand\";i:1;s:7:\"columns\";a:0:{}}s:15:\"sticked_columns\";a:0:{}}}s:7:\"filters\";a:0:{}s:12:\"current_view\";s:7:\"default\";}','N'),(291,5,'hot_keys','user_defined','b:1;','N'),(292,5,'favorite','favorite_menu','a:1:{s:5:\"stick\";s:1:\"N\";}','N'),(293,5,'socialservices','networkPopup','a:1:{s:9:\"showcount\";s:1:\"1\";}','N'),(296,5,'admin_menu','pos','a:1:{s:8:\"sections\";s:23:\"menu_iblock_/reg_events\";}','N'),(298,5,'main.interface.grid','tbl_iblock_element_fc7c4574cb7c7cae40ea5a69767815bf','a:3:{s:5:\"views\";a:1:{s:7:\"default\";a:3:{s:7:\"columns\";s:0:\"\";s:13:\"columns_sizes\";a:2:{s:6:\"expand\";i:1;s:7:\"columns\";a:0:{}}s:15:\"sticked_columns\";a:0:{}}}s:7:\"filters\";a:0:{}s:12:\"current_view\";s:7:\"default\";}','N');
/*!40000 ALTER TABLE `b_user_option` ENABLE KEYS */;
UNLOCK TABLES;

--
-- Table structure for table `b_user_profile_history`
--

DROP TABLE IF EXISTS `b_user_profile_history`;
/*!40101 SET @saved_cs_client     = @@character_set_client */;
/*!40101 SET character_set_client = utf8 */;
CREATE TABLE `b_user_profile_history` (
  `ID` int(11) NOT NULL AUTO_INCREMENT,
  `USER_ID` int(11) NOT NULL,
  `EVENT_TYPE` int(11) DEFAULT NULL,
  `DATE_INSERT` datetime DEFAULT NULL,
  `REMOTE_ADDR` varchar(40) COLLATE utf8_unicode_ci DEFAULT NULL,
  `USER_AGENT` text COLLATE utf8_unicode_ci DEFAULT NULL,
  `REQUEST_URI` text COLLATE utf8_unicode_ci DEFAULT NULL,
  `UPDATED_BY_ID` int(11) DEFAULT NULL,
  PRIMARY KEY (`ID`),
  KEY `ix_profile_history_user` (`USER_ID`)
) ENGINE=InnoDB DEFAULT CHARSET=utf8 COLLATE=utf8_unicode_ci;
/*!40101 SET character_set_client = @saved_cs_client */;

--
-- Dumping data for table `b_user_profile_history`
--

LOCK TABLES `b_user_profile_history` WRITE;
/*!40000 ALTER TABLE `b_user_profile_history` DISABLE KEYS */;
/*!40000 ALTER TABLE `b_user_profile_history` ENABLE KEYS */;
UNLOCK TABLES;

--
-- Table structure for table `b_user_profile_record`
--

DROP TABLE IF EXISTS `b_user_profile_record`;
/*!40101 SET @saved_cs_client     = @@character_set_client */;
/*!40101 SET character_set_client = utf8 */;
CREATE TABLE `b_user_profile_record` (
  `ID` int(11) NOT NULL AUTO_INCREMENT,
  `HISTORY_ID` int(11) NOT NULL,
  `FIELD` varchar(40) COLLATE utf8_unicode_ci DEFAULT NULL,
  `DATA` mediumtext COLLATE utf8_unicode_ci DEFAULT NULL,
  PRIMARY KEY (`ID`),
  KEY `ix_profile_record_history_field` (`HISTORY_ID`,`FIELD`)
) ENGINE=InnoDB DEFAULT CHARSET=utf8 COLLATE=utf8_unicode_ci;
/*!40101 SET character_set_client = @saved_cs_client */;

--
-- Dumping data for table `b_user_profile_record`
--

LOCK TABLES `b_user_profile_record` WRITE;
/*!40000 ALTER TABLE `b_user_profile_record` DISABLE KEYS */;
/*!40000 ALTER TABLE `b_user_profile_record` ENABLE KEYS */;
UNLOCK TABLES;

--
-- Table structure for table `b_user_stored_auth`
--

DROP TABLE IF EXISTS `b_user_stored_auth`;
/*!40101 SET @saved_cs_client     = @@character_set_client */;
/*!40101 SET character_set_client = utf8 */;
CREATE TABLE `b_user_stored_auth` (
  `ID` int(18) NOT NULL AUTO_INCREMENT,
  `USER_ID` int(18) NOT NULL,
  `DATE_REG` datetime NOT NULL,
  `LAST_AUTH` datetime NOT NULL,
  `STORED_HASH` varchar(32) COLLATE utf8_unicode_ci NOT NULL,
  `TEMP_HASH` char(1) COLLATE utf8_unicode_ci NOT NULL DEFAULT 'N',
  `IP_ADDR` int(10) unsigned NOT NULL,
  PRIMARY KEY (`ID`),
  KEY `ux_user_hash` (`USER_ID`)
) ENGINE=InnoDB AUTO_INCREMENT=17 DEFAULT CHARSET=utf8 COLLATE=utf8_unicode_ci;
/*!40101 SET character_set_client = @saved_cs_client */;

--
-- Dumping data for table `b_user_stored_auth`
--

LOCK TABLES `b_user_stored_auth` WRITE;
/*!40000 ALTER TABLE `b_user_stored_auth` DISABLE KEYS */;
INSERT INTO `b_user_stored_auth` VALUES (1,1,'2019-02-27 19:20:07','2019-02-27 19:20:07','92021d3d4422fdf183000e6b2cffa1eb','N',0);
/*!40000 ALTER TABLE `b_user_stored_auth` ENABLE KEYS */;
UNLOCK TABLES;

--
-- Table structure for table `b_utm_user`
--

DROP TABLE IF EXISTS `b_utm_user`;
/*!40101 SET @saved_cs_client     = @@character_set_client */;
/*!40101 SET character_set_client = utf8 */;
CREATE TABLE `b_utm_user` (
  `ID` int(11) NOT NULL AUTO_INCREMENT,
  `VALUE_ID` int(11) NOT NULL,
  `FIELD_ID` int(11) NOT NULL,
  `VALUE` mediumtext DEFAULT NULL,
  `VALUE_INT` int(11) DEFAULT NULL,
  `VALUE_DOUBLE` float DEFAULT NULL,
  `VALUE_DATE` datetime DEFAULT NULL,
  PRIMARY KEY (`ID`),
  KEY `ix_utm_USER_1` (`FIELD_ID`),
  KEY `ix_utm_USER_2` (`VALUE_ID`)
) ENGINE=InnoDB DEFAULT CHARSET=utf8;
/*!40101 SET character_set_client = @saved_cs_client */;

--
-- Dumping data for table `b_utm_user`
--

LOCK TABLES `b_utm_user` WRITE;
/*!40000 ALTER TABLE `b_utm_user` DISABLE KEYS */;
/*!40000 ALTER TABLE `b_utm_user` ENABLE KEYS */;
UNLOCK TABLES;

--
-- Table structure for table `b_uts_user`
--

DROP TABLE IF EXISTS `b_uts_user`;
/*!40101 SET @saved_cs_client     = @@character_set_client */;
/*!40101 SET character_set_client = utf8 */;
CREATE TABLE `b_uts_user` (
  `VALUE_ID` int(11) NOT NULL,
  `UF_DEALER_CENTER` int(18) DEFAULT NULL,
  PRIMARY KEY (`VALUE_ID`)
) ENGINE=InnoDB DEFAULT CHARSET=utf8;
/*!40101 SET character_set_client = @saved_cs_client */;

--
-- Dumping data for table `b_uts_user`
--

LOCK TABLES `b_uts_user` WRITE;
/*!40000 ALTER TABLE `b_uts_user` DISABLE KEYS */;
INSERT INTO `b_uts_user` VALUES (1,NULL),(2,2989),(3,NULL),(4,NULL),(5,NULL);
/*!40000 ALTER TABLE `b_uts_user` ENABLE KEYS */;
UNLOCK TABLES;

--
-- Table structure for table `client_type`
--

DROP TABLE IF EXISTS `client_type`;
/*!40101 SET @saved_cs_client     = @@character_set_client */;
/*!40101 SET character_set_client = utf8 */;
CREATE TABLE `client_type` (
  `ID` int(11) unsigned NOT NULL AUTO_INCREMENT,
  `UF_NAME` text COLLATE utf8_unicode_ci DEFAULT NULL,
  `UF_SORT` int(18) DEFAULT NULL,
  `UF_XML_ID` text COLLATE utf8_unicode_ci DEFAULT NULL,
  `UF_LINK` text COLLATE utf8_unicode_ci DEFAULT NULL,
  `UF_DESCRIPTION` text COLLATE utf8_unicode_ci DEFAULT NULL,
  `UF_FULL_DESCRIPTION` text COLLATE utf8_unicode_ci DEFAULT NULL,
  `UF_DEF` int(18) DEFAULT NULL,
  `UF_FILE` int(18) DEFAULT NULL,
  PRIMARY KEY (`ID`)
) ENGINE=InnoDB AUTO_INCREMENT=3 DEFAULT CHARSET=utf8 COLLATE=utf8_unicode_ci;
/*!40101 SET character_set_client = @saved_cs_client */;

--
-- Dumping data for table `client_type`
--

LOCK TABLES `client_type` WRITE;
/*!40000 ALTER TABLE `client_type` DISABLE KEYS */;
INSERT INTO `client_type` VALUES (1,'Горячий',100,'hot','','','',0,NULL),(2,'Холодный',100,'cold','','','',0,NULL);
/*!40000 ALTER TABLE `client_type` ENABLE KEYS */;
UNLOCK TABLES;

--
-- Table structure for table `lead_status`
--

DROP TABLE IF EXISTS `lead_status`;
/*!40101 SET @saved_cs_client     = @@character_set_client */;
/*!40101 SET character_set_client = utf8 */;
CREATE TABLE `lead_status` (
  `ID` int(11) unsigned NOT NULL AUTO_INCREMENT,
  `UF_NAME` text COLLATE utf8_unicode_ci DEFAULT NULL,
  `UF_SORT` int(18) DEFAULT NULL,
  `UF_XML_ID` text COLLATE utf8_unicode_ci DEFAULT NULL,
  `UF_LINK` text COLLATE utf8_unicode_ci DEFAULT NULL,
  `UF_DESCRIPTION` text COLLATE utf8_unicode_ci DEFAULT NULL,
  `UF_FULL_DESCRIPTION` text COLLATE utf8_unicode_ci DEFAULT NULL,
  `UF_DEF` int(18) DEFAULT NULL,
  `UF_FILE` int(18) DEFAULT NULL,
  PRIMARY KEY (`ID`)
) ENGINE=InnoDB AUTO_INCREMENT=5 DEFAULT CHARSET=utf8 COLLATE=utf8_unicode_ci;
/*!40101 SET character_set_client = @saved_cs_client */;

--
-- Dumping data for table `lead_status`
--

LOCK TABLES `lead_status` WRITE;
/*!40000 ALTER TABLE `lead_status` DISABLE KEYS */;
INSERT INTO `lead_status` VALUES (1,'Новый',100,'NEW','','','',0,0),(2,'Лид',100,'LEAD','','','',0,NULL),(3,'Завершено',100,'FINISHED','','','',0,NULL),(4,'Отказ',NULL,'REJECT','','','',0,0);
/*!40000 ALTER TABLE `lead_status` ENABLE KEYS */;
UNLOCK TABLES;

--
-- Table structure for table `model`
--

DROP TABLE IF EXISTS `model`;
/*!40101 SET @saved_cs_client     = @@character_set_client */;
/*!40101 SET character_set_client = utf8 */;
CREATE TABLE `model` (
  `ID` int(11) unsigned NOT NULL AUTO_INCREMENT,
  `UF_NAME` text COLLATE utf8_unicode_ci DEFAULT NULL,
  `UF_CODE` text COLLATE utf8_unicode_ci DEFAULT NULL,
  `UF_SORT` int(18) DEFAULT NULL,
  `UF_DESCRIPTION` text COLLATE utf8_unicode_ci DEFAULT NULL,
  `UF_FULL_DESCRIPTION` text COLLATE utf8_unicode_ci DEFAULT NULL,
  `UF_XML_ID` text COLLATE utf8_unicode_ci DEFAULT NULL,
  `UF_IMAGE` int(18) DEFAULT NULL,
  PRIMARY KEY (`ID`)
) ENGINE=InnoDB AUTO_INCREMENT=4 DEFAULT CHARSET=utf8 COLLATE=utf8_unicode_ci;
/*!40101 SET character_set_client = @saved_cs_client */;

--
-- Dumping data for table `model`
--

LOCK TABLES `model` WRITE;
/*!40000 ALTER TABLE `model` DISABLE KEYS */;
INSERT INTO `model` VALUES (1,'G70','G70',50,'','','G70',1),(2,'G80','G80',60,'','','G80',2),(3,'G90','G90',70,'','','G90',3);
/*!40000 ALTER TABLE `model` ENABLE KEYS */;
UNLOCK TABLES;

--
-- Table structure for table `request_type`
--

DROP TABLE IF EXISTS `request_type`;
/*!40101 SET @saved_cs_client     = @@character_set_client */;
/*!40101 SET character_set_client = utf8 */;
CREATE TABLE `request_type` (
  `ID` int(11) unsigned NOT NULL AUTO_INCREMENT,
  `UF_NAME` text COLLATE utf8_unicode_ci DEFAULT NULL,
  `UF_SORT` int(18) DEFAULT NULL,
  `UF_XML_ID` text COLLATE utf8_unicode_ci DEFAULT NULL,
  `UF_LINK` text COLLATE utf8_unicode_ci DEFAULT NULL,
  `UF_DESCRIPTION` text COLLATE utf8_unicode_ci DEFAULT NULL,
  `UF_FULL_DESCRIPTION` text COLLATE utf8_unicode_ci DEFAULT NULL,
  `UF_DEF` int(18) DEFAULT NULL,
  `UF_FILE` int(18) DEFAULT NULL,
  PRIMARY KEY (`ID`)
) ENGINE=InnoDB AUTO_INCREMENT=3 DEFAULT CHARSET=utf8 COLLATE=utf8_unicode_ci;
/*!40101 SET character_set_client = @saved_cs_client */;

--
-- Dumping data for table `request_type`
--

LOCK TABLES `request_type` WRITE;
/*!40000 ALTER TABLE `request_type` DISABLE KEYS */;
INSERT INTO `request_type` VALUES (1,'Осмотр авто',100,'pzcwouy3','','','',0,NULL),(2,'Тест-драйв',200,'i2lsTFfw','','','',0,NULL);
/*!40000 ALTER TABLE `request_type` ENABLE KEYS */;
UNLOCK TABLES;

--
-- Table structure for table `testdrive_role`
--

DROP TABLE IF EXISTS `testdrive_role`;
/*!40101 SET @saved_cs_client     = @@character_set_client */;
/*!40101 SET character_set_client = utf8 */;
CREATE TABLE `testdrive_role` (
  `ID` int(11) unsigned NOT NULL AUTO_INCREMENT,
  `UF_NAME` text COLLATE utf8_unicode_ci DEFAULT NULL,
  `UF_SORT` int(18) DEFAULT NULL,
  `UF_XML_ID` text COLLATE utf8_unicode_ci DEFAULT NULL,
  `UF_LINK` text COLLATE utf8_unicode_ci DEFAULT NULL,
  `UF_DESCRIPTION` text COLLATE utf8_unicode_ci DEFAULT NULL,
  `UF_FULL_DESCRIPTION` text COLLATE utf8_unicode_ci DEFAULT NULL,
  `UF_DEF` int(18) DEFAULT NULL,
  `UF_FILE` int(18) DEFAULT NULL,
  PRIMARY KEY (`ID`)
) ENGINE=InnoDB AUTO_INCREMENT=3 DEFAULT CHARSET=utf8 COLLATE=utf8_unicode_ci;
/*!40101 SET character_set_client = @saved_cs_client */;

--
-- Dumping data for table `testdrive_role`
--

LOCK TABLES `testdrive_role` WRITE;
/*!40000 ALTER TABLE `testdrive_role` DISABLE KEYS */;
INSERT INTO `testdrive_role` VALUES (1,'Водитель',100,'DRIVER','','','',0,NULL),(2,'Пассажир',200,'PASSENGER','','','',0,NULL);
/*!40000 ALTER TABLE `testdrive_role` ENABLE KEYS */;
UNLOCK TABLES;

--
-- Table structure for table `ws_reducemigrations_apply_changes_log`
--

DROP TABLE IF EXISTS `ws_reducemigrations_apply_changes_log`;
/*!40101 SET @saved_cs_client     = @@character_set_client */;
/*!40101 SET character_set_client = utf8 */;
CREATE TABLE `ws_reducemigrations_apply_changes_log` (
  `ID` int(11) NOT NULL AUTO_INCREMENT,
  `SETUP_LOG_ID` int(11) DEFAULT NULL,
  `GROUP_LABEL` varchar(128) COLLATE utf8_unicode_ci DEFAULT NULL,
  `HASH` varchar(50) COLLATE utf8_unicode_ci DEFAULT NULL,
  `DATE` datetime NOT NULL,
  `SUBJECT` varchar(128) COLLATE utf8_unicode_ci DEFAULT NULL,
  `UPDATE_DATA` mediumtext COLLATE utf8_unicode_ci NOT NULL,
  `STATUS` int(1) DEFAULT NULL,
  `DESCRIPTION` text COLLATE utf8_unicode_ci NOT NULL,
  PRIMARY KEY (`ID`)
) ENGINE=InnoDB AUTO_INCREMENT=9 DEFAULT CHARSET=utf8 COLLATE=utf8_unicode_ci;
/*!40101 SET character_set_client = @saved_cs_client */;

--
-- Dumping data for table `ws_reducemigrations_apply_changes_log`
--

LOCK TABLES `ws_reducemigrations_apply_changes_log` WRITE;
/*!40000 ALTER TABLE `ws_reducemigrations_apply_changes_log` DISABLE KEYS */;
INSERT INTO `ws_reducemigrations_apply_changes_log` VALUES (1,1,'ws_m_1572962416_dilery.php','6dd92cf7ba2d2e3cc89928ff54497971c9317b9f','2019-11-27 15:18:04','ws_m_1572962416_dilery','[]',1,'{\"name\":\"\\u0414\\u0438\\u043b\\u0435\\u0440\\u044b\",\"time\":0.6987330913543701}'),(2,1,'ws_m_1572962429_sobytiya.php','3988c6d4d7f002410a59ebe272be58649bb40b74','2019-11-27 15:18:05','ws_m_1572962429_sobytiya','[]',1,'{\"name\":\"\\u0421\\u043e\\u0431\\u044b\\u0442\\u0438\\u044f\",\"time\":1.3794779777526855}'),(3,1,'ws_m_1573464468_profile.php','f14c36766a09b8b9c68959502dc2f117dc674384','2019-11-27 15:18:06','ws_m_1573464468_profile','[]',1,'{\"name\":\"profile\",\"time\":2.3388121128082275}'),(8,6,'ws_m_1574946842_gosti.php','278980502be335662de7507fd50a58f832cb5bb1','2019-11-28 15:42:16','ws_m_1574946842_gosti','[]',1,'{\"name\":\"\\u0413\\u043e\\u0441\\u0442\\u0438\",\"time\":0.7509410381317139}');
/*!40000 ALTER TABLE `ws_reducemigrations_apply_changes_log` ENABLE KEYS */;
UNLOCK TABLES;

--
-- Table structure for table `ws_reducemigrations_setups_log`
--

DROP TABLE IF EXISTS `ws_reducemigrations_setups_log`;
/*!40101 SET @saved_cs_client     = @@character_set_client */;
/*!40101 SET character_set_client = utf8 */;
CREATE TABLE `ws_reducemigrations_setups_log` (
  `ID` int(11) NOT NULL AUTO_INCREMENT,
  `USER_ID` int(11) DEFAULT NULL,
  `DATE` datetime NOT NULL,
  PRIMARY KEY (`ID`)
) ENGINE=InnoDB AUTO_INCREMENT=7 DEFAULT CHARSET=utf8 COLLATE=utf8_unicode_ci;
/*!40101 SET character_set_client = @saved_cs_client */;

--
-- Dumping data for table `ws_reducemigrations_setups_log`
--

LOCK TABLES `ws_reducemigrations_setups_log` WRITE;
/*!40000 ALTER TABLE `ws_reducemigrations_setups_log` DISABLE KEYS */;
INSERT INTO `ws_reducemigrations_setups_log` VALUES (1,4,'2019-11-27 15:18:04'),(6,4,'2019-11-28 15:42:16');
/*!40000 ALTER TABLE `ws_reducemigrations_setups_log` ENABLE KEYS */;
UNLOCK TABLES;
/*!40103 SET TIME_ZONE=@OLD_TIME_ZONE */;

/*!40101 SET SQL_MODE=@OLD_SQL_MODE */;
/*!40014 SET FOREIGN_KEY_CHECKS=@OLD_FOREIGN_KEY_CHECKS */;
/*!40014 SET UNIQUE_CHECKS=@OLD_UNIQUE_CHECKS */;
/*!40101 SET CHARACTER_SET_CLIENT=@OLD_CHARACTER_SET_CLIENT */;
/*!40101 SET CHARACTER_SET_RESULTS=@OLD_CHARACTER_SET_RESULTS */;
/*!40101 SET COLLATION_CONNECTION=@OLD_COLLATION_CONNECTION */;
/*!40111 SET SQL_NOTES=@OLD_SQL_NOTES */;

-- Dump completed on 2020-01-10 17:54:24
